date,event,position_key,entry_price,exit_price,quantity,pnl,num_expired
2020-03-20,expiry,SPY_355C_20200320,0.125,0.0,4.0,-50.0,
2020-03-20,expiry,SPY_354C_20200320,0.165,0.0,4.0,-66.0,
2020-03-20,expiry,SPY_353C_20200320,0.20500000000000002,0.0,4.0,-82.0,
2020-03-20,expiry,SPY_352C_20200320,0.255,0.0,4.0,-102.0,
2020-03-20,expiry,SPY_351C_20200320,0.325,0.0,4.0,-130.0,
2020-03-20,expiry,SPY_350C_20200320,0.425,0.0,4.0,-170.0,
2020-03-20,expiry,SPY_349C_20200320,0.545,0.0,2.0,-109.00000000000001,
2020-03-20,expiry,Daily Expiry PnL,,,,-709.0,7.0
2020-04-03,expiry,SPY_328C_20200403,1.7775,0.0,8.0,-1422.0,
2020-04-03,expiry,SPY_327C_20200403,1.96,0.0,4.0,-784.0,
2020-04-03,expiry,Daily Expiry PnL,,,,-2206.0,2.0
2020-05-13,expiry,SPY_262P_20200513,7.119999999999999,0.0,-4.0,2847.9999999999995,
2020-05-13,expiry,SPY_263P_20200513,7.380000000000001,0.0,-4.0,2952.0000000000005,
2020-05-13,expiry,Daily Expiry PnL,,,,5800.0,2.0
2020-05-15,expiry,SPY_264P_20200515,7.234999999999999,0.0,-4.0,2894.0,
2020-05-15,expiry,SPY_265P_20200515,7.495,0.0,-4.0,2998.0,
2020-05-15,expiry,Daily Expiry PnL,,,,5892.0,2.0
2020-05-20,expiry,SPY_268P_20200520,8.17,0.0,-4.0,3268.0,
2020-05-20,expiry,SPY_269P_20200520,8.440000000000001,0.0,-4.0,3376.0000000000005,
2020-05-20,expiry,SPY_270P_20200520,8.71,0.0,-4.0,3484.0000000000005,
2020-05-20,expiry,SPY_271P_20200520,8.995000000000001,0.0,-4.0,3598.0000000000005,
2020-05-20,expiry,SPY_272P_20200520,9.285,0.0,-4.0,3714.0,
2020-05-20,expiry,SPY_273P_20200520,9.59,0.0,-4.0,3836.0,
2020-05-20,expiry,Daily Expiry PnL,,,,21276.0,6.0
2020-05-22,expiry,SPY_266P_20200522,7.71,0.0,-3.0,2313.0,
2020-05-22,expiry,Daily Expiry PnL,,,,2313.0,1.0
2020-06-03,expiry,SPY_270P_20200603,6.08,0.0,-1.0,608.0,
2020-06-03,expiry,Daily Expiry PnL,,,,608.0,1.0
2020-06-05,expiry,SPY_271P_20200605,5.895,0.0,-1.0,589.5,
2020-06-05,expiry,Daily Expiry PnL,,,,589.5,1.0
2020-06-12,expiry,SPY_268P_20200612,5.915,0.0,-4.0,2366.0,
2020-06-12,expiry,SPY_269P_20200612,6.155,0.0,-4.0,2462.0,
2020-06-12,expiry,Daily Expiry PnL,,,,4828.0,2.0
2020-06-26,expiry,SPY_289P_20200626,4.210000000000001,0.0,-4.0,1684.0000000000005,
2020-06-26,expiry,SPY_290P_20200626,4.41,0.0,-4.0,1764.0,
2020-06-26,expiry,SPY_291P_20200626,4.609999999999999,0.0,-4.0,1843.9999999999998,
2020-06-26,expiry,Daily Expiry PnL,,,,5292.0,3.0
2020-07-01,expiry,SPY_291P_20200701,4.42,0.0,-4.0,1768.0,
2020-07-01,expiry,SPY_292P_20200701,4.625,0.0,-4.0,1850.0,
2020-07-01,expiry,SPY_293P_20200701,4.84,0.0,-4.0,1936.0,
2020-07-01,expiry,SPY_294P_20200701,5.0649999999999995,0.0,-4.0,2025.9999999999998,
2020-07-01,expiry,Daily Expiry PnL,,,,7580.0,4.0
2020-07-02,expiry,SPY_293P_20200702,4.09,0.0,-4.0,1636.0,
2020-07-02,expiry,SPY_294P_20200702,4.279999999999999,0.0,-1.0,427.99999999999994,
2020-07-02,expiry,Daily Expiry PnL,,,,2064.0,2.0
2020-07-15,expiry,SPY_292P_20200715,5.745,0.0,-4.0,2298.0,
2020-07-15,expiry,SPY_293P_20200715,5.975,0.0,-4.0,2390.0,
2020-07-15,expiry,Daily Expiry PnL,,,,4688.0,2.0
2020-07-24,expiry,SPY_289P_20200724,5.34,0.0,-1.0,534.0,
2020-07-24,expiry,Daily Expiry PnL,,,,534.0,1.0
2020-07-29,expiry,SPY_290P_20200729,4.875,0.0,-4.0,1950.0,
2020-07-29,expiry,SPY_291P_20200729,5.095,0.0,-4.0,2038.0,
2020-07-29,expiry,Daily Expiry PnL,,,,3988.0,2.0
2020-08-05,expiry,SPY_302P_20200805,4.050000000000001,0.0,-4.0,1620.0000000000002,
2020-08-05,expiry,SPY_303P_20200805,4.234999999999999,0.0,-4.0,1693.9999999999998,
2020-08-05,expiry,Daily Expiry PnL,,,,3314.0,2.0
2020-08-07,expiry,SPY_301P_20200807,4.234999999999999,0.0,-4.0,1693.9999999999998,
2020-08-07,expiry,SPY_302P_20200807,4.42,0.0,-4.0,1768.0,
2020-08-07,expiry,SPY_303P_20200807,4.615,0.0,-4.0,1846.0,
2020-08-07,expiry,SPY_304P_20200807,4.824999999999999,0.0,-4.0,1929.9999999999998,
2020-08-07,expiry,Daily Expiry PnL,,,,7238.0,4.0
2020-08-12,expiry,SPY_300P_20200812,5.175,0.0,-1.0,517.5,
2020-08-12,expiry,Daily Expiry PnL,,,,517.5,1.0
2020-08-14,expiry,SPY_306P_20200814,4.105,0.0,-4.0,1642.0000000000002,
2020-08-14,expiry,SPY_307P_20200814,4.295,0.0,-3.0,1288.5,
2020-08-14,expiry,Daily Expiry PnL,,,,2930.5,2.0
2020-08-21,expiry,SPY_311P_20200821,3.325,0.0,-1.0,332.5,
2020-08-21,expiry,Daily Expiry PnL,,,,332.5,1.0
2020-08-26,expiry,SPY_308P_20200826,3.44,0.0,-1.0,344.0,
2020-08-26,expiry,Daily Expiry PnL,,,,344.0,1.0
2020-08-28,expiry,SPY_309P_20200828,3.165,0.0,-4.0,1266.0,
2020-08-28,expiry,SPY_310P_20200828,3.32,0.0,-3.0,995.9999999999999,
2020-08-28,expiry,Daily Expiry PnL,,,,2262.0,2.0
2020-09-04,expiry,SPY_316P_20200904,3.0949999999999998,0.0,-4.0,1238.0,
2020-09-04,expiry,SPY_317P_20200904,3.25,0.0,-4.0,1300.0,
2020-09-04,expiry,Daily Expiry PnL,,,,2538.0,2.0
2020-09-09,expiry,SPY_319P_20200909,2.78,0.0,-4.0,1112.0,
2020-09-09,expiry,SPY_320P_20200909,2.92,0.0,-4.0,1168.0,
2020-09-09,expiry,SPY_321P_20200909,3.065,0.0,-4.0,1226.0,
2020-09-09,expiry,SPY_322P_20200909,3.22,0.0,-3.0,966.0,
2020-09-09,expiry,Daily Expiry PnL,,,,4472.0,4.0
2020-09-11,expiry,SPY_321P_20200911,2.9699999999999998,0.0,-1.0,297.0,
2020-09-11,expiry,Daily Expiry PnL,,,,297.0,1.0
2020-09-16,expiry,SPY_322P_20200916,2.76,0.0,-4.0,1104.0,
2020-09-16,expiry,SPY_323P_20200916,2.895,0.0,-3.0,868.5,
2020-09-16,expiry,Daily Expiry PnL,,,,1972.5,2.0
2020-10-21,expiry,SPY_315P_20201021,4.93,0.0,-4.0,1972.0,
2020-10-21,expiry,Daily Expiry PnL,,,,1972.0,1.0
2020-10-23,expiry,SPY_307P_20201023,4.355,0.0,-4.0,1742.0000000000002,
2020-10-23,expiry,SPY_308P_20201023,4.57,0.0,-4.0,1828.0,
2020-10-23,expiry,SPY_309P_20201023,4.79,0.0,-4.0,1916.0,
2020-10-23,expiry,SPY_310P_20201023,5.025,0.0,-4.0,2010.0000000000002,
2020-10-23,expiry,SPY_311P_20201023,5.27,0.0,-4.0,2108.0,
2020-10-23,expiry,SPY_312P_20201023,5.525,0.0,-4.0,2210.0,
2020-10-23,expiry,SPY_313P_20201023,5.785,0.0,-4.0,2314.0,
2020-10-23,expiry,SPY_314P_20201023,6.0649999999999995,0.0,-1.0,606.5,
2020-10-23,expiry,Daily Expiry PnL,,,,14734.5,8.0
2020-11-04,expiry,SPY_325P_20201104,5.255,0.0,-4.0,2102.0,
2020-11-04,expiry,Daily Expiry PnL,,,,2102.0,1.0
2020-11-06,expiry,SPY_324P_20201106,4.890000000000001,0.0,-4.0,1956.0000000000002,
2020-11-06,expiry,Daily Expiry PnL,,,,1956.0000000000002,1.0
2020-11-18,expiry,SPY_325P_20201118,5.015000000000001,0.0,-1.0,501.50000000000006,
2020-11-18,expiry,Daily Expiry PnL,,,,501.50000000000006,1.0
2020-11-20,expiry,SPY_326P_20201120,4.960000000000001,0.0,-4.0,1984.0000000000005,
2020-11-20,expiry,Daily Expiry PnL,,,,1984.0000000000005,1.0
2020-11-25,expiry,SPY_325P_20201125,6.57,0.0,-4.0,2628.0,
2020-11-25,expiry,SPY_330P_20201125,7.915,0.0,-4.0,3166.0,
2020-11-25,expiry,Daily Expiry PnL,,,,5794.0,2.0
2020-11-27,expiry,SPY_315P_20201127,9.005,0.0,-4.0,3602.0000000000005,
2020-11-27,expiry,SPY_318P_20201127,9.77,0.0,-4.0,3908.0,
2020-11-27,expiry,Daily Expiry PnL,,,,7510.0,2.0
2020-12-02,expiry,SPY_314P_20201202,6.880000000000001,0.0,-4.0,2752.0000000000005,
2020-12-02,expiry,SPY_315P_20201202,7.130000000000001,0.0,-4.0,2852.0000000000005,
2020-12-02,expiry,SPY_316P_20201202,7.385000000000001,0.0,-3.0,2215.5,
2020-12-02,expiry,Daily Expiry PnL,,,,7819.500000000001,3.0
2020-12-04,expiry,SPY_327P_20201204,5.03,0.0,-4.0,2012.0,
2020-12-04,expiry,Daily Expiry PnL,,,,2012.0,1.0
2020-12-11,expiry,SPY_339P_20201211,3.28,0.0,-4.0,1312.0,
2020-12-11,expiry,SPY_340P_20201211,3.425,0.0,-1.0,342.5,
2020-12-11,expiry,Daily Expiry PnL,,,,1654.5,2.0
2020-12-18,expiry,SPY_339P_20201218,3.84,0.0,-2.0,768.0,
2020-12-18,expiry,Daily Expiry PnL,,,,768.0,1.0
2020-12-23,expiry,SPY_340P_20201223,3.455,0.0,-3.0,1036.5,
2020-12-23,expiry,Daily Expiry PnL,,,,1036.5,1.0
2020-12-30,expiry,SPY_345P_20201230,2.85,0.0,-4.0,1140.0,
2020-12-30,expiry,SPY_350P_20201230,3.705,0.0,-4.0,1482.0,
2020-12-30,expiry,Daily Expiry PnL,,,,2622.0,2.0
2020-12-31,expiry,SPY_348P_20201231,2.93,0.0,-4.0,1172.0,
2020-12-31,expiry,SPY_349P_20201231,3.08,0.0,-3.0,924.0,
2020-12-31,expiry,Daily Expiry PnL,,,,2096.0,2.0
2021-01-06,expiry,SPY_355P_20210106,3.8449999999999998,0.0,-4.0,1538.0,
2021-01-06,expiry,SPY_360P_20210106,4.92,0.0,-4.0,1968.0,
2021-01-06,expiry,Daily Expiry PnL,,,,3506.0,2.0
2021-01-08,expiry,SPY_349P_20210108,3.4299999999999997,0.0,-4.0,1372.0,
2021-01-08,expiry,SPY_350P_20210108,3.5949999999999998,0.0,-2.0,719.0,
2021-01-08,expiry,Daily Expiry PnL,,,,2091.0,2.0
2021-01-13,expiry,SPY_350P_20210113,4.5,0.0,-4.0,1800.0,
2021-01-13,expiry,SPY_355P_20210113,5.58,0.0,-1.0,558.0,
2021-01-13,expiry,Daily Expiry PnL,,,,2358.0,2.0
2021-01-20,expiry,SPY_350P_20210120,3.76,0.0,-2.0,752.0,
2021-01-20,expiry,Daily Expiry PnL,,,,752.0,1.0
2021-01-22,expiry,SPY_350P_20210122,3.47,0.0,-3.0,1041.0,
2021-01-22,expiry,Daily Expiry PnL,,,,1041.0,1.0
2021-01-29,expiry,SPY_354P_20210129,3.34,0.0,-4.0,1336.0,
2021-01-29,expiry,SPY_355P_20210129,3.49,0.0,-4.0,1396.0,
2021-01-29,expiry,Daily Expiry PnL,,,,2732.0,2.0
2021-02-03,expiry,SPY_355P_20210203,5.105,0.0,-4.0,2042.0000000000002,
2021-02-03,expiry,SPY_358P_20210203,5.760000000000001,0.0,-3.0,1728.0,
2021-02-03,expiry,Daily Expiry PnL,,,,3770.0,2.0
2021-02-05,expiry,SPY_355P_20210205,3.7800000000000002,0.0,-4.0,1512.0,
2021-02-05,expiry,SPY_356P_20210205,3.94,0.0,-4.0,1576.0,
2021-02-05,expiry,Daily Expiry PnL,,,,3088.0,2.0
2021-02-10,expiry,SPY_360P_20210210,3.675,0.0,-4.0,1470.0,
2021-02-10,expiry,SPY_362P_20210210,3.9850000000000003,0.0,-2.0,797.0000000000001,
2021-02-10,expiry,Daily Expiry PnL,,,,2267.0,2.0
2021-02-12,expiry,SPY_361P_20210212,3.22,0.0,-4.0,1288.0,
2021-02-12,expiry,SPY_362P_20210212,3.36,0.0,-1.0,336.0,
2021-02-12,expiry,Daily Expiry PnL,,,,1624.0,2.0
2021-02-19,expiry,SPY_365P_20210219,3.0599999999999996,0.0,-2.0,611.9999999999999,
2021-02-19,expiry,Daily Expiry PnL,,,,611.9999999999999,1.0
2021-02-24,expiry,SPY_370P_20210224,4.1,0.0,-3.0,1230.0,
2021-02-24,expiry,Daily Expiry PnL,,,,1230.0,1.0
2021-03-03,expiry,SPY_358P_20210303,5.54,0.0,-4.0,2216.0,
2021-03-03,expiry,SPY_359P_20210303,5.73,0.0,-3.0,1719.0000000000002,
2021-03-03,expiry,Daily Expiry PnL,,,,3935.0,2.0
2021-03-05,expiry,SPY_364P_20210305,3.485,0.0,-4.0,1394.0,
2021-03-05,expiry,SPY_365P_20210305,3.635,0.0,-4.0,1454.0,
2021-03-05,expiry,Daily Expiry PnL,,,,2848.0,2.0
2021-03-10,expiry,SPY_375P_20210310,3.54,0.0,-4.0,1416.0,
2021-03-10,expiry,SPY_378P_20210310,4.025,0.0,-3.0,1207.5,
2021-03-10,expiry,Daily Expiry PnL,,,,2623.5,2.0
2021-03-12,expiry,SPY_371P_20210312,3.245,0.0,-4.0,1298.0,
2021-03-12,expiry,SPY_372P_20210312,3.385,0.0,-2.0,677.0,
2021-03-12,expiry,Daily Expiry PnL,,,,1975.0,2.0
2021-03-19,expiry,SPY_373P_20210319,3.3499999999999996,0.0,-4.0,1339.9999999999998,
2021-03-19,expiry,SPY_374P_20210319,3.4850000000000003,0.0,-1.0,348.50000000000006,
2021-03-19,expiry,Daily Expiry PnL,,,,1688.4999999999998,2.0
2021-03-24,expiry,SPY_370P_20210324,4.23,0.0,-2.0,846.0000000000001,
2021-03-24,expiry,Daily Expiry PnL,,,,846.0000000000001,1.0
2021-03-26,expiry,SPY_372P_20210326,3.2550000000000003,0.0,-3.0,976.5,
2021-03-26,expiry,Daily Expiry PnL,,,,976.5,1.0
2021-04-07,expiry,SPY_365P_20210407,4.5600000000000005,0.0,-4.0,1824.0000000000002,
2021-04-07,expiry,Daily Expiry PnL,,,,1824.0000000000002,1.0
2021-04-09,expiry,SPY_371P_20210409,3.535,0.0,-4.0,1414.0,
2021-04-09,expiry,SPY_372P_20210409,3.755,0.0,-4.0,1502.0,
2021-04-09,expiry,SPY_374P_20210409,3.995,0.0,-4.0,1598.0,
2021-04-09,expiry,SPY_375P_20210409,4.165,0.0,-4.0,1666.0,
2021-04-09,expiry,SPY_376P_20210409,4.345000000000001,0.0,-2.0,869.0000000000001,
2021-04-09,expiry,Daily Expiry PnL,,,,7049.0,5.0
2021-04-16,expiry,SPY_417C_20210416,0.635,0.260009765625,4.0,-149.99609375,
2021-04-16,expiry,SPY_416C_20210416,0.725,1.260009765625,4.0,214.00390625,
2021-04-16,expiry,Daily Expiry PnL,,,,64.0078125,2.0
2021-04-21,expiry,SPY_375P_20210421,2.51,0.0,-4.0,1003.9999999999999,
2021-04-21,expiry,Daily Expiry PnL,,,,1003.9999999999999,1.0
2021-04-23,expiry,SPY_370P_20210423,3.13,0.0,-2.0,626.0,
2021-04-23,expiry,SPY_371P_20210423,3.28,0.0,-2.0,656.0,
2021-04-23,expiry,SPY_372P_20210423,3.43,0.0,-2.0,686.0,
2021-04-23,expiry,Daily Expiry PnL,,,,1968.0,3.0
2021-04-28,expiry,SPY_380P_20210428,3.2649999999999997,0.0,-4.0,1305.9999999999998,
2021-04-28,expiry,Daily Expiry PnL,,,,1305.9999999999998,1.0
2021-04-30,expiry,SPY_377P_20210430,2.635,0.0,-2.0,527.0,
2021-04-30,expiry,Daily Expiry PnL,,,,527.0,1.0
2021-05-07,expiry,SPY_387P_20210507,2.0549999999999997,0.0,-4.0,821.9999999999999,
2021-05-07,expiry,SPY_425C_20210507,0.67,0.0,4.0,-268.0,
2021-05-07,expiry,SPY_422C_20210507,0.94,0.0,4.0,-376.0,
2021-05-07,expiry,Daily Expiry PnL,,,,177.9999999999999,3.0
2021-05-12,expiry,SPY_392P_20210512,2.07,0.0,-4.0,827.9999999999999,
2021-05-12,expiry,SPY_393P_20210512,2.18,0.0,-4.0,872.0000000000001,
2021-05-12,expiry,SPY_432C_20210512,0.505,0.0,4.0,-202.0,
2021-05-12,expiry,SPY_431C_20210512,0.575,0.0,4.0,-229.99999999999997,
2021-05-12,expiry,SPY_430C_20210512,0.6599999999999999,0.0,2.0,-131.99999999999997,
2021-05-12,expiry,Daily Expiry PnL,,,,1136.0,5.0
2021-05-14,expiry,SPY_391P_20210514,2.03,0.0,-4.0,811.9999999999999,
2021-05-14,expiry,SPY_392P_20210514,2.13,0.0,-4.0,852.0,
2021-05-14,expiry,Daily Expiry PnL,,,,1664.0,2.0
2021-05-19,expiry,SPY_395P_20210519,2.2199999999999998,0.0,-1.0,221.99999999999997,
2021-05-19,expiry,SPY_432C_20210519,0.75,0.0,4.0,-300.0,
2021-05-19,expiry,SPY_430C_20210519,1.025,0.0,2.0,-204.99999999999997,
2021-05-19,expiry,Daily Expiry PnL,,,,-283.0,3.0
2021-05-21,expiry,SPY_396P_20210521,2.435,0.0,-4.0,974.0,
2021-05-21,expiry,Daily Expiry PnL,,,,974.0,1.0
2021-05-26,expiry,SPY_438C_20210526,0.42000000000000004,0.0,4.0,-168.00000000000003,
2021-05-26,expiry,SPY_434C_20210526,0.8,0.0,4.0,-320.0,
2021-05-26,expiry,Daily Expiry PnL,,,,-488.0,2.0
2021-05-28,expiry,SPY_397P_20210528,2.335,0.0,-4.0,934.0,
2021-05-28,expiry,SPY_398P_20210528,2.3899999999999997,0.0,-2.0,477.99999999999994,
2021-05-28,expiry,Daily Expiry PnL,,,,1412.0,2.0
2021-06-02,expiry,SPY_400P_20210602,2.75,0.0,-4.0,1100.0,
2021-06-02,expiry,Daily Expiry PnL,,,,1100.0,1.0
2021-06-04,expiry,SPY_395P_20210604,2.745,0.0,-1.0,274.5,
2021-06-04,expiry,Daily Expiry PnL,,,,274.5,1.0
2021-06-09,expiry,SPY_400P_20210609,3.21,0.0,-4.0,1284.0,
2021-06-09,expiry,SPY_435C_20210609,0.845,0.0,2.0,-169.0,
2021-06-09,expiry,Daily Expiry PnL,,,,1115.0,2.0
2021-06-11,expiry,SPY_386P_20210611,5.16,0.0,-4.0,2064.0,
2021-06-11,expiry,SPY_387P_20210611,5.35,0.0,-4.0,2140.0,
2021-06-11,expiry,Daily Expiry PnL,,,,4204.0,2.0
2021-06-16,expiry,SPY_395P_20210616,2.91,0.0,-4.0,1164.0,
2021-06-16,expiry,SPY_434C_20210616,0.6799999999999999,0.0,4.0,-272.0,
2021-06-16,expiry,SPY_433C_20210616,0.81,0.0,4.0,-324.0,
2021-06-16,expiry,Daily Expiry PnL,,,,568.0,3.0
2021-06-18,expiry,SPY_391P_20210618,3.9000000000000004,0.0,-4.0,1560.0000000000002,
2021-06-18,expiry,SPY_392P_20210618,4.0600000000000005,0.0,-1.0,406.00000000000006,
2021-06-18,expiry,SPY_431C_20210618,0.605,0.0,4.0,-242.0,
2021-06-18,expiry,SPY_430C_20210618,0.715,0.0,2.0,-143.0,
2021-06-18,expiry,Daily Expiry PnL,,,,1581.0000000000002,4.0
2021-06-23,expiry,SPY_399P_20210623,2.66,0.0,-4.0,1064.0,
2021-06-23,expiry,SPY_438C_20210623,0.44,0.0,2.0,-88.0,
2021-06-23,expiry,Daily Expiry PnL,,,,976.0,2.0
2021-06-25,expiry,SPY_440C_20210625,0.215,0.0,4.0,-86.0,
2021-06-25,expiry,SPY_439C_20210625,0.25,0.0,2.0,-50.0,
2021-06-25,expiry,Daily Expiry PnL,,,,-136.0,2.0
2021-07-02,expiry,SPY_400P_20210702,2.415,0.0,-4.0,966.0,
2021-07-02,expiry,SPY_401P_20210702,2.525,0.0,-4.0,1010.0,
2021-07-02,expiry,Daily Expiry PnL,,,,1976.0,2.0
2021-07-07,expiry,SPY_442C_20210707,0.21000000000000002,0.0,4.0,-84.00000000000001,
2021-07-07,expiry,SPY_441C_20210707,0.25,0.0,2.0,-50.0,
2021-07-07,expiry,Daily Expiry PnL,,,,-134.0,2.0
2021-07-09,expiry,SPY_401P_20210709,2.455,0.0,-4.0,982.0,
2021-07-09,expiry,SPY_402P_20210709,2.5599999999999996,0.0,-2.0,511.99999999999994,
2021-07-09,expiry,Daily Expiry PnL,,,,1494.0,2.0
2021-07-14,expiry,SPY_405P_20210714,2.04,0.0,-4.0,816.0,
2021-07-14,expiry,SPY_406P_20210714,2.14,0.0,-2.0,428.0,
2021-07-14,expiry,Daily Expiry PnL,,,,1244.0,2.0
2021-07-16,expiry,SPY_402P_20210716,2.6,0.0,-4.0,1040.0,
2021-07-16,expiry,SPY_403P_20210716,2.72,0.0,-3.0,816.0,
2021-07-16,expiry,Daily Expiry PnL,,,,1856.0,2.0
2021-07-21,expiry,SPY_400P_20210721,2.225,0.0,-4.0,890.0,
2021-07-21,expiry,SPY_440C_20210721,0.305,0.0,4.0,-122.0,
2021-07-21,expiry,Daily Expiry PnL,,,,768.0,2.0
2021-07-23,expiry,SPY_442C_20210723,0.22166666666666668,0.0,6.0,-133.0,
2021-07-23,expiry,SPY_443C_20210723,0.20500000000000002,0.0,4.0,-82.0,
2021-07-23,expiry,Daily Expiry PnL,,,,-215.0,2.0
2021-07-28,expiry,SPY_446C_20210728,0.225,0.0,4.0,-90.0,
2021-07-28,expiry,SPY_445C_20210728,0.265,0.0,4.0,-106.0,
2021-07-28,expiry,SPY_444C_20210728,0.32,0.0,2.0,-64.0,
2021-07-28,expiry,Daily Expiry PnL,,,,-260.0,3.0
2021-07-30,expiry,SPY_407P_20210730,1.85,0.0,-4.0,740.0,
2021-07-30,expiry,Daily Expiry PnL,,,,740.0,1.0
2021-08-06,expiry,SPY_413P_20210806,1.98,0.0,-4.0,792.0,
2021-08-06,expiry,SPY_414P_20210806,2.0700000000000003,0.0,-4.0,828.0000000000001,
2021-08-06,expiry,SPY_456C_20210806,0.20500000000000002,0.0,2.0,-41.0,
2021-08-06,expiry,Daily Expiry PnL,,,,1579.0,3.0
2021-08-11,expiry,SPY_416P_20210811,1.99,0.0,-4.0,796.0,
2021-08-11,expiry,SPY_458C_20210811,0.2,0.0,4.0,-80.0,
2021-08-11,expiry,SPY_456C_20210811,0.275,0.0,2.0,-55.00000000000001,
2021-08-11,expiry,Daily Expiry PnL,,,,661.0,3.0
2021-08-13,expiry,SPY_415P_20210813,2.1399999999999997,0.0,-4.0,855.9999999999999,
2021-08-13,expiry,SPY_416P_20210813,2.24,0.0,-4.0,896.0000000000001,
2021-08-13,expiry,Daily Expiry PnL,,,,1752.0,2.0
2021-08-18,expiry,SPY_404P_20210818,3.67,0.0,-4.0,1468.0,
2021-08-18,expiry,SPY_405P_20210818,3.815,0.0,-3.0,1144.5,
2021-08-18,expiry,Daily Expiry PnL,,,,2612.5,2.0
2021-08-20,expiry,SPY_413P_20210820,2.51,0.0,-4.0,1003.9999999999999,
2021-08-20,expiry,SPY_456C_20210820,0.215,0.0,4.0,-86.0,
2021-08-20,expiry,Daily Expiry PnL,,,,917.9999999999999,2.0
2021-08-25,expiry,SPY_460C_20210825,0.365,0.0,4.0,-146.0,
2021-08-25,expiry,SPY_458C_20210825,0.515,0.0,4.0,-206.0,
2021-08-25,expiry,Daily Expiry PnL,,,,-352.0,2.0
2021-08-27,expiry,SPY_460C_20210827,0.245,0.0,4.0,-98.0,
2021-08-27,expiry,SPY_459C_20210827,0.29000000000000004,0.0,4.0,-116.00000000000001,
2021-08-27,expiry,SPY_458C_20210827,0.345,0.0,2.0,-69.0,
2021-08-27,expiry,Daily Expiry PnL,,,,-283.0,3.0
2021-09-01,expiry,SPY_416P_20210901,2.9050000000000002,0.0,-4.0,1162.0,
2021-09-01,expiry,SPY_458C_20210901,0.35,0.0,2.0,-70.0,
2021-09-01,expiry,Daily Expiry PnL,,,,1092.0,2.0
2021-09-03,expiry,SPY_460C_20210903,0.26,0.0,2.0,-52.0,
2021-09-03,expiry,Daily Expiry PnL,,,,-52.0,1.0
2021-09-08,expiry,SPY_422P_20210908,2.32,0.0,-4.0,927.9999999999999,
2021-09-08,expiry,SPY_463C_20210908,0.2,0.0,2.0,-40.0,
2021-09-08,expiry,Daily Expiry PnL,,,,887.9999999999999,2.0
2021-09-10,expiry,SPY_422P_20210910,2.1550000000000002,0.0,-4.0,862.0000000000001,
2021-09-10,expiry,SPY_423P_20210910,2.245,0.0,-4.0,898.0,
2021-09-10,expiry,Daily Expiry PnL,,,,1760.0,2.0
2021-09-15,expiry,SPY_425P_20210915,2.0300000000000002,0.0,-4.0,812.0000000000001,
2021-09-15,expiry,SPY_426P_20210915,2.115,0.0,-4.0,846.0000000000001,
2021-09-15,expiry,Daily Expiry PnL,,,,1658.0000000000002,2.0
2021-09-17,expiry,SPY_418P_20210917,3.925,0.0,-4.0,1570.0,
2021-09-17,expiry,SPY_419P_20210917,4.0649999999999995,0.0,-3.0,1219.4999999999998,
2021-09-17,expiry,Daily Expiry PnL,,,,2789.5,2.0
2021-09-22,expiry,SPY_425P_20210922,2.4,0.0,-3.0,719.9999999999999,
2021-09-22,expiry,SPY_465C_20210922,0.28,0.0,4.0,-112.00000000000001,
2021-09-22,expiry,Daily Expiry PnL,,,,607.9999999999999,2.0
2021-09-24,expiry,SPY_471C_20210924,0.10500000000000001,0.0,4.0,-42.00000000000001,
2021-09-24,expiry,SPY_470C_20210924,0.125,0.0,4.0,-50.0,
2021-09-24,expiry,Daily Expiry PnL,,,,-92.0,2.0
2021-09-29,expiry,SPY_465C_20210929,0.615,0.0,4.0,-246.0,
2021-09-29,expiry,SPY_460C_20210929,1.565,0.0,4.0,-626.0,
2021-09-29,expiry,Daily Expiry PnL,,,,-872.0,2.0
2021-09-30,expiry,SPY_429P_20210930,2.2300000000000004,0.0,-1.0,223.00000000000006,
2021-09-30,expiry,SPY_474C_20210930,0.11499999999999999,0.0,4.0,-46.0,
2021-09-30,expiry,Daily Expiry PnL,,,,177.00000000000006,2.0
2021-10-01,expiry,SPY_430P_20211001,2.24,0.0,-3.0,672.0000000000001,
2021-10-01,expiry,SPY_474C_20211001,0.11499999999999999,0.0,2.0,-23.0,
2021-10-01,expiry,Daily Expiry PnL,,,,649.0000000000001,2.0
2021-10-08,expiry,SPY_429P_20211008,2.76,0.0,-4.0,1104.0,
2021-10-08,expiry,SPY_473C_20211008,0.135,0.0,4.0,-54.0,
2021-10-08,expiry,Daily Expiry PnL,,,,1050.0,2.0
2021-10-13,expiry,SPY_425P_20211013,3.145,0.0,-4.0,1258.0,
2021-10-13,expiry,SPY_426P_20211013,3.255,0.0,-4.0,1302.0,
2021-10-13,expiry,Daily Expiry PnL,,,,2560.0,2.0
2021-10-15,expiry,SPY_426P_20211015,2.84,0.0,-4.0,1136.0,
2021-10-15,expiry,SPY_427P_20211015,2.955,0.0,-4.0,1182.0,
2021-10-15,expiry,Daily Expiry PnL,,,,2318.0,2.0
2021-10-20,expiry,SPY_414P_20211020,5.28,0.0,-4.0,2112.0,
2021-10-20,expiry,SPY_415P_20211020,5.46,0.0,-4.0,2184.0,
2021-10-20,expiry,Daily Expiry PnL,,,,4296.0,2.0
2021-10-22,expiry,SPY_416P_20211022,3.415,0.0,-2.0,683.0,
2021-10-22,expiry,SPY_459C_20211022,0.48,0.0,4.0,-192.0,
2021-10-22,expiry,SPY_458C_20211022,0.5700000000000001,0.0,2.0,-114.00000000000001,
2021-10-22,expiry,Daily Expiry PnL,,,,377.0,3.0
2021-10-27,expiry,SPY_422P_20211027,2.99,0.0,-1.0,299.0,
2021-10-27,expiry,SPY_463C_20211027,0.33499999999999996,0.0,4.0,-134.0,
2021-10-27,expiry,Daily Expiry PnL,,,,165.0,2.0
2021-11-03,expiry,SPY_408P_20211103,4.23,0.0,-4.0,1692.0000000000002,
2021-11-03,expiry,Daily Expiry PnL,,,,1692.0000000000002,1.0
2021-11-10,expiry,SPY_414P_20211110,3.435,0.0,-4.0,1374.0,
2021-11-10,expiry,Daily Expiry PnL,,,,1374.0,1.0
2021-11-12,expiry,SPY_414P_20211112,2.9450000000000003,0.0,-4.0,1178.0,
2021-11-12,expiry,SPY_415P_20211112,3.085,0.0,-4.0,1234.0,
2021-11-12,expiry,SPY_416P_20211112,3.2350000000000003,0.0,-1.0,323.50000000000006,
2021-11-12,expiry,Daily Expiry PnL,,,,2735.5,3.0
2021-11-17,expiry,SPY_425P_20211117,2.1550000000000002,0.0,-4.0,862.0000000000001,
2021-11-17,expiry,SPY_426P_20211117,2.245,0.0,-4.0,898.0,
2021-11-17,expiry,Daily Expiry PnL,,,,1760.0,2.0
2021-11-19,expiry,SPY_430P_20211119,2.0700000000000003,0.0,-4.0,828.0000000000001,
2021-11-19,expiry,SPY_431P_20211119,2.16,0.0,-3.0,648.0,
2021-11-19,expiry,Daily Expiry PnL,,,,1476.0,2.0
2021-11-24,expiry,SPY_433P_20211124,2.0,0.0,-2.0,400.0,
2021-11-24,expiry,SPY_474C_20211124,0.33,0.0,4.0,-132.0,
2021-11-24,expiry,SPY_473C_20211124,0.4,0.0,4.0,-160.0,
2021-11-24,expiry,SPY_472C_20211124,0.485,0.0,4.0,-194.0,
2021-11-24,expiry,SPY_471C_20211124,0.59,0.0,4.0,-236.0,
2021-11-24,expiry,Daily Expiry PnL,,,,-322.0,5.0
2021-11-26,expiry,SPY_432P_20211126,2.505,0.0,-1.0,250.5,
2021-11-26,expiry,SPY_476C_20211126,0.195,0.0,4.0,-78.0,
2021-11-26,expiry,SPY_475C_20211126,0.235,0.0,4.0,-94.0,
2021-11-26,expiry,SPY_474C_20211126,0.29000000000000004,0.0,2.0,-58.00000000000001,
2021-11-26,expiry,Daily Expiry PnL,,,,20.499999999999993,4.0
2021-12-01,expiry,SPY_482C_20211201,0.2,0.0,4.0,-80.0,
2021-12-01,expiry,Daily Expiry PnL,,,,-80.0,1.0
2021-12-03,expiry,SPY_488C_20211203,0.165,0.0,4.0,-66.0,
2021-12-03,expiry,Daily Expiry PnL,,,,-66.0,1.0
2021-12-08,expiry,SPY_446P_20211208,2.325,0.0,-2.0,465.00000000000006,
2021-12-08,expiry,Daily Expiry PnL,,,,465.00000000000006,1.0
2021-12-10,expiry,SPY_441P_20211210,2.9299999999999997,0.0,-2.0,586.0,
2021-12-10,expiry,Daily Expiry PnL,,,,586.0,1.0
2021-12-15,expiry,SPY_445P_20211215,2.295,0.0,-4.0,918.0,
2021-12-15,expiry,SPY_446P_20211215,2.395,0.0,-2.0,479.0,
2021-12-15,expiry,Daily Expiry PnL,,,,1397.0,2.0
2021-12-17,expiry,SPY_445P_20211217,2.705,0.0,-4.0,1082.0,
2021-12-17,expiry,SPY_446P_20211217,2.825,0.0,-2.0,565.0,
2021-12-17,expiry,Daily Expiry PnL,,,,1647.0,2.0
2021-12-22,expiry,SPY_445P_20211222,3.17,0.0,-4.0,1268.0,
2021-12-22,expiry,SPY_446P_20211222,3.29,0.0,-2.0,658.0,
2021-12-22,expiry,Daily Expiry PnL,,,,1926.0,2.0
2021-12-23,expiry,SPY_445P_20211223,3.295,0.0,-2.0,659.0,
2021-12-23,expiry,Daily Expiry PnL,,,,659.0,1.0
2021-12-29,expiry,SPY_445P_20211229,4.64,0.0,-4.0,1855.9999999999998,
2021-12-29,expiry,SPY_450P_20211229,5.52,0.0,-4.0,2208.0,
2021-12-29,expiry,SPY_486C_20211229,0.635,0.0,4.0,-254.0,
2021-12-29,expiry,SPY_485C_20211229,0.735,0.0,4.0,-294.0,
2021-12-29,expiry,Daily Expiry PnL,,,,3516.0,4.0
2021-12-31,expiry,SPY_428P_20211231,6.529999999999999,0.0,-1.0,652.9999999999999,
2021-12-31,expiry,Daily Expiry PnL,,,,652.9999999999999,1.0
2022-01-07,expiry,SPY_447P_20220107,3.3449999999999998,0.0,-2.0,669.0,
2022-01-07,expiry,SPY_492C_20220107,0.55,0.0,4.0,-220.00000000000003,
2022-01-07,expiry,SPY_491C_20220107,0.625,0.0,4.0,-250.0,
2022-01-07,expiry,SPY_490C_20220107,0.705,0.0,2.0,-141.0,
2022-01-07,expiry,Daily Expiry PnL,,,,58.0,4.0
2022-01-12,expiry,SPY_445P_20220112,3.66,0.0,-2.0,732.0,
2022-01-12,expiry,SPY_488C_20220112,0.63,0.0,4.0,-252.0,
2022-01-12,expiry,Daily Expiry PnL,,,,480.0,2.0
2022-01-14,expiry,SPY_448P_20220114,3.3699999999999997,0.0,-6.0,2022.0,
2022-01-14,expiry,Daily Expiry PnL,,,,2022.0,1.0
2022-01-19,expiry,SPY_435P_20220119,4.449999999999999,0.0,-4.0,1779.9999999999998,
2022-01-19,expiry,SPY_440P_20220119,5.390000000000001,0.0,-2.0,1078.0,
2022-01-19,expiry,Daily Expiry PnL,,,,2858.0,2.0
2022-01-21,expiry,SPY_445P_20220121,2.96,7.019989013671875,-4.0,-1623.99560546875,
2022-01-21,expiry,SPY_446P_20220121,3.08,8.019989013671875,-2.0,-987.997802734375,
2022-01-21,expiry,SPY_491C_20220121,0.54,0.0,4.0,-216.0,
2022-01-21,expiry,Daily Expiry PnL,,,,-2827.993408203125,3.0
2022-01-26,expiry,SPY_500C_20220126,0.51,0.0,4.0,-204.0,
2022-01-26,expiry,Daily Expiry PnL,,,,-204.0,1.0
2022-01-28,expiry,SPY_501C_20220128,0.385,0.0,2.0,-77.0,
2022-01-28,expiry,Daily Expiry PnL,,,,-77.0,1.0
2022-02-02,expiry,SPY_500C_20220202,0.315,0.0,4.0,-126.0,
2022-02-02,expiry,Daily Expiry PnL,,,,-126.0,1.0
2022-02-04,expiry,SPY_491C_20220204,0.49,0.0,2.0,-98.0,
2022-02-04,expiry,Daily Expiry PnL,,,,-98.0,1.0
2022-02-09,expiry,SPY_487C_20220209,0.5449999999999999,0.0,4.0,-217.99999999999997,
2022-02-09,expiry,SPY_486C_20220209,0.635,0.0,2.0,-127.0,
2022-02-09,expiry,Daily Expiry PnL,,,,-345.0,2.0
2022-02-11,expiry,SPY_494C_20220211,0.405,0.0,4.0,-162.0,
2022-02-11,expiry,Daily Expiry PnL,,,,-162.0,1.0
2022-02-18,expiry,SPY_430P_20220218,4.615,0.0,-4.0,1846.0,
2022-02-18,expiry,SPY_431P_20220218,4.795,0.0,-4.0,1918.0,
2022-02-18,expiry,SPY_432P_20220218,4.984999999999999,0.0,-4.0,1993.9999999999998,
2022-02-18,expiry,SPY_433P_20220218,5.175000000000001,0.0,-2.0,1035.0000000000002,
2022-02-18,expiry,Daily Expiry PnL,,,,6793.0,4.0
2022-02-23,expiry,SPY_420P_20220223,6.715,0.0,-4.0,2686.0,
2022-02-23,expiry,SPY_425P_20220223,7.880000000000001,3.04998779296875,-4.0,1932.0048828125005,
2022-02-23,expiry,Daily Expiry PnL,,,,4618.0048828125,2.0
2022-02-25,expiry,SPY_412P_20220225,7.26,0.0,-4.0,2904.0,
2022-02-25,expiry,SPY_414P_20220225,7.720000000000001,0.0,-4.0,3088.0000000000005,
2022-02-25,expiry,SPY_415P_20220225,7.949999999999999,0.0,-4.0,3179.9999999999995,
2022-02-25,expiry,SPY_416P_20220225,8.195,0.0,-1.0,819.5,
2022-02-25,expiry,Daily Expiry PnL,,,,9991.5,4.0
2022-03-11,expiry,SPY_480C_20220311,0.8200000000000001,0.0,4.0,-328.0,
2022-03-11,expiry,SPY_479C_20220311,0.935,0.0,4.0,-374.0,
2022-03-11,expiry,SPY_478C_20220311,1.0550000000000002,0.0,4.0,-422.00000000000006,
2022-03-11,expiry,SPY_477C_20220311,1.205,0.0,4.0,-482.0,
2022-03-11,expiry,Daily Expiry PnL,,,,-1606.0,4.0
2022-03-25,expiry,SPY_402P_20220325,7.16,0.0,-4.0,2864.0,
2022-03-25,expiry,SPY_404P_20220325,7.66,0.0,-4.0,3064.0,
2022-03-25,expiry,SPY_405P_20220325,7.92,0.0,-4.0,3168.0,
2022-03-25,expiry,SPY_406P_20220325,8.185,0.0,-4.0,3274.0,
2022-03-25,expiry,Daily Expiry PnL,,,,12370.0,4.0
2022-03-30,expiry,SPY_415P_20220330,6.5600000000000005,0.0,-4.0,2624.0,
2022-03-30,expiry,SPY_416P_20220330,6.775,0.0,-4.0,2710.0,
2022-03-30,expiry,Daily Expiry PnL,,,,5334.0,2.0
2022-03-31,expiry,SPY_409P_20220331,7.595,0.0,-4.0,3038.0,
2022-03-31,expiry,SPY_410P_20220331,7.825,0.0,-1.0,782.5,
2022-03-31,expiry,Daily Expiry PnL,,,,3820.5,2.0
2022-04-06,expiry,SPY_400P_20220406,8.885000000000002,0.0,-1.0,888.5000000000001,
2022-04-06,expiry,Daily Expiry PnL,,,,888.5000000000001,1.0
2022-04-13,expiry,SPY_398P_20220413,7.220000000000001,0.0,-4.0,2888.0000000000005,
2022-04-13,expiry,Daily Expiry PnL,,,,2888.0000000000005,1.0
2022-04-14,expiry,SPY_405P_20220414,6.824999999999999,0.0,-3.0,2047.4999999999998,
2022-04-14,expiry,Daily Expiry PnL,,,,2047.4999999999998,1.0
2022-04-27,expiry,SPY_478C_20220427,0.645,0.0,4.0,-258.0,
2022-04-27,expiry,SPY_477C_20220427,0.745,0.0,4.0,-298.0,
2022-04-27,expiry,SPY_476C_20220427,0.865,0.0,4.0,-346.0,
2022-04-27,expiry,SPY_475C_20220427,0.995,0.0,4.0,-398.0,
2022-04-27,expiry,SPY_474C_20220427,1.155,0.0,4.0,-462.0,
2022-04-27,expiry,SPY_473C_20220427,1.32,0.0,4.0,-528.0,
2022-04-27,expiry,Daily Expiry PnL,,,,-2290.0,6.0
2022-04-29,expiry,SPY_480C_20220429,0.89,0.0,4.0,-356.0,
2022-04-29,expiry,SPY_478C_20220429,1.1549999999999998,0.0,4.0,-461.99999999999994,
2022-04-29,expiry,SPY_476C_20220429,1.495,0.0,4.0,-598.0,
2022-04-29,expiry,SPY_475C_20220429,1.6949999999999998,0.0,4.0,-677.9999999999999,
2022-04-29,expiry,Daily Expiry PnL,,,,-2094.0,4.0
2022-05-04,expiry,SPY_479C_20220504,0.535,0.0,4.0,-214.0,
2022-05-04,expiry,SPY_478C_20220504,0.62,0.0,4.0,-248.0,
2022-05-04,expiry,SPY_477C_20220504,0.72,0.0,4.0,-288.0,
2022-05-04,expiry,Daily Expiry PnL,,,,-750.0,3.0
2022-05-06,expiry,SPY_468C_20220506,0.915,0.0,4.0,-366.0,
2022-05-06,expiry,SPY_467C_20220506,1.07,0.0,4.0,-428.0,
2022-05-06,expiry,Daily Expiry PnL,,,,-794.0,2.0
2022-05-13,expiry,SPY_465C_20220513,0.955,0.0,4.0,-382.0,
2022-05-13,expiry,Daily Expiry PnL,,,,-382.0,1.0
2022-06-03,expiry,SPY_450C_20220603,2.0300000000000002,0.0,4.0,-812.0000000000001,
2022-06-03,expiry,SPY_449C_20220603,2.255,0.0,4.0,-902.0,
2022-06-03,expiry,SPY_448C_20220603,2.5575,0.0,8.0,-2046.0,
2022-06-03,expiry,SPY_447C_20220603,2.75,0.0,4.0,-1100.0,
2022-06-03,expiry,SPY_446C_20220603,3.0300000000000002,0.0,4.0,-1212.0,
2022-06-03,expiry,Daily Expiry PnL,,,,-6072.0,5.0
2022-08-19,expiry,SPY_376P_20220819,4.26,0.0,-4.0,1704.0,
2022-08-19,expiry,Daily Expiry PnL,,,,1704.0,1.0
2022-08-24,expiry,SPY_376P_20220824,3.515,0.0,-4.0,1406.0,
2022-08-24,expiry,SPY_377P_20220824,3.705,0.0,-4.0,1482.0,
2022-08-24,expiry,SPY_378P_20220824,3.895,0.0,-4.0,1558.0,
2022-08-24,expiry,SPY_379P_20220824,4.09,0.0,-4.0,1636.0,
2022-08-24,expiry,SPY_380P_20220824,4.295,0.0,-4.0,1718.0,
2022-08-24,expiry,SPY_381P_20220824,4.515000000000001,0.0,-4.0,1806.0000000000002,
2022-08-24,expiry,SPY_382P_20220824,4.74,0.0,-4.0,1896.0,
2022-08-24,expiry,Daily Expiry PnL,,,,11502.0,7.0
2022-08-31,expiry,SPY_391P_20220831,3.665,0.0,-4.0,1466.0,
2022-08-31,expiry,SPY_392P_20220831,3.835,0.0,-4.0,1534.0,
2022-08-31,expiry,SPY_393P_20220831,4.02,0.0,-2.0,803.9999999999999,
2022-08-31,expiry,Daily Expiry PnL,,,,3804.0,3.0
2022-12-16,expiry,SPY_376P_20221216,3.92,0.0,-2.0,784.0,
2022-12-16,expiry,SPY_377P_20221216,4.12,0.0,-2.0,824.0,
2022-12-16,expiry,SPY_378P_20221216,4.335,0.0,-2.0,867.0,
2022-12-16,expiry,SPY_379P_20221216,4.5600000000000005,0.0,-2.0,912.0000000000001,
2022-12-16,expiry,SPY_380P_20221216,4.795,0.0,-2.0,959.0,
2022-12-16,expiry,SPY_381P_20221216,5.045,0.0,-2.0,1009.0,
2022-12-16,expiry,Daily Expiry PnL,,,,5355.0,6.0
2023-01-27,expiry,SPY_358P_20230127,2.795,0.0,-2.0,559.0,
2023-01-27,expiry,SPY_360P_20230127,3.1799999999999997,0.0,-2.0,636.0,
2023-01-27,expiry,SPY_361P_20230127,3.4050000000000002,0.0,-2.0,681.0,
2023-01-27,expiry,SPY_362P_20230127,3.635,0.0,-2.0,727.0,
2023-01-27,expiry,SPY_363P_20230127,3.87,0.0,-2.0,774.0,
2023-01-27,expiry,SPY_364P_20230127,4.119999999999999,0.0,-2.0,823.9999999999999,
2023-01-27,expiry,SPY_365P_20230127,4.385,0.0,-2.0,877.0,
2023-01-27,expiry,SPY_366P_20230127,4.654999999999999,0.0,-2.0,930.9999999999999,
2023-01-27,expiry,SPY_367P_20230127,4.945,0.0,-2.0,989.0,
2023-01-27,expiry,SPY_368P_20230127,5.244999999999999,0.0,-2.0,1048.9999999999998,
2023-01-27,expiry,Daily Expiry PnL,,,,8047.0,10.0
2023-02-10,expiry,SPY_376P_20230210,2.75,0.0,-2.0,550.0,
2023-02-10,expiry,SPY_377P_20230210,2.935,0.0,-2.0,587.0,
2023-02-10,expiry,SPY_378P_20230210,3.13,0.0,-2.0,626.0,
2023-02-10,expiry,SPY_379P_20230210,3.33,0.0,-2.0,666.0,
2023-02-10,expiry,SPY_380P_20230210,3.5549999999999997,0.0,-2.0,711.0,
2023-02-10,expiry,Daily Expiry PnL,,,,3140.0,5.0
2023-02-17,expiry,SPY_372P_20230217,2.5549999999999997,0.0,-2.0,510.99999999999994,
2023-02-17,expiry,SPY_373P_20230217,2.71,0.0,-2.0,542.0,
2023-02-17,expiry,SPY_374P_20230217,2.89,0.0,-2.0,578.0,
2023-02-17,expiry,SPY_375P_20230217,3.075,0.0,-2.0,615.0,
2023-02-17,expiry,SPY_376P_20230217,3.2649999999999997,0.0,-2.0,652.9999999999999,
2023-02-17,expiry,Daily Expiry PnL,,,,2899.0,5.0
2023-03-03,expiry,SPY_391P_20230303,2.005,0.0,-2.0,401.0,
2023-03-03,expiry,Daily Expiry PnL,,,,401.0,1.0
2023-03-10,expiry,SPY_391P_20230310,2.64,5.089996337890625,-2.0,-489.999267578125,
2023-03-10,expiry,SPY_392P_20230310,2.835,6.089996337890625,-4.0,-1301.99853515625,
2023-03-10,expiry,SPY_393P_20230310,2.955,7.089996337890625,-2.0,-826.999267578125,
2023-03-10,expiry,SPY_394P_20230310,3.125,8.089996337890625,-2.0,-992.999267578125,
2023-03-10,expiry,Daily Expiry PnL,,,,-3611.996337890625,4.0
2023-03-24,expiry,SPY_379P_20230324,3.59,0.0,-2.0,718.0,
2023-03-24,expiry,SPY_380P_20230324,3.785,0.0,-2.0,757.0,
2023-03-24,expiry,SPY_381P_20230324,3.985,0.0,-2.0,797.0,
2023-03-24,expiry,SPY_382P_20230324,4.195,0.0,-2.0,839.0,
2023-03-24,expiry,SPY_383P_20230324,4.415,0.0,-1.0,441.5,
2023-03-24,expiry,Daily Expiry PnL,,,,3552.5,5.0
2023-03-31,expiry,SPY_376P_20230331,3.0999999999999996,0.0,-2.0,619.9999999999999,
2023-03-31,expiry,SPY_377P_20230331,3.3,0.0,-2.0,660.0,
2023-03-31,expiry,SPY_378P_20230331,3.51,0.0,-2.0,702.0,
2023-03-31,expiry,SPY_379P_20230331,3.7300000000000004,0.0,-2.0,746.0000000000001,
2023-03-31,expiry,SPY_380P_20230331,3.96,0.0,-2.0,792.0,
2023-03-31,expiry,Daily Expiry PnL,,,,3520.0,5.0
2023-04-06,expiry,SPY_379P_20230406,2.705,0.0,-2.0,541.0,
2023-04-06,expiry,Daily Expiry PnL,,,,541.0,1.0
2023-04-14,expiry,SPY_370P_20230414,4.605,0.0,-2.0,921.0000000000001,
2023-04-14,expiry,SPY_371P_20230414,4.8149999999999995,0.0,-2.0,962.9999999999999,
2023-04-14,expiry,SPY_372P_20230414,5.025,0.0,-2.0,1005.0000000000001,
2023-04-14,expiry,SPY_373P_20230414,5.245,0.0,-2.0,1049.0,
2023-04-14,expiry,SPY_374P_20230414,5.475,0.0,-2.0,1095.0,
2023-04-14,expiry,SPY_375P_20230414,5.715,0.0,-2.0,1143.0,
2023-04-14,expiry,SPY_376P_20230414,5.96,0.0,-2.0,1192.0,
2023-04-14,expiry,SPY_377P_20230414,6.22,0.0,-2.0,1244.0,
2023-04-14,expiry,Daily Expiry PnL,,,,8612.0,8.0
2023-04-21,expiry,SPY_373P_20230421,3.285,0.0,-2.0,657.0,
2023-04-21,expiry,Daily Expiry PnL,,,,657.0,1.0
2023-04-28,expiry,SPY_382P_20230428,2.5,0.0,-2.0,500.0,
2023-04-28,expiry,SPY_383P_20230428,2.6500000000000004,0.0,-2.0,530.0000000000001,
2023-04-28,expiry,SPY_384P_20230428,2.8099999999999996,0.0,-2.0,561.9999999999999,
2023-04-28,expiry,Daily Expiry PnL,,,,1592.0,3.0
2023-05-05,expiry,SPY_388P_20230505,2.4699999999999998,0.0,-4.0,987.9999999999999,
2023-05-05,expiry,SPY_389P_20230505,2.66,0.0,-2.0,532.0,
2023-05-05,expiry,SPY_390P_20230505,2.815,0.0,-2.0,563.0,
2023-05-05,expiry,SPY_391P_20230505,2.9800000000000004,0.0,-2.0,596.0000000000001,
2023-05-05,expiry,Daily Expiry PnL,,,,2679.0,4.0
2023-05-12,expiry,SPY_388P_20230512,2.4699999999999998,0.0,-2.0,493.99999999999994,
2023-05-12,expiry,SPY_389P_20230512,2.6100000000000003,0.0,-2.0,522.0000000000001,
2023-05-12,expiry,SPY_390P_20230512,2.7649999999999997,0.0,-2.0,552.9999999999999,
2023-05-12,expiry,SPY_391P_20230512,2.925,0.0,-2.0,585.0,
2023-05-12,expiry,Daily Expiry PnL,,,,2154.0,4.0
2023-05-19,expiry,SPY_394P_20230519,1.9449999999999998,0.0,-2.0,388.99999999999994,
2023-05-19,expiry,SPY_395P_20230519,2.0549999999999997,0.0,-2.0,410.99999999999994,
2023-05-19,expiry,SPY_396P_20230519,2.1799999999999997,0.0,-2.0,435.99999999999994,
2023-05-19,expiry,SPY_434C_20230519,0.575,0.0,2.0,-114.99999999999999,
2023-05-19,expiry,Daily Expiry PnL,,,,1120.9999999999998,4.0
2023-05-26,expiry,SPY_385P_20230526,2.475,0.0,-2.0,495.0,
2023-05-26,expiry,SPY_386P_20230526,2.615,0.0,-2.0,523.0,
2023-05-26,expiry,SPY_387P_20230526,2.7649999999999997,0.0,-2.0,552.9999999999999,
2023-05-26,expiry,Daily Expiry PnL,,,,1571.0,3.0
2023-06-02,expiry,SPY_388P_20230602,2.315,0.0,-2.0,463.0,
2023-06-02,expiry,SPY_389P_20230602,2.4450000000000003,0.0,-2.0,489.00000000000006,
2023-06-02,expiry,SPY_390P_20230602,2.575,0.0,-2.0,515.0,
2023-06-02,expiry,SPY_391P_20230602,2.71,0.0,-2.0,542.0,
2023-06-02,expiry,Daily Expiry PnL,,,,2009.0,4.0
2023-06-09,expiry,SPY_392P_20230609,2.0199999999999996,0.0,-2.0,403.9999999999999,
2023-06-09,expiry,SPY_393P_20230609,2.075,0.0,-2.0,415.00000000000006,
2023-06-09,expiry,SPY_394P_20230609,2.185,0.0,-2.0,437.0,
2023-06-09,expiry,SPY_395P_20230609,2.3049999999999997,0.0,-2.0,460.99999999999994,
2023-06-09,expiry,SPY_432C_20230609,0.545,0.0,2.0,-109.00000000000001,
2023-06-09,expiry,Daily Expiry PnL,,,,1608.0,5.0
2023-06-16,expiry,SPY_395P_20230616,2.24,0.0,-2.0,448.00000000000006,
2023-06-16,expiry,SPY_396P_20230616,2.3499999999999996,0.0,-2.0,469.99999999999994,
2023-06-16,expiry,SPY_397P_20230616,2.475,0.0,-2.0,495.0,
2023-06-16,expiry,SPY_398P_20230616,2.605,0.0,-2.0,521.0,
2023-06-16,expiry,Daily Expiry PnL,,,,1934.0,4.0
2023-06-23,expiry,SPY_391P_20230623,3.01,0.0,-2.0,602.0,
2023-06-23,expiry,SPY_392P_20230623,3.15,0.0,-2.0,630.0,
2023-06-23,expiry,SPY_393P_20230623,3.295,0.0,-2.0,659.0,
2023-06-23,expiry,SPY_394P_20230623,3.4450000000000003,0.0,-2.0,689.0,
2023-06-23,expiry,Daily Expiry PnL,,,,2580.0,4.0
2023-06-30,expiry,SPY_397P_20230630,2.29,0.0,-2.0,458.0,
2023-06-30,expiry,SPY_398P_20230630,2.41,0.0,-2.0,482.0,
2023-06-30,expiry,SPY_399P_20230630,2.5300000000000002,0.0,-2.0,506.00000000000006,
2023-06-30,expiry,Daily Expiry PnL,,,,1446.0,3.0
2023-07-07,expiry,SPY_406P_20230707,1.33,0.0,-2.0,266.0,
2023-07-07,expiry,SPY_407P_20230707,1.41,0.0,-2.0,282.0,
2023-07-07,expiry,SPY_446C_20230707,0.335,0.0,2.0,-67.0,
2023-07-07,expiry,SPY_445C_20230707,0.4,0.0,2.0,-80.0,
2023-07-07,expiry,Daily Expiry PnL,,,,401.0,4.0
2023-07-14,expiry,SPY_458C_20230714,0.365,0.0,2.0,-73.0,
2023-07-14,expiry,SPY_456C_20230714,0.49,0.0,2.0,-98.0,
2023-07-14,expiry,SPY_455C_20230714,0.5700000000000001,0.0,2.0,-114.00000000000001,
2023-07-14,expiry,SPY_454C_20230714,0.66,0.0,2.0,-132.0,
2023-07-14,expiry,SPY_452C_20230714,0.9,0.0,2.0,-180.0,
2023-07-14,expiry,Daily Expiry PnL,,,,-597.0,5.0
2023-07-21,expiry,SPY_456C_20230721,0.365,0.0,2.0,-73.0,
2023-07-21,expiry,SPY_455C_20230721,0.425,0.0,2.0,-85.0,
2023-07-21,expiry,SPY_454C_20230721,0.505,0.0,2.0,-101.0,
2023-07-21,expiry,SPY_453C_20230721,0.595,0.0,2.0,-119.0,
2023-07-21,expiry,Daily Expiry PnL,,,,-378.0,4.0
2023-08-04,expiry,SPY_465C_20230804,0.405,0.0,2.0,-81.0,
2023-08-04,expiry,SPY_464C_20230804,0.475,0.0,2.0,-95.0,
2023-08-04,expiry,Daily Expiry PnL,,,,-176.0,2.0
2023-08-11,expiry,SPY_465C_20230811,0.585,0.0,2.0,-117.0,
2023-08-11,expiry,Daily Expiry PnL,,,,-117.0,1.0
2023-08-18,expiry,SPY_476C_20230818,0.575,0.0,2.0,-114.99999999999999,
2023-08-18,expiry,SPY_475C_20230818,0.665,0.0,2.0,-133.0,
2023-08-18,expiry,SPY_474C_20230818,0.765,0.0,2.0,-153.0,
2023-08-18,expiry,Daily Expiry PnL,,,,-401.0,3.0
2023-08-25,expiry,SPY_478C_20230825,0.325,0.0,2.0,-65.0,
2023-08-25,expiry,SPY_476C_20230825,0.45999999999999996,0.0,2.0,-92.0,
2023-08-25,expiry,SPY_475C_20230825,0.545,0.0,2.0,-109.00000000000001,
2023-08-25,expiry,SPY_474C_20230825,0.645,0.0,2.0,-129.0,
2023-08-25,expiry,SPY_472C_20230825,0.895,0.0,2.0,-179.0,
2023-08-25,expiry,SPY_470C_20230825,1.225,0.0,2.0,-245.00000000000003,
2023-08-25,expiry,Daily Expiry PnL,,,,-819.0,6.0
2023-09-01,expiry,SPY_472C_20230901,0.6,0.0,2.0,-120.0,
2023-09-01,expiry,SPY_471C_20230901,0.705,0.0,2.0,-141.0,
2023-09-01,expiry,Daily Expiry PnL,,,,-261.0,2.0
2023-09-08,expiry,SPY_424P_20230908,1.6949999999999998,0.0,-2.0,338.99999999999994,
2023-09-08,expiry,SPY_468C_20230908,0.55,0.0,4.0,-220.00000000000003,
2023-09-08,expiry,SPY_467C_20230908,0.625,0.0,2.0,-125.0,
2023-09-08,expiry,SPY_466C_20230908,0.735,0.0,2.0,-147.0,
2023-09-08,expiry,Daily Expiry PnL,,,,-153.00000000000009,4.0
2023-09-15,expiry,SPY_418P_20230915,2.085,0.0,-2.0,417.0,
2023-09-15,expiry,SPY_419P_20230915,2.2,0.0,-2.0,440.00000000000006,
2023-09-15,expiry,SPY_461C_20230915,0.65,0.0,2.0,-130.0,
2023-09-15,expiry,SPY_460C_20230915,0.765,0.0,2.0,-153.0,
2023-09-15,expiry,Daily Expiry PnL,,,,574.0,4.0
2023-09-22,expiry,SPY_421P_20230922,1.88,0.0,-2.0,376.0,
2023-09-22,expiry,SPY_422P_20230922,1.99,0.0,-2.0,398.0,
2023-09-22,expiry,SPY_465C_20230922,0.41500000000000004,0.0,2.0,-83.0,
2023-09-22,expiry,SPY_464C_20230922,0.49,0.0,2.0,-98.0,
2023-09-22,expiry,Daily Expiry PnL,,,,593.0,4.0
2023-09-29,expiry,SPY_473C_20230929,0.33,0.0,2.0,-66.0,
2023-09-29,expiry,SPY_472C_20230929,0.385,0.0,2.0,-77.0,
2023-09-29,expiry,SPY_471C_20230929,0.445,0.0,2.0,-89.0,
2023-09-29,expiry,SPY_470C_20230929,0.52,0.0,2.0,-104.0,
2023-09-29,expiry,SPY_469C_20230929,0.605,0.0,2.0,-121.0,
2023-09-29,expiry,SPY_468C_20230929,0.705,0.0,2.0,-141.0,
2023-09-29,expiry,Daily Expiry PnL,,,,-598.0,6.0
2023-10-13,expiry,SPY_468C_20231013,0.265,0.0,2.0,-53.0,
2023-10-13,expiry,SPY_467C_20231013,0.315,0.0,2.0,-63.0,
2023-10-13,expiry,SPY_466C_20231013,0.385,0.0,2.0,-77.0,
2023-10-13,expiry,SPY_465C_20231013,0.455,0.0,2.0,-91.0,
2023-10-13,expiry,Daily Expiry PnL,,,,-284.0,4.0
2023-10-20,expiry,SPY_460C_20231020,0.485,0.0,2.0,-97.0,
2023-10-20,expiry,SPY_459C_20231020,0.575,0.0,2.0,-114.99999999999999,
2023-10-20,expiry,SPY_458C_20231020,0.675,0.0,2.0,-135.0,
2023-10-20,expiry,SPY_457C_20231020,0.8,0.0,2.0,-160.0,
2023-10-20,expiry,Daily Expiry PnL,,,,-507.0,4.0
2023-10-27,expiry,SPY_405P_20231027,1.9949999999999999,0.0,-2.0,399.0,
2023-10-27,expiry,SPY_406P_20231027,2.115,0.0,-2.0,423.00000000000006,
2023-10-27,expiry,SPY_408P_20231027,2.385,0.0,-2.0,476.99999999999994,
2023-10-27,expiry,Daily Expiry PnL,,,,1299.0,3.0
2023-11-03,expiry,SPY_404P_20231103,2.2199999999999998,0.0,-2.0,443.99999999999994,
2023-11-03,expiry,SPY_405P_20231103,2.3600000000000003,0.0,-2.0,472.00000000000006,
2023-11-03,expiry,SPY_406P_20231103,2.505,0.0,-2.0,501.0,
2023-11-03,expiry,SPY_408P_20231103,2.8200000000000003,0.0,-2.0,564.0,
2023-11-03,expiry,SPY_409P_20231103,2.995,0.0,-2.0,599.0,
2023-11-03,expiry,Daily Expiry PnL,,,,2580.0,5.0
2023-11-17,expiry,SPY_409P_20231117,2.415,0.0,-2.0,483.0,
2023-11-17,expiry,SPY_410P_20231117,2.54,0.0,-2.0,508.0,
2023-11-17,expiry,Daily Expiry PnL,,,,991.0,2.0
2023-11-24,expiry,SPY_400P_20231124,3.005,0.0,-2.0,601.0,
2023-11-24,expiry,Daily Expiry PnL,,,,601.0,1.0
2023-12-08,expiry,SPY_416P_20231208,1.275,0.0,-2.0,254.99999999999997,
2023-12-08,expiry,SPY_417P_20231208,1.355,0.0,-2.0,271.0,
2023-12-08,expiry,SPY_418P_20231208,1.4224999999999999,0.0,-4.0,569.0,
2023-12-08,expiry,Daily Expiry PnL,,,,1095.0,3.0
2023-12-15,expiry,SPY_428P_20231215,1.3450000000000002,0.0,-2.0,269.00000000000006,
2023-12-15,expiry,Daily Expiry PnL,,,,269.00000000000006,1.0
2023-12-22,expiry,SPY_476C_20231222,0.295,0.0,2.0,-59.0,
2023-12-22,expiry,SPY_475C_20231222,0.345,0.0,2.0,-69.0,
2023-12-22,expiry,SPY_474C_20231222,0.41000000000000003,0.0,2.0,-82.0,
2023-12-22,expiry,Daily Expiry PnL,,,,-210.0,3.0
2023-12-29,expiry,SPY_432P_20231229,1.0550000000000002,0.0,-2.0,211.00000000000003,
2023-12-29,expiry,SPY_477C_20231229,0.27,0.0,2.0,-54.0,
2023-12-29,expiry,SPY_476C_20231229,0.32,0.0,2.0,-64.0,
2023-12-29,expiry,Daily Expiry PnL,,,,93.00000000000003,3.0
2024-01-12,expiry,SPY_490C_20240112,0.49,0.0,2.0,-98.0,
2024-01-12,expiry,SPY_485C_20240112,1.005,0.0,2.0,-200.99999999999997,
2024-01-12,expiry,Daily Expiry PnL,,,,-299.0,2.0
2024-01-26,expiry,SPY_500C_20240126,0.38,0.0,2.0,-76.0,
2024-01-26,expiry,SPY_495C_20240126,0.8200000000000001,0.0,2.0,-164.0,
2024-01-26,expiry,Daily Expiry PnL,,,,-240.0,2.0
2024-02-09,expiry,SPY_500C_20240209,0.375,1.20001220703125,2.0,165.00244140625,
2024-02-09,expiry,Daily Expiry PnL,,,,165.00244140625,1.0
2024-02-16,expiry,SPY_449P_20240216,1.4249999999999998,0.0,-2.0,284.99999999999994,
2024-02-16,expiry,SPY_450P_20240216,1.505,0.0,-2.0,301.0,
2024-02-16,expiry,SPY_451P_20240216,1.5950000000000002,0.0,-2.0,319.00000000000006,
2024-02-16,expiry,Daily Expiry PnL,,,,905.0,3.0
2024-02-23,expiry,SPY_508C_20240223,0.48,0.0,2.0,-96.0,
2024-02-23,expiry,SPY_506C_20240223,0.64,1.850006103515625,2.0,242.001220703125,
2024-02-23,expiry,SPY_505C_20240223,0.74,2.850006103515625,2.0,422.001220703125,
2024-02-23,expiry,SPY_504C_20240223,0.85,3.850006103515625,2.0,600.001220703125,
2024-02-23,expiry,Daily Expiry PnL,,,,1168.003662109375,4.0
2024-02-29,expiry,SPY_515C_20240229,0.45,0.0,2.0,-90.0,
2024-02-29,expiry,SPY_514C_20240229,0.52,0.0,2.0,-104.0,
2024-02-29,expiry,Daily Expiry PnL,,,,-194.0,2.0
2024-03-01,expiry,SPY_459P_20240301,1.19,0.0,-2.0,238.0,
2024-03-01,expiry,Daily Expiry PnL,,,,238.0,1.0
2024-03-08,expiry,SPY_522C_20240308,0.49,0.0,2.0,-98.0,
2024-03-08,expiry,SPY_520C_20240308,0.645,0.0,2.0,-129.0,
2024-03-08,expiry,SPY_518C_20240308,0.86,0.0,2.0,-172.0,
2024-03-08,expiry,Daily Expiry PnL,,,,-399.0,3.0
2024-03-28,expiry,SPY_532C_20240328,0.43,0.0,2.0,-86.0,
2024-03-28,expiry,SPY_531C_20240328,0.49,0.0,2.0,-98.0,
2024-03-28,expiry,SPY_530C_20240328,0.565,0.0,2.0,-112.99999999999999,
2024-03-28,expiry,SPY_529C_20240328,0.645,0.0,2.0,-129.0,
2024-03-28,expiry,Daily Expiry PnL,,,,-426.0,4.0
2024-04-05,expiry,SPY_535C_20240405,0.49,0.0,2.0,-98.0,
2024-04-05,expiry,SPY_534C_20240405,0.5700000000000001,0.0,2.0,-114.00000000000001,
2024-04-05,expiry,SPY_533C_20240405,0.66,0.0,2.0,-132.0,
2024-04-05,expiry,Daily Expiry PnL,,,,-344.0,3.0
2024-04-12,expiry,SPY_540C_20240412,0.55,0.0,2.0,-110.00000000000001,
2024-04-12,expiry,SPY_535C_20240412,1.08,0.0,2.0,-216.0,
2024-04-12,expiry,Daily Expiry PnL,,,,-326.0,2.0
2024-04-19,expiry,SPY_545C_20240419,0.655,0.0,2.0,-131.0,
2024-04-19,expiry,Daily Expiry PnL,,,,-131.0,1.0
2024-04-26,expiry,SPY_545C_20240426,0.6799999999999999,0.0,2.0,-136.0,
2024-04-26,expiry,SPY_540C_20240426,1.355,0.0,2.0,-271.0,
2024-04-26,expiry,SPY_539C_20240426,1.5350000000000001,0.0,2.0,-307.0,
2024-04-26,expiry,SPY_538C_20240426,1.745,0.0,2.0,-349.0,
2024-04-26,expiry,Daily Expiry PnL,,,,-1063.0,4.0
2024-05-03,expiry,SPY_545C_20240503,0.65,0.0,2.0,-130.0,
2024-05-03,expiry,Daily Expiry PnL,,,,-130.0,1.0
2024-05-10,expiry,SPY_539C_20240510,0.755,0.0,2.0,-151.0,
2024-05-10,expiry,SPY_538C_20240510,0.86,0.0,2.0,-172.0,
2024-05-10,expiry,Daily Expiry PnL,,,,-323.0,2.0
2024-05-17,expiry,SPY_476P_20240517,2.495,0.0,-2.0,499.0,
2024-05-17,expiry,SPY_477P_20240517,2.62,0.0,-2.0,524.0,
2024-05-17,expiry,SPY_478P_20240517,2.75,0.0,-2.0,550.0,
2024-05-17,expiry,SPY_479P_20240517,2.885,0.0,-2.0,577.0,
2024-05-17,expiry,SPY_480P_20240517,3.03,0.0,-2.0,606.0,
2024-05-17,expiry,Daily Expiry PnL,,,,2756.0,5.0
2024-06-07,expiry,SPY_540C_20240607,0.625,0.0,2.0,-125.0,
2024-06-07,expiry,Daily Expiry PnL,,,,-125.0,1.0
2024-06-14,expiry,SPY_555C_20240614,0.42,0.0,2.0,-84.0,
2024-06-14,expiry,SPY_550C_20240614,0.84,0.0,2.0,-168.0,
2024-06-14,expiry,Daily Expiry PnL,,,,-252.0,2.0
2024-06-21,expiry,SPY_555C_20240621,0.245,0.0,2.0,-49.0,
2024-06-21,expiry,SPY_552C_20240621,0.405,0.0,2.0,-81.0,
2024-06-21,expiry,SPY_551C_20240621,0.48,0.0,2.0,-96.0,
2024-06-21,expiry,SPY_550C_20240621,0.5700000000000001,0.0,2.0,-114.00000000000001,
2024-06-21,expiry,SPY_549C_20240621,0.67,0.0,2.0,-134.0,
2024-06-21,expiry,SPY_548C_20240621,0.79,0.0,2.0,-158.0,
2024-06-21,expiry,SPY_547C_20240621,0.9299999999999999,0.0,2.0,-186.0,
2024-06-21,expiry,SPY_546C_20240621,1.09,0.0,2.0,-218.00000000000003,
2024-06-21,expiry,SPY_545C_20240621,1.27,0.0,2.0,-254.0,
2024-06-21,expiry,Daily Expiry PnL,,,,-1290.0,9.0
2024-06-28,expiry,SPY_500P_20240628,1.63,0.0,-2.0,326.0,
2024-06-28,expiry,SPY_552C_20240628,0.20500000000000002,0.0,2.0,-41.0,
2024-06-28,expiry,SPY_551C_20240628,0.235,0.0,2.0,-47.0,
2024-06-28,expiry,SPY_550C_20240628,0.28500000000000003,0.0,2.0,-57.00000000000001,
2024-06-28,expiry,SPY_549C_20240628,0.345,0.0,2.0,-69.0,
2024-06-28,expiry,SPY_548C_20240628,0.415,0.0,2.0,-83.0,
2024-06-28,expiry,Daily Expiry PnL,,,,29.0,6.0
2024-07-12,expiry,SPY_565C_20240712,0.39,0.0,2.0,-78.0,
2024-07-12,expiry,Daily Expiry PnL,,,,-78.0,1.0
2024-07-26,expiry,SPY_570C_20240726,0.415,0.0,2.0,-83.0,
2024-07-26,expiry,SPY_565C_20240726,0.89,0.0,2.0,-178.0,
2024-07-26,expiry,Daily Expiry PnL,,,,-261.0,2.0
2024-08-09,expiry,SPY_585C_20240809,0.59,0.0,2.0,-118.0,
2024-08-09,expiry,Daily Expiry PnL,,,,-118.0,1.0
2024-08-23,expiry,SPY_515P_20240823,2.44,0.0,-2.0,488.0,
2024-08-23,expiry,Daily Expiry PnL,,,,488.0,1.0
2024-08-30,expiry,SPY_524P_20240830,2.035,0.0,-2.0,407.0,
2024-08-30,expiry,Daily Expiry PnL,,,,407.0,1.0
2024-09-06,expiry,SPY_493P_20240906,5.574999999999999,0.0,-2.0,1114.9999999999998,
2024-09-06,expiry,SPY_494P_20240906,5.744999999999999,0.0,-2.0,1148.9999999999998,
2024-09-06,expiry,SPY_495P_20240906,5.915,0.0,-2.0,1183.0,
2024-09-06,expiry,SPY_496P_20240906,6.09,0.0,-2.0,1218.0,
2024-09-06,expiry,SPY_497P_20240906,6.27,0.0,-2.0,1254.0,
2024-09-06,expiry,SPY_498P_20240906,6.470000000000001,0.0,-2.0,1294.0000000000002,
2024-09-06,expiry,SPY_499P_20240906,6.67,0.0,-2.0,1334.0,
2024-09-06,expiry,SPY_500P_20240906,6.875,0.0,-2.0,1375.0,
2024-09-06,expiry,SPY_501P_20240906,7.09,0.0,-2.0,1418.0,
2024-09-06,expiry,SPY_502P_20240906,7.3149999999999995,0.0,-2.0,1463.0,
2024-09-06,expiry,SPY_503P_20240906,7.535,0.0,-2.0,1507.0,
2024-09-06,expiry,SPY_504P_20240906,7.775,0.0,-2.0,1555.0,
2024-09-06,expiry,SPY_505P_20240906,8.015,0.0,-2.0,1603.0,
2024-09-06,expiry,SPY_506P_20240906,8.265,0.0,-1.0,826.5,
2024-09-06,expiry,Daily Expiry PnL,,,,18294.5,14.0
2024-09-13,expiry,SPY_570C_20240913,0.665,0.0,2.0,-133.0,
2024-09-13,expiry,Daily Expiry PnL,,,,-133.0,1.0
2024-09-20,expiry,SPY_585C_20240920,0.89,0.0,2.0,-178.0,
2024-09-20,expiry,SPY_582C_20240920,1.27,0.0,2.0,-254.0,
2024-09-20,expiry,SPY_581C_20240920,1.43,0.0,2.0,-286.0,
2024-09-20,expiry,Daily Expiry PnL,,,,-718.0,3.0
2024-09-27,expiry,SPY_531P_20240927,2.685,0.0,-2.0,537.0,
2024-09-27,expiry,Daily Expiry PnL,,,,537.0,1.0
2024-10-04,expiry,SPY_525P_20241004,4.07,0.0,-2.0,814.0,
2024-10-04,expiry,Daily Expiry PnL,,,,814.0,1.0
2024-10-11,expiry,SPY_530P_20241011,3.23,0.0,-2.0,646.0,
2024-10-11,expiry,Daily Expiry PnL,,,,646.0,1.0
2024-10-18,expiry,SPY_534P_20241018,2.665,0.0,-2.0,533.0,
2024-10-18,expiry,SPY_535P_20241018,2.78,0.0,-2.0,556.0,
2024-10-18,expiry,SPY_536P_20241018,2.89,0.0,-2.0,578.0,
2024-10-18,expiry,SPY_537P_20241018,3.01,0.0,-2.0,602.0,
2024-10-18,expiry,SPY_538P_20241018,3.14,0.0,-2.0,628.0,
2024-10-18,expiry,Daily Expiry PnL,,,,2897.0,5.0
2024-10-25,expiry,SPY_595C_20241025,0.735,0.0,2.0,-147.0,
2024-10-25,expiry,SPY_590C_20241025,1.355,0.0,2.0,-271.0,
2024-10-25,expiry,Daily Expiry PnL,,,,-418.0,2.0
2024-10-31,expiry,SPY_541P_20241031,3.0549999999999997,0.0,-2.0,611.0,
2024-10-31,expiry,SPY_542P_20241031,3.16,0.0,-2.0,632.0,
2024-10-31,expiry,SPY_543P_20241031,3.275,0.0,-2.0,655.0,
2024-10-31,expiry,SPY_544P_20241031,3.39,0.0,-2.0,678.0,
2024-10-31,expiry,SPY_595C_20241031,0.8,0.0,2.0,-160.0,
2024-10-31,expiry,SPY_592C_20241031,1.1749999999999998,0.0,2.0,-234.99999999999997,
2024-10-31,expiry,SPY_591C_20241031,1.335,0.0,2.0,-267.0,
2024-10-31,expiry,SPY_590C_20241031,1.505,0.0,2.0,-301.0,
2024-10-31,expiry,Daily Expiry PnL,,,,1613.0,8.0
2024-11-01,expiry,SPY_541P_20241101,2.9,0.0,-2.0,580.0,
2024-11-01,expiry,SPY_595C_20241101,0.875,0.0,2.0,-175.0,
2024-11-01,expiry,Daily Expiry PnL,,,,405.0,2.0
2024-11-08,expiry,SPY_550P_20241108,3.91,0.0,-2.0,782.0,
2024-11-08,expiry,Daily Expiry PnL,,,,782.0,1.0
2024-11-15,expiry,SPY_554P_20241115,3.215,0.0,-2.0,643.0,
2024-11-15,expiry,Daily Expiry PnL,,,,643.0,1.0
2024-11-22,expiry,SPY_550P_20241122,3.255,0.0,-2.0,651.0,
2024-11-22,expiry,SPY_555P_20241122,3.925,0.0,-2.0,785.0,
2024-11-22,expiry,Daily Expiry PnL,,,,1436.0,2.0
2024-11-29,expiry,SPY_552P_20241129,3.605,0.0,-2.0,721.0,
2024-11-29,expiry,SPY_553P_20241129,3.74,0.0,-2.0,748.0,
2024-11-29,expiry,SPY_554P_20241129,3.875,0.0,-2.0,775.0,
2024-11-29,expiry,SPY_555P_20241129,4.025,0.0,-2.0,805.0000000000001,
2024-11-29,expiry,SPY_556P_20241129,4.175000000000001,0.0,-2.0,835.0000000000001,
2024-11-29,expiry,SPY_557P_20241129,4.324999999999999,0.0,-1.0,432.49999999999994,
2024-11-29,expiry,Daily Expiry PnL,,,,4316.5,6.0
2024-12-13,expiry,SPY_625C_20241213,0.66,0.0,2.0,-132.0,
2024-12-13,expiry,SPY_620C_20241213,1.225,0.0,2.0,-245.00000000000003,
2024-12-13,expiry,Daily Expiry PnL,,,,-377.0,2.0
2024-12-20,expiry,SPY_561P_20241220,2.58,0.0,-2.0,516.0,
2024-12-20,expiry,SPY_562P_20241220,2.68,0.0,-2.0,536.0,
2024-12-20,expiry,SPY_563P_20241220,2.785,0.0,-2.0,557.0,
2024-12-20,expiry,SPY_620C_20241220,0.775,0.0,2.0,-155.0,
2024-12-20,expiry,SPY_617C_20241220,1.0750000000000002,0.0,2.0,-215.00000000000003,
2024-12-20,expiry,Daily Expiry PnL,,,,1239.0,5.0
2024-12-27,expiry,SPY_625C_20241227,0.355,0.0,2.0,-71.0,
2024-12-27,expiry,SPY_624C_20241227,0.405,0.0,2.0,-81.0,
2024-12-27,expiry,SPY_623C_20241227,0.46499999999999997,0.0,2.0,-93.0,
2024-12-27,expiry,SPY_622C_20241227,0.54,0.0,2.0,-108.0,
2024-12-27,expiry,SPY_621C_20241227,0.62,0.0,2.0,-124.0,
2024-12-27,expiry,SPY_620C_20241227,0.71,0.0,2.0,-142.0,
2024-12-27,expiry,SPY_619C_20241227,0.815,0.0,2.0,-163.0,
2024-12-27,expiry,Daily Expiry PnL,,,,-782.0,7.0
2025-01-03,expiry,SPY_635C_20250103,0.32,0.0,2.0,-64.0,
2025-01-03,expiry,SPY_630C_20250103,0.6,0.0,2.0,-120.0,
2025-01-03,expiry,SPY_625C_20250103,1.1400000000000001,0.0,2.0,-228.00000000000003,
2025-01-03,expiry,SPY_624C_20250103,1.2850000000000001,0.0,2.0,-257.0,
2025-01-03,expiry,SPY_623C_20250103,1.46,0.0,2.0,-292.0,
2025-01-03,expiry,SPY_622C_20250103,1.65,0.0,2.0,-330.0,
2025-01-03,expiry,Daily Expiry PnL,,,,-1291.0,6.0
2025-01-17,expiry,SPY_557P_20250117,5.49,0.0,-2.0,1098.0,
2025-01-17,expiry,SPY_558P_20250117,5.615,0.0,-2.0,1123.0,
2025-01-17,expiry,Daily Expiry PnL,,,,2221.0,2.0
2025-02-14,expiry,SPY_620C_20250214,0.81,0.0,2.0,-162.0,
2025-02-14,expiry,Daily Expiry PnL,,,,-162.0,1.0
2025-02-21,expiry,SPY_635C_20250221,0.605,0.0,2.0,-121.0,
2025-02-21,expiry,SPY_630C_20250221,1.08,0.0,2.0,-216.0,
2025-02-21,expiry,SPY_625C_20250221,1.88,0.0,2.0,-376.0,
2025-02-21,expiry,Daily Expiry PnL,,,,-713.0,3.0
2025-02-28,expiry,SPY_626C_20250228,1.15,0.0,2.0,-229.99999999999997,
2025-02-28,expiry,Daily Expiry PnL,,,,-229.99999999999997,1.0
2025-03-07,expiry,SPY_634C_20250307,0.5,0.0,2.0,-100.0,
2025-03-07,expiry,SPY_633C_20250307,0.5700000000000001,0.0,2.0,-114.00000000000001,
2025-03-07,expiry,SPY_632C_20250307,0.655,0.0,2.0,-131.0,
2025-03-07,expiry,SPY_631C_20250307,0.745,0.0,2.0,-149.0,
2025-03-07,expiry,SPY_630C_20250307,0.85,0.0,2.0,-170.0,
2025-03-07,expiry,SPY_629C_20250307,0.97,0.0,2.0,-194.0,
2025-03-07,expiry,SPY_628C_20250307,1.0950000000000002,0.0,2.0,-219.00000000000003,
2025-03-07,expiry,SPY_627C_20250307,1.24,0.0,2.0,-248.0,
2025-03-07,expiry,SPY_626C_20250307,1.415,0.0,2.0,-283.0,
2025-03-07,expiry,SPY_625C_20250307,1.5950000000000002,0.0,2.0,-319.00000000000006,
2025-03-07,expiry,SPY_624C_20250307,1.79,0.0,2.0,-358.0,
2025-03-07,expiry,Daily Expiry PnL,,,,-2285.0,11.0
2025-03-14,expiry,SPY_630C_20250314,0.66,0.0,2.0,-132.0,
2025-03-14,expiry,SPY_627C_20250314,0.995,0.0,2.0,-199.0,
2025-03-14,expiry,SPY_626C_20250314,1.14,0.0,2.0,-227.99999999999997,
2025-03-14,expiry,SPY_625C_20250314,1.3,0.0,2.0,-260.0,
2025-03-14,expiry,Daily Expiry PnL,,,,-819.0,4.0
2025-03-28,expiry,SPY_624C_20250328,0.76,0.0,2.0,-152.0,
2025-03-28,expiry,Daily Expiry PnL,,,,-152.0,1.0
2025-04-04,expiry,SPY_555P_20250404,4.779999999999999,49.720001220703125,-2.0,-8988.000244140625,
2025-04-04,expiry,Daily Expiry PnL,,,,-8988.000244140625,1.0
2025-05-09,expiry,SPY_570C_20250509,4.7,0.0,2.0,-940.0,
2025-05-09,expiry,Daily Expiry PnL,,,,-940.0,1.0
2025-06-13,expiry,SPY_615C_20250613,1.7,0.0,2.0,-340.0,
2025-06-13,expiry,Daily Expiry PnL,,,,-340.0,1.0
2025-06-20,expiry,SPY_554P_20250620,4.49,0.0,-2.0,898.0,
2025-06-20,expiry,SPY_610C_20250620,1.73,0.0,2.0,-346.0,
2025-06-20,expiry,Daily Expiry PnL,,,,552.0,2.0
2025-06-27,expiry,SPY_559P_20250627,3.74,0.0,-2.0,748.0,
2025-06-27,expiry,SPY_560P_20250627,3.87,0.0,-2.0,774.0,
2025-06-27,expiry,SPY_615C_20250627,1.395,0.0,2.0,-279.0,
2025-06-27,expiry,Daily Expiry PnL,,,,1243.0,3.0
2025-07-03,expiry,SPY_567P_20250703,3.2,0.0,-2.0,640.0,
2025-07-03,expiry,SPY_568P_20250703,3.32,0.0,-2.0,664.0,
2025-07-03,expiry,SPY_625C_20250703,0.875,0.34002685546875,2.0,-106.99462890625,
2025-07-03,expiry,SPY_620C_20250703,1.475,5.34002685546875,2.0,773.00537109375,
2025-07-03,expiry,Daily Expiry PnL,,,,1970.0107421875,4.0
2025-07-11,expiry,SPY_572P_20250711,3.025,0.0,-2.0,605.0,
2025-07-11,expiry,SPY_630C_20250711,0.77,0.0,2.0,-154.0,
2025-07-11,expiry,Daily Expiry PnL,,,,451.0,2.0
2025-07-18,expiry,SPY_568P_20250718,3.99,0.0,-2.0,798.0,
2025-07-18,expiry,SPY_569P_20250718,4.119999999999999,0.0,-2.0,823.9999999999999,
2025-07-18,expiry,SPY_570P_20250718,4.255,0.0,-2.0,851.0,
2025-07-18,expiry,SPY_571P_20250718,4.390000000000001,0.0,-2.0,878.0000000000001,
2025-07-18,expiry,SPY_572P_20250718,4.535,0.0,-2.0,907.0,
2025-07-18,expiry,Daily Expiry PnL,,,,4258.0,5.0
2025-07-25,expiry,SPY_635C_20250725,0.9,2.0999755859375,2.0,239.9951171875,
2025-07-25,expiry,Daily Expiry PnL,,,,239.9951171875,1.0
2025-07-31,expiry,SPY_645C_20250731,1.17,0.0,2.0,-234.0,
2025-07-31,expiry,Daily Expiry PnL,,,,-234.0,1.0
2025-08-01,expiry,SPY_650C_20250801,0.98,0.0,2.0,-196.0,
2025-08-01,expiry,Daily Expiry PnL,,,,-196.0,1.0
2025-08-08,expiry,SPY_593P_20250808,2.275,0.0,-2.0,455.0,
2025-08-08,expiry,SPY_594P_20250808,2.365,0.0,-2.0,473.00000000000006,
2025-08-08,expiry,Daily Expiry PnL,,,,928.0,2.0
2025-08-15,expiry,SPY_594P_20250815,2.92,0.0,-2.0,584.0,
2025-08-15,expiry,SPY_595P_20250815,3.0300000000000002,0.0,-2.0,606.0,
2025-08-15,expiry,SPY_596P_20250815,3.1399999999999997,0.0,-2.0,627.9999999999999,
2025-08-15,expiry,SPY_597P_20250815,3.26,0.0,-2.0,652.0,
2025-08-15,expiry,SPY_598P_20250815,3.38,0.0,-2.0,676.0,
2025-08-15,expiry,Daily Expiry PnL,,,,3146.0,5.0
2025-08-22,expiry,SPY_665C_20250822,0.6799999999999999,0.0,2.0,-136.0,
2025-08-22,expiry,SPY_660C_20250822,1.205,0.0,2.0,-241.0,
2025-08-22,expiry,Daily Expiry PnL,,,,-377.0,2.0
2025-08-29,expiry,SPY_603P_20250829,2.1,0.0,-2.0,420.0,
2025-08-29,expiry,SPY_665C_20250829,0.845,0.0,2.0,-169.0,
2025-08-29,expiry,Daily Expiry PnL,,,,251.0,2.0
2025-09-05,expiry,SPY_660C_20250905,0.97,0.0,2.0,-194.0,
2025-09-05,expiry,Daily Expiry PnL,,,,-194.0,1.0
2025-09-12,expiry,SPY_613P_20250912,1.95,0.0,-2.0,390.0,
2025-09-12,expiry,SPY_614P_20250912,2.0300000000000002,0.0,-2.0,406.00000000000006,
2025-09-12,expiry,SPY_615P_20250912,2.0999999999999996,0.0,-2.0,419.99999999999994,
2025-09-12,expiry,SPY_616P_20250912,2.185,0.0,-2.0,437.0,
2025-09-12,expiry,SPY_617P_20250912,2.2699999999999996,0.0,-2.0,453.9999999999999,
2025-09-12,expiry,SPY_675C_20250912,0.535,0.0,2.0,-107.0,
2025-09-12,expiry,SPY_670C_20250912,0.95,0.0,2.0,-190.0,
2025-09-12,expiry,Daily Expiry PnL,,,,1810.0,7.0
2025-09-19,expiry,SPY_607P_20250919,2.6900000000000004,0.0,-2.0,538.0000000000001,
2025-09-19,expiry,SPY_608P_20250919,2.79,0.0,-2.0,558.0,
2025-09-19,expiry,SPY_609P_20250919,2.9000000000000004,0.0,-2.0,580.0000000000001,
2025-09-19,expiry,SPY_610P_20250919,3.01,0.0,-2.0,602.0,
2025-09-19,expiry,SPY_611P_20250919,3.12,0.0,-2.0,624.0,
2025-09-19,expiry,SPY_670C_20250919,0.41000000000000003,0.0,2.0,-82.0,
2025-09-19,expiry,SPY_665C_20250919,0.77,0.0,2.0,-154.0,
2025-09-19,expiry,Daily Expiry PnL,,,,2666.0,7.0
2025-09-26,expiry,SPY_615P_20250926,2.3899999999999997,0.0,-2.0,477.99999999999994,
2025-09-26,expiry,SPY_675C_20250926,0.5,0.0,2.0,-100.0,
2025-09-26,expiry,Daily Expiry PnL,,,,377.99999999999994,2.0
2025-10-03,expiry,SPY_612P_20251003,2.9699999999999998,0.0,-2.0,594.0,
2025-10-03,expiry,SPY_675C_20251003,0.375,0.0,2.0,-75.0,
2025-10-03,expiry,Daily Expiry PnL,,,,519.0,2.0
2025-10-10,expiry,SPY_684C_20251010,0.345,0.0,2.0,-69.0,
2025-10-10,expiry,Daily Expiry PnL,,,,-69.0,1.0
2025-10-17,expiry,SPY_627P_20251017,2.645,0.0,-2.0,529.0,
2025-10-17,expiry,SPY_628P_20251017,2.7350000000000003,0.0,-2.0,547.0000000000001,
2025-10-17,expiry,SPY_629P_20251017,2.825,0.0,-2.0,565.0,
2025-10-17,expiry,SPY_692C_20251017,0.565,0.0,2.0,-112.99999999999999,
2025-10-17,expiry,SPY_691C_20251017,0.625,0.0,2.0,-125.0,
2025-10-17,expiry,SPY_690C_20251017,0.685,0.0,2.0,-137.0,
2025-10-17,expiry,SPY_689C_20251017,0.76,0.0,2.0,-152.0,
2025-10-17,expiry,SPY_688C_20251017,0.84,0.0,2.0,-168.0,
2025-10-17,expiry,Daily Expiry PnL,,,,946.0,8.0
2025-10-24,expiry,SPY_629P_20251024,2.67,0.0,-2.0,534.0,
2025-10-24,expiry,SPY_694C_20251024,0.795,0.0,2.0,-159.0,
2025-10-24,expiry,SPY_693C_20251024,0.88,0.0,2.0,-176.0,
2025-10-24,expiry,SPY_692C_20251024,0.97,0.0,2.0,-194.0,
2025-10-24,expiry,SPY_691C_20251024,1.07,0.0,2.0,-214.0,
2025-10-24,expiry,SPY_690C_20251024,1.19,0.0,2.0,-238.0,
2025-10-24,expiry,Daily Expiry PnL,,,,-447.0,6.0
2025-10-31,expiry,SPY_701C_20251031,0.655,0.0,2.0,-131.0,
2025-10-31,expiry,SPY_700C_20251031,0.735,0.0,2.0,-147.0,
2025-10-31,expiry,SPY_699C_20251031,0.8200000000000001,0.0,2.0,-164.0,
2025-10-31,expiry,Daily Expiry PnL,,,,-442.0,3.0
2025-11-07,expiry,SPY_705C_20251107,0.78,0.0,2.0,-156.0,
2025-11-07,expiry,SPY_700C_20251107,1.33,0.0,2.0,-266.0,
2025-11-07,expiry,Daily Expiry PnL,,,,-422.0,2.0
2025-11-14,expiry,SPY_635P_20251114,4.885,0.0,-2.0,977.0,
2025-11-14,expiry,Daily Expiry PnL,,,,977.0,1.0
2025-11-21,expiry,SPY_635P_20251121,3.745,0.0,-2.0,749.0,
2025-11-21,expiry,SPY_636P_20251121,3.855,0.0,-2.0,771.0,
2025-11-21,expiry,SPY_637P_20251121,3.97,0.0,-2.0,794.0,
2025-11-21,expiry,SPY_638P_20251121,4.09,0.0,-2.0,818.0,
2025-11-21,expiry,SPY_639P_20251121,4.210000000000001,0.0,-2.0,842.0000000000002,
2025-11-21,expiry,SPY_640P_20251121,4.335,0.0,-2.0,867.0,
2025-11-21,expiry,SPY_641P_20251121,4.470000000000001,0.0,-2.0,894.0000000000001,
2025-11-21,expiry,SPY_642P_20251121,4.595000000000001,0.0,-2.0,919.0000000000001,
2025-11-21,expiry,Daily Expiry PnL,,,,6654.0,8.0
2025-11-28,expiry,SPY_720C_20251128,1.26,0.0,2.0,-252.0,
2025-11-28,expiry,Daily Expiry PnL,,,,-252.0,1.0
