date,implied_vol,underlying_price
2020-02-14,0.13516609178584893,337.6000061035156
2020-02-18,0.13516609178584893,336.7300109863281
2020-02-19,0.13516609178584893,338.3399963378906
2020-02-20,0.14475025829196114,336.95001220703125
2020-02-21,0.1462201851260676,333.4800109863281
2020-02-24,0.17761668738961864,322.4200134277344
2020-02-25,0.17859892425180127,312.6499938964844
2020-02-26,0.1805670600855415,311.5
2020-02-27,0.1779977470362251,297.510009765625
2020-02-28,0.26058156547189404,296.260009765625
2020-03-02,0.2528579669916694,309.0899963378906
2020-03-03,0.255668349834687,300.239990234375
2020-03-04,0.2567970806086128,312.8599853515625
2020-03-05,0.2538414913141792,302.4599914550781
2020-03-06,0.24775023994088818,297.4599914550781
2020-03-09,0.2659955745661323,274.2300109863281
2020-03-10,0.33586804923654245,288.4200134277344
2020-03-11,0.40091043052316355,274.3599853515625
2020-03-12,0.4457416301691597,248.11000061035156
2020-03-13,0.48279645499826124,269.32000732421875
2020-03-16,0.4503589015924995,239.85000610351562
2020-03-17,0.4737582546198433,252.8000030517578
2020-03-18,0.46540353355050734,240.0
2020-03-19,0.4737582546198433,240.50999450683594
2020-03-20,0.4703608089411323,228.8000030517578
2020-03-23,0.4737582546198433,222.9499969482422
2020-03-24,0.4703608089411323,243.14999389648438
2020-03-25,0.46818818626046826,246.7899932861328
2020-03-26,0.45302732047677685,261.20001220703125
2020-03-27,0.445252090069062,253.4199981689453
2020-03-30,0.35937730369210885,261.6499938964844
2020-03-31,0.3543824153864448,257.75
2020-04-01,0.35447568473458935,246.14999389648438
2020-04-02,0.46880097922921826,251.8300018310547
2020-04-03,0.4464084392511909,248.19000244140625
2020-04-06,0.43778447684884714,264.8599853515625
2020-04-07,0.4022309261286323,265.1300048828125
2020-04-08,0.3980490261042183,274.0299987792969
2020-04-09,0.2946932941401069,278.20001220703125
2020-04-13,0.29540057716012647,275.6600036621094
2020-04-14,0.2952160602533882,283.7900085449219
2020-04-15,0.29560435828805615,277.760009765625
2020-04-16,0.2874064403498237,279.1000061035156
2020-04-17,0.2868836742365425,286.6400146484375
2020-04-20,0.28752885398507766,281.5899963378906
2020-04-21,0.2879697757685249,273.0400085449219
2020-04-22,0.3007676273310249,279.1000061035156
2020-04-23,0.30281114158273387,279.0799865722656
2020-04-24,0.3015725856745307,282.9700012207031
2020-04-27,0.27516900596261673,287.04998779296875
2020-04-28,0.27516900596261673,285.7300109863281
2020-04-29,0.25503753242135696,293.2099914550781
2020-04-30,0.2547996860468452,290.4800109863281
2020-05-01,0.2569603877985542,282.7900085449219
2020-05-04,0.26221114692331005,283.57000732421875
2020-05-05,0.2628738933527534,286.19000244140625
2020-05-06,0.2638014751398628,284.25
2020-05-07,0.2637731510126655,287.67999267578125
2020-05-08,0.2578698116266792,292.44000244140625
2020-05-11,0.24509656486154247,292.5
2020-05-12,0.24509656486154247,286.6700134277344
2020-05-13,0.25867827949166944,281.6000061035156
2020-05-14,0.25924161491037057,284.9700012207031
2020-05-15,0.2578698116266792,286.2799987792969
2020-05-18,0.2578698116266792,295.0
2020-05-19,0.2576039272272651,291.9700012207031
2020-05-20,0.25867827949166944,296.92999267578125
2020-05-21,0.21391223487497021,294.8800048828125
2020-05-22,0.21727063712716746,295.44000244140625
2020-05-26,0.21334099349618602,299.0799865722656
2020-05-27,0.2122114807093208,303.5299987792969
2020-05-28,0.21216057357431103,302.9700012207031
2020-05-29,0.2110310607874458,304.32000732421875
2020-06-01,0.21201907691598584,305.54998779296875
2020-06-02,0.21072216567636182,308.0799865722656
2020-06-03,0.21072216567636182,312.17999267578125
2020-06-04,0.2105455642664497,311.3599853515625
2020-06-05,0.1781278484714045,319.3399963378906
2020-06-08,0.21072216567636182,323.20001220703125
2020-06-09,0.21072216567636182,320.7900085449219
2020-06-10,0.2149038940393989,319.0
2020-06-11,0.21567494926095654,300.6099853515625
2020-06-12,0.2867759471857612,304.2099914550781
2020-06-15,0.25343074378610303,307.04998779296875
2020-06-16,0.25343074378610303,312.9599914550781
2020-06-17,0.25252349433541943,311.6600036621094
2020-06-18,0.2540536075556343,311.7799987792969
2020-06-19,0.2091212421381538,308.6400146484375
2020-06-22,0.21395142135263134,310.6199951171875
2020-06-23,0.21059301910043407,312.04998779296875
2020-06-24,0.21059301910043407,304.0899963378906
2020-06-25,0.22045376357675242,307.3500061035156
2020-06-26,0.2173698001825874,300.04998779296875
2020-06-29,0.2308236461603706,304.4599914550781
2020-06-30,0.22703233298898387,308.3599853515625
2020-07-01,0.2295756107294624,310.5199890136719
2020-07-02,0.20862378654122998,312.2300109863281
2020-07-06,0.20862378654122998,317.04998779296875
2020-07-07,0.19716090736032177,313.7799987792969
2020-07-08,0.2009334808313911,316.17999267578125
2020-07-09,0.19902787742257763,314.3800048828125
2020-07-10,0.20164075431466746,317.5899963378906
2020-07-13,0.19902787742257763,314.8399963378906
2020-07-14,0.20164075431466746,318.9200134277344
2020-07-15,0.19683643874765086,321.8500061035156
2020-07-16,0.1975819641077583,320.7900085449219
2020-07-17,0.20012322005868602,321.7200012207031
2020-07-20,0.17105784114718575,324.32000732421875
2020-07-21,0.16894772228121896,325.010009765625
2020-07-22,0.16894772228121896,326.8599853515625
2020-07-23,0.19508240279794384,322.9599914550781
2020-07-24,0.2008766704523628,320.8800048828125
2020-07-27,0.15001555141329903,323.2200012207031
2020-07-28,0.17354330596566844,321.1700134277344
2020-07-29,0.14856540378451485,325.1199951171875
2020-07-30,0.1451607769382014,323.9599914550781
2020-07-31,0.1459126442325129,326.5199890136719
2020-08-03,0.1441425770175471,328.7900085449219
2020-08-04,0.14464230235934397,330.05999755859375
2020-08-05,0.14375528034091134,332.1099853515625
2020-08-06,0.14375528034091134,334.3299865722656
2020-08-07,0.14565458949923654,334.57000732421875
2020-08-10,0.14549524005770822,335.57000732421875
2020-08-11,0.14549524005770822,332.79998779296875
2020-08-12,0.15052444156527658,337.44000244140625
2020-08-13,0.14587293323397776,336.8299865722656
2020-08-14,0.14702671703219553,336.8399963378906
2020-08-17,0.14512740787387032,337.9100036621094
2020-08-18,0.14587293323397776,338.6400146484375
2020-08-19,0.1495239132297053,337.2300109863281
2020-08-20,0.14950100597262522,338.2799987792969
2020-08-21,0.14513403591036936,339.4800109863281
2020-08-24,0.14877838786959788,342.9200134277344
2020-08-25,0.14513403591036936,344.1199951171875
2020-08-26,0.14877838786959788,347.57000732421875
2020-08-27,0.14877838786959788,348.3299865722656
2020-08-28,0.15868763622164864,350.5799865722656
2020-08-31,0.17973962363839796,349.30999755859375
2020-09-01,0.18655704078317334,352.6000061035156
2020-09-02,0.18636554298043895,357.70001220703125
2020-09-03,0.18636554298043895,345.3900146484375
2020-09-04,0.19438575324655225,342.57000732421875
2020-09-08,0.19285596427560497,333.2099914550781
2020-09-09,0.19867451247811962,339.7900085449219
2020-09-10,0.1980244976008003,333.8900146484375
2020-09-11,0.19867451247811962,334.05999755859375
2020-09-14,0.18819892463327098,338.4599914550781
2020-09-15,0.19074217376352,340.1700134277344
2020-09-16,0.18826839980722118,338.82000732421875
2020-09-17,0.18923467216134715,335.8399963378906
2020-09-18,0.18778334197641064,330.6499938964844
2020-09-21,0.19139364776254345,326.9700012207031
2020-09-22,0.19139364776254345,330.29998779296875
2020-09-23,0.18826839980722118,322.6400146484375
2020-09-24,0.21718405303598096,323.5
2020-09-25,0.18808756408334423,328.7300109863281
2020-09-28,0.21487031516671826,334.19000244140625
2020-09-29,0.2195628696405952,332.3699951171875
2020-09-30,0.22117084083200145,334.8900146484375
2020-10-01,0.20871797141671825,337.0400085449219
2020-10-02,0.21593936500192334,333.8399963378906
2020-10-05,0.21220689353585886,339.760009765625
2020-10-06,0.21603144225717236,334.92999267578125
2020-10-07,0.21632978973031688,340.760009765625
2020-10-08,0.21331446227670361,343.7799987792969
2020-10-09,0.22183551368356397,346.8500061035156
2020-10-12,0.21715980109811472,352.42999267578125
2020-10-13,0.21715980109811472,350.1300048828125
2020-10-14,0.21980429229379345,347.92999267578125
2020-10-15,0.22017512855172802,347.5
2020-10-16,0.2105338817560737,347.2900085449219
2020-10-19,0.20444882926583935,342.010009765625
2020-10-20,0.2174693923914497,343.3800048828125
2020-10-21,0.1832901054346626,342.7300109863281
2020-10-22,0.18436665114999462,344.6099853515625
2020-10-23,0.18436665114999462,345.7799987792969
2020-10-26,0.1840597587549751,339.3900146484375
2020-10-27,0.19708119926095655,338.2200012207031
2020-10-28,0.19442843970895457,326.6600036621094
2020-10-29,0.22361848411203075,329.9800109863281
2020-10-30,0.21974274215341258,326.5400085449219
2020-11-02,0.22799626884103466,330.20001220703125
2020-11-03,0.22004875716806102,336.0299987792969
2020-11-04,0.22259202537179637,343.5400085449219
2020-11-05,0.20460386809945752,350.239990234375
2020-11-06,0.1813734310519709,350.1600036621094
2020-11-09,0.20425046500802685,354.55999755859375
2020-11-10,0.17657255824923654,354.0400085449219
2020-11-11,0.17657255824923654,356.6700134277344
2020-11-12,0.20425046500802685,353.2099914550781
2020-11-13,0.1798952930820002,358.1000061035156
2020-11-16,0.17620707210421702,362.57000732421875
2020-11-17,0.17723197635531565,360.6199951171875
2020-11-18,0.15924677547335764,356.2799987792969
2020-11-19,0.15976235088229318,357.7799987792969
2020-11-20,0.15535694774508615,355.3299865722656
2020-11-23,0.15950709995150705,357.4599914550781
2020-11-24,0.15535694774508615,363.2200012207031
2020-11-25,0.15535694774508615,362.6600036621094
2020-11-27,0.15317607578158518,363.6700134277344
2020-11-30,0.15317607578158518,362.05999755859375
2020-12-01,0.15453197177767894,366.0199890136719
2020-12-02,0.16461093601107735,366.7900085449219
2020-12-03,0.15738954242587228,366.69000244140625
2020-12-04,0.15738954242587228,369.8500061035156
2020-12-07,0.1547016876590266,369.0899963378906
2020-12-08,0.1547016876590266,370.1700134277344
2020-12-09,0.1547016876590266,366.8500061035156
2020-12-10,0.16117420848727365,366.7300109863281
2020-12-11,0.15702405628085275,366.29998779296875
2020-12-14,0.15702405628085275,364.6600036621094
2020-12-15,0.15885588344454904,369.5899963378906
2020-12-16,0.1580489605319514,370.1700134277344
2020-12-17,0.16445158656954903,372.239990234375
2020-12-18,0.16445158656954903,369.17999267578125
2020-12-21,0.1874616962397163,367.8599853515625
2020-12-22,0.15713102992892405,367.239990234375
2020-12-23,0.15483591731906077,367.57000732421875
2020-12-24,0.15483591731906077,369.0
2020-12-28,0.15483591731906077,372.1700134277344
2020-12-29,0.15454233821749827,371.4599914550781
2020-12-30,0.1530921905887141,371.989990234375
2020-12-31,0.1530921905887141,373.8800048828125
2021-01-04,0.1777013259851997,368.7900085449219
2021-01-05,0.18356773910165478,371.3299865722656
2021-01-06,0.1794450527155464,373.54998779296875
2021-01-07,0.15321729358554026,379.1000061035156
2021-01-08,0.15321729358554026,381.260009765625
2021-01-11,0.15321729358554026,378.69000244140625
2021-01-12,0.15428760227084298,378.7699890136719
2021-01-13,0.1501649158847346,379.7900085449219
2021-01-14,0.15161506351351878,378.4599914550781
2021-01-15,0.15163484271884103,375.70001220703125
2021-01-19,0.15588983234286446,378.6499938964844
2021-01-20,0.15176714595675608,383.8900146484375
2021-01-21,0.15176714595675608,384.239990234375
2021-01-22,0.15176714595675608,382.8800048828125
2021-01-25,0.15323707279086252,384.3900146484375
2021-01-26,0.15002341922640938,383.7900085449219
2021-01-27,0.1753264480555122,374.4100036621094
2021-01-28,0.18643014487863233,377.6300048828125
2021-01-29,0.18218511161447215,370.07000732421875
2021-02-01,0.19389479217172315,376.2300109863281
2021-02-02,0.1823873954737251,381.54998779296875
2021-02-03,0.15725273784518382,381.8500061035156
2021-02-04,0.15477896388888499,386.19000244140625
2021-02-05,0.15732021030306956,387.7099914550781
2021-02-08,0.1498829048526301,390.510009765625
2021-02-09,0.1498829048526301,390.25
2021-02-10,0.15034913715243478,390.0799865722656
2021-02-11,0.1478078907382502,390.7099914550781
2021-02-12,0.15034913715243478,392.6400146484375
2021-02-16,0.15034913715243478,392.29998779296875
2021-02-17,0.15034913715243478,392.3900146484375
2021-02-18,0.15018978771090646,390.7200012207031
2021-02-19,0.1524344890964045,390.0299987792969
2021-02-22,0.1476485412967219,387.0299987792969
2021-02-23,0.15363098796725413,387.5
2021-02-24,0.14873352702975412,391.7699890136719
2021-02-25,0.17699007568002392,382.3299865722656
2021-02-26,0.18274709281564405,380.3599853515625
2021-03-01,0.15687139209628245,389.5799865722656
2021-03-02,0.15477896388888499,386.5400085449219
2021-03-03,0.18701041755319286,381.4200134277344
2021-03-04,0.19463278350473096,376.70001220703125
2021-03-05,0.16729879077792306,383.6300048828125
2021-03-08,0.19007923659921336,381.7200012207031
2021-03-09,0.1646460312259211,387.1700134277344
2021-03-10,0.16240132984042305,389.5799865722656
2021-03-11,0.1525051372897639,393.5299987792969
2021-03-12,0.1516329162967219,394.05999755859375
2021-03-15,0.15287062343478341,396.4100036621094
2021-03-16,0.15491624530673165,395.9100036621094
2021-03-17,0.1543207710635676,397.260009765625
2021-03-18,0.1600920170199885,391.4800109863281
2021-03-19,0.15770949062228343,389.4800109863281
2021-03-22,0.15474983867526193,392.5899963378906
2021-03-23,0.1525051372897639,389.5
2021-03-24,0.16729879077792306,387.5199890136719
2021-03-25,0.1646460312259211,389.70001220703125
2021-03-26,0.1525051372897639,395.9800109863281
2021-03-29,0.1525051372897639,395.7799987792969
2021-03-30,0.1525051372897639,394.7300109863281
2021-03-31,0.15018276866793773,396.3299865722656
2021-04-01,0.15018276866793773,400.6099853515625
2021-04-05,0.15018276866793773,406.3599853515625
2021-04-06,0.15018276866793773,406.1199951171875
2021-04-07,0.1516329162967219,406.5899963378906
2021-04-08,0.1516329162967219,408.5199890136719
2021-04-09,0.15018276866793773,411.489990234375
2021-04-12,0.1516329162967219,411.6400146484375
2021-04-13,0.1516329162967219,412.8599853515625
2021-04-14,0.15416142162203927,411.45001220703125
2021-04-15,0.15587500270724436,415.8699951171875
2021-04-16,0.15475689586520333,417.260009765625
2021-04-19,0.15475689586520333,415.2099914550781
2021-04-20,0.15510022815585275,412.1700134277344
2021-04-21,0.1576468723666682,416.07000732421875
2021-04-22,0.16117500957369943,412.2699890136719
2021-04-23,0.1642727917087092,416.739990234375
2021-04-26,0.16117500957369943,417.6099853515625
2021-04-27,0.16117500957369943,417.5199890136719
2021-04-28,0.15923248943209786,417.3999938964844
2021-04-29,0.15923248943209786,420.05999755859375
2021-04-30,0.16009903606295725,417.29998779296875
2021-05-03,0.15597542461276193,418.20001220703125
2021-05-04,0.15287764247775218,415.6199951171875
2021-05-05,0.1553974598300471,415.75
2021-05-06,0.1512747734439387,419.07000732421875
2021-05-07,0.1512747734439387,422.1199951171875
2021-05-10,0.15287764247775218,417.94000244140625
2021-05-11,0.1553974598300471,414.2099914550781
2021-05-12,0.1805341201746528,405.4100036621094
2021-05-13,0.1659083717715754,410.2799987792969
2021-05-14,0.16166333850741524,416.5799865722656
2021-05-17,0.16166333850741524,415.5199890136719
2021-05-18,0.16166333850741524,411.94000244140625
2021-05-19,0.1659083717715754,410.8599853515625
2021-05-20,0.15176714595675608,415.2799987792969
2021-05-21,0.15176714595675608,414.94000244140625
2021-05-24,0.14873352702975412,419.1700134277344
2021-05-25,0.14873352702975412,418.239990234375
2021-05-26,0.1476485412967219,419.07000732421875
2021-05-27,0.1476485412967219,419.2900085449219
2021-05-28,0.1476485412967219,420.0400085449219
2021-06-01,0.1476485412967219,419.6700134277344
2021-06-02,0.1476485412967219,420.3299865722656
2021-06-03,0.1476485412967219,418.7699890136719
2021-06-04,0.1492408150088801,422.6000061035156
2021-06-07,0.1476485412967219,422.19000244140625
2021-06-08,0.1476485412967219,422.2799987792969
2021-06-09,0.1476485412967219,421.6499938964844
2021-06-10,0.1476485412967219,423.6099853515625
2021-06-11,0.1476485412967219,424.30999755859375
2021-06-14,0.1476485412967219,425.260009765625
2021-06-15,0.1476485412967219,424.4800109863281
2021-06-16,0.1476485412967219,422.1099853515625
2021-06-17,0.1517712276828303,421.9700012207031
2021-06-18,0.1476485412967219,414.9200134277344
2021-06-21,0.15875223811984202,420.8599853515625
2021-06-22,0.15450720485568187,423.1099853515625
2021-06-23,0.15450720485568187,422.6000061035156
2021-06-24,0.1492867248904719,425.1000061035156
2021-06-25,0.1492867248904719,426.6099853515625
2021-06-28,0.1476485412967219,427.4700012207031
2021-06-29,0.1476485412967219,427.70001220703125
2021-06-30,0.1476485412967219,428.05999755859375
2021-07-01,0.1476485412967219,430.42999267578125
2021-07-02,0.1476485412967219,433.7200012207031
2021-07-06,0.1476485412967219,432.92999267578125
2021-07-07,0.1476485412967219,434.4599914550781
2021-07-08,0.1476485412967219,430.9200134277344
2021-07-09,0.15285621341586253,435.5199890136719
2021-07-12,0.14873352702975412,437.0799865722656
2021-07-13,0.14873352702975412,435.5899963378906
2021-07-14,0.15020345386386055,436.239990234375
2021-07-15,0.14873352702975412,434.75
2021-07-16,0.14911846813082835,431.3399963378906
2021-07-19,0.15285621341586253,424.9700012207031
2021-07-20,0.15862989124179025,431.05999755859375
2021-07-21,0.1492867248904719,434.54998779296875
2021-07-22,0.1492867248904719,435.4599914550781
2021-07-23,0.1492867248904719,439.94000244140625
2021-07-26,0.14873352702975412,441.0199890136719
2021-07-27,0.1476485412967219,439.010009765625
2021-07-28,0.14911846813082835,438.8299865722656
2021-07-29,0.14555456813693185,440.6499938964844
2021-07-30,0.14555456813693185,438.510009765625
2021-08-02,0.1470244949710383,437.5899963378906
2021-08-03,0.15033128436923165,441.1499938964844
2021-08-04,0.1476485412967219,438.9800109863281
2021-08-05,0.14925996478915354,441.760009765625
2021-08-06,0.14779003795504708,442.489990234375
2021-08-09,0.14684423145175118,442.1300048828125
2021-08-10,0.14684423145175118,442.67999267578125
2021-08-11,0.14684423145175118,443.7799987792969
2021-08-12,0.14684423145175118,445.1099853515625
2021-08-13,0.14475025829196114,445.9200134277344
2021-08-16,0.14475025829196114,446.9700012207031
2021-08-17,0.14475025829196114,444.0400085449219
2021-08-18,0.14887294467806955,439.17999267578125
2021-08-19,0.1498164337527766,439.8599853515625
2021-08-20,0.14569374736666818,443.3599853515625
2021-08-23,0.14569374736666818,447.260009765625
2021-08-24,0.14569374736666818,447.9700012207031
2021-08-25,0.14671865161776682,448.9100036621094
2021-08-26,0.14475025829196114,446.260009765625
2021-08-27,0.14887294467806955,450.25
2021-08-30,0.14475025829196114,452.2300109863281
2021-08-31,0.14729150470614571,451.55999755859375
2021-09-01,0.14475025829196114,451.79998779296875
2021-09-02,0.14475025829196114,453.19000244140625
2021-09-03,0.14475025829196114,453.0799865722656
2021-09-07,0.14475025829196114,451.4599914550781
2021-09-08,0.1462201851260676,450.9100036621094
2021-09-09,0.14475025829196114,448.9800109863281
2021-09-10,0.1462201851260676,445.44000244140625
2021-09-13,0.1498164337527766,446.5799865722656
2021-09-14,0.14569374736666818,444.1700134277344
2021-09-15,0.14935032543063304,447.8800048828125
2021-09-16,0.14569374736666818,447.1700134277344
2021-09-17,0.14569374736666818,441.3999938964844
2021-09-20,0.17749434051156687,434.0400085449219
2021-09-21,0.14562290843844553,433.6300048828125
2021-09-22,0.14150022205233712,437.8599853515625
2021-09-23,0.14150022205233712,443.17999267578125
2021-09-24,0.14119511302828927,443.9100036621094
2021-09-27,0.14190256770968576,442.6400146484375
2021-09-28,0.14031565364718576,433.7200012207031
2021-09-29,0.14421858486056466,434.45001220703125
2021-09-30,0.1399735515964045,429.1400146484375
2021-10-01,0.14471459087252755,434.239990234375
2021-10-04,0.1399735515964045,428.6400146484375
2021-10-05,0.14592626270175119,433.1000061035156
2021-10-06,0.1399735515964045,434.8999938964844
2021-10-07,0.1399735515964045,438.6600036621094
2021-10-08,0.14037589725375316,437.8599853515625
2021-10-11,0.14037589725375316,434.69000244140625
2021-10-12,0.14310220416903635,433.6199951171875
2021-10-13,0.1388571709048762,435.17999267578125
2021-10-14,0.1388571709048762,442.5
2021-10-15,0.1388571709048762,445.8699951171875
2021-10-18,0.13965003665805,447.19000244140625
2021-10-19,0.13965003665805,450.6400146484375
2021-10-20,0.13980938609957835,452.4100036621094
2021-10-21,0.13980938609957835,453.5899963378906
2021-10-22,0.13980938609957835,453.1199951171875
2021-10-25,0.14088304218173167,455.54998779296875
2021-10-26,0.14118815120577952,455.9599914550781
2021-10-27,0.13965003665805,453.94000244140625
2021-10-28,0.14189473804354807,458.32000732421875
2021-10-29,0.14118815120577952,459.25
2021-11-01,0.14555456813693185,460.0400085449219
2021-11-02,0.14809581455111642,461.8999938964844
2021-11-03,0.14809581455111642,464.7200012207031
2021-11-04,0.14809581455111642,466.9100036621094
2021-11-05,0.14809581455111642,468.5299987792969
2021-11-08,0.14809581455111642,468.92999267578125
2021-11-09,0.14809581455111642,467.3800048828125
2021-11-10,0.14956574138522288,463.6199951171875
2021-11-11,0.15316199001193184,463.7699890136719
2021-11-12,0.14903930362582346,467.2699890136719
2021-11-15,0.14903930362582346,467.42999267578125
2021-11-16,0.14903930362582346,469.2799987792969
2021-11-17,0.14903930362582346,468.1400146484375
2021-11-18,0.14809581455111642,469.7300109863281
2021-11-19,0.14809581455111642,468.8900146484375
2021-11-22,0.14809581455111642,467.57000732421875
2021-11-23,0.14809581455111642,468.19000244140625
2021-11-24,0.14809581455111642,469.44000244140625
2021-11-26,0.17577372130990673,458.9700012207031
2021-11-29,0.14488910373568673,464.6000061035156
2021-11-30,0.17377361831308055,455.55999755859375
2021-12-01,0.1737786823237007,450.5
2021-12-02,0.17298581657052686,457.3999938964844
2021-12-03,0.1699304347956245,453.4200134277344
2021-12-06,0.1726893573725288,458.7900085449219
2021-12-07,0.14076641734957834,468.2799987792969
2021-12-08,0.14707669910311838,469.5199890136719
2021-12-09,0.14707669910311838,466.3500061035156
2021-12-10,0.15197416004061837,470.739990234375
2021-12-13,0.14508833583712716,466.57000732421875
2021-12-14,0.15166727718234202,463.3599853515625
2021-12-15,0.14757098850131173,470.6000061035156
2021-12-16,0.146769816244842,466.45001220703125
2021-12-17,0.14723634418368478,459.8699951171875
2021-12-20,0.1456009930026545,454.9800109863281
2021-12-21,0.15802150424838204,463.05999755859375
2021-12-22,0.15312404331088206,467.69000244140625
2021-12-23,0.14516702350497385,470.6000061035156
2021-12-27,0.14516702350497385,477.260009765625
2021-12-28,0.14560151752352854,476.8699951171875
2021-12-29,0.14700701412081857,477.4800109863281
2021-12-30,0.1433626526248469,476.1600036621094
2021-12-31,0.14305754360079903,474.9599914550781
2022-01-03,0.143392187918426,477.7099914550781
2022-01-04,0.14369729694247385,477.54998779296875
2022-01-05,0.14416352924227854,468.3800048828125
2022-01-06,0.1503991287601008,467.94000244140625
2022-01-07,0.15010890659213205,466.0899963378906
2022-01-10,0.14821260150790352,465.510009765625
2022-01-11,0.1459679001224055,469.75
2022-01-12,0.1459679001224055,471.0199890136719
2022-01-13,0.14262541469454904,464.5299987792969
2022-01-14,0.14976174053073069,464.7200012207031
2022-01-18,0.14486427959323067,456.489990234375
2022-01-19,0.15802150424838204,451.75
2022-01-20,0.19149898109079053,446.75
2022-01-21,0.1911550670588081,437.9800109863281
2022-01-24,0.19359189567208934,439.8399963378906
2022-01-25,0.1891955142939155,434.4700012207031
2022-01-26,0.19303833541513135,433.3800048828125
2022-01-27,0.193073831173188,431.239990234375
2022-01-28,0.19356245574594189,441.95001220703125
2022-01-31,0.15609517749667307,449.9100036621094
2022-02-01,0.15274724658846994,452.95001220703125
2022-02-02,0.14984964069247383,457.3500061035156
2022-02-03,0.1491985958468928,446.6000061035156
2022-02-04,0.16663854297518868,448.70001220703125
2022-02-07,0.16264342960238595,447.260009765625
2022-02-08,0.16348977741122384,450.94000244140625
2022-02-09,0.16534032520175118,457.5400085449219
2022-02-10,0.16199238475680489,449.32000732421875
2022-02-11,0.1971683841669624,440.4599914550781
2022-02-14,0.19646524009347607,439.0199890136719
2022-02-15,0.19524848518014598,446.1000061035156
2022-02-16,0.1656952541720881,446.6000061035156
2022-02-17,0.19337316093087842,437.05999755859375
2022-02-18,0.2009615570032661,434.2300109863281
2022-02-22,0.223932509990937,429.57000732421875
2022-02-23,0.223932509990937,421.95001220703125
2022-02-24,0.2306176906549995,428.29998779296875
2022-02-25,0.22924586829782176,437.75
2022-02-28,0.21889933166146924,436.6300048828125
2022-03-01,0.21847492751718212,429.9800109863281
2022-03-02,0.2224186855280464,437.8900146484375
2022-03-03,0.20563797530770947,435.7099914550781
2022-03-04,0.20711329993844677,432.1700134277344
2022-03-07,0.22778880653024364,419.42999267578125
2022-03-08,0.23972850379586863,416.25
2022-03-09,0.23972850379586863,427.4100036621094
2022-03-10,0.2373326450312202,425.4800109863281
2022-03-11,0.23798366126657178,420.07000732421875
2022-03-14,0.23794297752023388,417.0
2022-03-15,0.2180879169428413,426.1700134277344
2022-03-16,0.20710492667794872,435.6199951171875
2022-03-17,0.205929055782563,441.07000732421875
2022-03-18,0.1775438755404963,444.5199890136719
2022-03-21,0.17549503978610176,444.3900146484375
2022-03-22,0.17535354312777657,449.5899963378906
2022-03-23,0.1746462696445002,443.79998779296875
2022-03-24,0.1812036198031916,450.489990234375
2022-03-25,0.1755794208896174,452.69000244140625
2022-03-28,0.1775438755404963,455.9100036621094
2022-03-29,0.17697263416171213,461.54998779296875
2022-03-30,0.17680523570895335,458.70001220703125
2022-03-31,0.17800467189669747,451.6400146484375
2022-04-01,0.18506997760653635,452.9200134277344
2022-04-04,0.18148094829440256,456.79998779296875
2022-04-05,0.18148094829440256,451.0299987792969
2022-04-06,0.18976973232150215,446.5199890136719
2022-04-07,0.18976973232150215,448.7699890136719
2022-04-08,0.17655247386813303,447.57000732421875
2022-04-11,0.17304309543490548,439.9200134277344
2022-04-12,0.18976973232150215,438.2900085449219
2022-04-13,0.21562725719332834,443.30999755859375
2022-04-14,0.18268403705477854,437.7900085449219
2022-04-18,0.18683418926119943,437.9700012207031
2022-04-19,0.18319204982638498,445.0400085449219
2022-04-20,0.15241683658480784,444.7099914550781
2022-04-21,0.15241683658480784,438.05999755859375
2022-04-22,0.19269093093515088,426.0400085449219
2022-04-25,0.19466282424569775,428.510009765625
2022-04-26,0.19029110488534617,416.1000061035156
2022-04-27,0.30299893912912057,417.2699890136719
2022-04-28,0.2856507068598335,427.80999755859375
2022-04-29,0.25339217719674756,412.0
2022-05-02,0.3272479587519233,414.4800109863281
2022-05-03,0.33128001746774366,416.3800048828125
2022-05-04,0.27079423484445264,429.05999755859375
2022-05-05,0.23000552711129832,413.80999755859375
2022-05-06,0.32682654914498976,411.3399963378906
2022-05-09,0.2662822872126167,398.1700134277344
2022-05-10,0.31689137992501903,399.0899963378906
2022-05-11,0.32810300407052684,392.75
2022-05-12,0.3285691410028999,392.3399963378906
2022-05-13,0.2681120449030464,401.7200012207031
2022-05-16,0.2657228809320991,400.0899963378906
2022-05-17,0.24641559180856396,408.32000732421875
2022-05-18,0.23538634833932567,391.8599853515625
2022-05-19,0.31092179832101513,389.4599914550781
2022-05-20,0.29824096259713817,389.6300048828125
2022-05-23,0.29701934394479446,396.9200134277344
2022-05-24,0.30827197608590773,393.8900146484375
2022-05-25,0.2955911403620307,397.3699951171875
2022-05-26,0.2379794841730659,405.30999755859375
2022-05-27,0.22544347343087842,415.260009765625
2022-05-31,0.19755381164193797,412.92999267578125
2022-06-01,0.20749609527230908,409.5899963378906
2022-06-02,0.18024259265780587,417.3900146484375
2022-06-03,0.17617691692233223,410.5400085449219
2022-06-06,0.21735277709603953,411.7900085449219
2022-06-07,0.18178011592745918,415.739990234375
2022-06-08,0.1810728424441828,411.2200012207031
2022-06-09,0.2121091514551704,401.44000244140625
2022-06-10,0.2507581859552925,389.79998779296875
2022-06-13,0.25579324302316353,375.0
2022-06-14,0.3104894596064155,373.8699951171875
2022-06-15,0.3121960025751655,379.20001220703125
2022-06-16,0.31355018195748974,366.6499938964844
2022-06-17,0.32038516578317333,365.8599853515625
2022-06-21,0.28909799155831983,375.07000732421875
2022-06-22,0.2758680492365425,374.3900146484375
2022-06-23,0.2761265903437202,378.05999755859375
2022-06-24,0.2761265903437202,390.0799865722656
2022-06-27,0.22815536079049756,388.5899963378906
2022-06-28,0.22839320716500927,380.6499938964844
2022-06-29,0.26977815208078076,380.3399963378906
2022-06-30,0.2492160373652046,377.25
2022-07-01,0.2775011783564155,381.239990234375
2022-07-05,0.2507047420466011,381.9599914550781
2022-07-06,0.2507047420466011,383.25
2022-07-07,0.2375818592035835,388.989990234375
2022-07-08,0.20353506740450997,388.6700134277344
2022-07-11,0.22966458854318308,384.2300109863281
2022-07-12,0.2369270282709663,380.8299865722656
2022-07-13,0.2369270282709663,378.8299865722656
2022-07-14,0.23040662345529248,377.9100036621094
2022-07-15,0.20053715404391428,385.1300048828125
2022-07-18,0.2269081836664741,381.95001220703125
2022-07-19,0.20087656673312326,392.2699890136719
2022-07-20,0.1992302769076838,394.7699890136719
2022-07-21,0.1992302769076838,398.7900085449219
2022-07-22,0.1992302769076838,395.0899963378906
2022-07-25,0.17432827648043772,395.57000732421875
2022-07-26,0.1702880447757258,390.8900146484375
2022-07-27,0.20236525234103342,401.0400085449219
2022-07-28,0.1702880447757258,406.07000732421875
2022-07-29,0.1702880447757258,411.989990234375
2022-08-01,0.1702880447757258,410.7699890136719
2022-08-02,0.16864936527133126,408.05999755859375
2022-08-03,0.16913014110446115,414.45001220703125
2022-08-04,0.14369341548800607,414.1700134277344
2022-08-05,0.14369341548800607,413.4700012207031
2022-08-08,0.14369341548800607,412.989990234375
2022-08-09,0.14369341548800607,411.3500061035156
2022-08-10,0.14504931148409983,419.989990234375
2022-08-11,0.14355191882968088,419.989990234375
2022-08-12,0.14355191882968088,427.1000061035156
2022-08-15,0.14375528034091134,428.8599853515625
2022-08-16,0.14375528034091134,429.70001220703125
2022-08-17,0.14375528034091134,426.6499938964844
2022-08-18,0.14804692920565743,427.8900146484375
2022-08-19,0.14369341548800607,422.1400146484375
2022-08-22,0.15001555141329903,413.3500061035156
2022-08-23,0.1596288650882258,412.3500061035156
2022-08-24,0.1563164871585383,413.6700134277344
2022-08-25,0.15660822566867014,419.510009765625
2022-08-26,0.1831566196405952,405.30999755859375
2022-08-29,0.2333035617792671,402.6300048828125
2022-08-30,0.23644725379586864,398.2099914550781
2022-08-31,0.2143642192804878,395.17999267578125
2022-09-01,0.2143642192804878,396.4200134277344
2022-09-02,0.1836737495386665,392.239990234375
2022-09-06,0.1874821334803169,390.760009765625
2022-09-07,0.15715146716952463,397.7799987792969
2022-09-08,0.16556052860140938,400.3800048828125
2022-09-09,0.14441525157809396,406.6000061035156
2022-09-12,0.14441525157809396,410.9700012207031
2022-09-13,0.16977967795968701,393.1000061035156
2022-09-14,0.26950065192819284,394.6000061035156
2022-09-15,0.26043916282296825,390.1199951171875
2022-09-16,0.2966834979975288,385.55999755859375
2022-09-19,0.2990022235834663,388.54998779296875
2022-09-20,0.2963995128595893,384.0899963378906
2022-09-21,0.22859956321359326,377.3900146484375
2022-09-22,0.2289043575251167,374.2200012207031
2022-09-23,0.22859956321359326,367.95001220703125
2022-09-26,0.2289043575251167,364.30999755859375
2022-09-27,0.26034131583810494,363.3800048828125
2022-09-28,0.25182908591867137,370.5299987792969
2022-09-29,0.22492095527291942,362.7900085449219
2022-09-30,0.25416389045358345,357.17999267578125
2022-10-03,0.28148101386666946,366.6099853515625
2022-10-04,0.24923797187448193,377.9700012207031
2022-10-05,0.21741355476022411,377.0899963378906
2022-10-06,0.21343386230111766,373.20001220703125
2022-10-07,0.21555566367746043,362.7900085449219
2022-10-10,0.23853145179391552,360.0199890136719
2022-10-11,0.2857582431757515,357.739990234375
2022-10-12,0.2833487850153511,356.55999755859375
2022-10-13,0.2626576000177925,365.9700012207031
2022-10-14,0.26102994498849563,357.6300048828125
2022-10-17,0.25036450919748,366.82000732421875
2022-10-18,0.2516396861994331,371.1300048828125
2022-10-19,0.2399475246393745,368.5
2022-10-20,0.2471034198725288,365.4100036621094
2022-10-21,0.24939420280099558,374.2900085449219
2022-10-24,0.22761546668649366,378.8699951171875
2022-10-25,0.2269081836664741,384.9200134277344
2022-10-26,0.2244189029657905,382.0199890136719
2022-10-27,0.22878926810861278,379.9800109863281
2022-10-28,0.22957702216745068,389.0199890136719
2022-10-31,0.2244189029657905,386.2099914550781
2022-11-01,0.22878926810861278,384.5199890136719
2022-11-02,0.22738084373117137,374.8699951171875
2022-11-03,0.24457194862008738,371.010009765625
2022-11-04,0.21760132488131662,376.3500061035156
2022-11-07,0.2162295215976252,379.95001220703125
2022-11-08,0.243200145336396,382.0
2022-11-09,0.2422928958857124,374.1300048828125
2022-11-10,0.21633070644259592,394.69000244140625
2022-11-11,0.21722769435763498,398.510009765625
2022-11-14,0.21458168681979317,395.1199951171875
2022-11-15,0.21557058986544747,398.489990234375
2022-11-16,0.1827193325412287,395.45001220703125
2022-11-17,0.17627095874667306,394.239990234375
2022-11-18,0.17173232730746407,396.0299987792969
2022-11-21,0.1967409962070002,394.5899963378906
2022-11-22,0.17173232730746407,399.8999938964844
2022-11-23,0.17102668460726878,402.4200134277344
2022-11-25,0.16778705295443674,402.3299865722656
2022-11-28,0.16758369144320626,395.9100036621094
2022-11-29,0.17464033779025215,395.2300109863281
2022-11-30,0.17015242275118966,407.67999267578125
2022-12-01,0.17015242275118966,407.3800048828125
2022-12-02,0.17015242275118966,406.9100036621094
2022-12-05,0.17015242275118966,399.5899963378906
2022-12-06,0.18353448566317696,393.8299865722656
2022-12-07,0.18353448566317696,393.1600036621094
2022-12-08,0.1807899635684504,396.239990234375
2022-12-09,0.17966045078158516,393.2799987792969
2022-12-12,0.21097963866830516,398.95001220703125
2022-12-13,0.17076630290866038,401.9700012207031
2022-12-14,0.16718990978121895,399.3999938964844
2022-12-15,0.17381264385104317,389.6300048828125
2022-12-16,0.18611137088656562,383.2699890136719
2022-12-19,0.20769602474093576,380.0199890136719
2022-12-20,0.20769602474093576,380.5400085449219
2022-12-21,0.20393021282076973,386.2300109863281
2022-12-22,0.20393021282076973,380.7200012207031
2022-12-23,0.18645528491854807,382.9100036621094
2022-12-27,0.1497048347842707,381.3999938964844
2022-12-28,0.14702253040194652,376.6600036621094
2022-12-29,0.15957147296786447,383.44000244140625
2022-12-30,0.15464243587374826,382.42999267578125
2023-01-03,0.14502913173556467,380.82000732421875
2023-01-04,0.14702253040194652,383.760009765625
2023-01-05,0.1456801765811457,379.3800048828125
2023-01-06,0.14967528995394846,388.0799865722656
2023-01-09,0.1661744087588801,387.8599853515625
2023-01-10,0.1661744087588801,390.5799865722656
2023-01-11,0.1661744087588801,395.5199890136719
2023-01-12,0.1661744087588801,396.9599914550781
2023-01-13,0.1634504097354426,398.5
2023-01-17,0.14230513271212716,397.7699890136719
2023-01-18,0.14230513271212716,391.489990234375
2023-01-19,0.1494345348727717,388.6400146484375
2023-01-20,0.16327183421969552,395.8800048828125
2023-01-23,0.15492531474948068,400.6300048828125
2023-01-24,0.15492531474948068,400.20001220703125
2023-01-25,0.15492531474948068,400.3500061035156
2023-01-26,0.14643963512301583,404.75
2023-01-27,0.1421017712008967,405.67999267578125
2023-01-30,0.14230513271212716,400.5899963378906
2023-01-31,0.14917928394198557,406.4800109863281
2023-02-01,0.14502913173556467,410.79998779296875
2023-02-02,0.14647927936434885,416.7799987792969
2023-02-03,0.14647927936434885,412.3500061035156
2023-02-06,0.15088468250155587,409.8299865722656
2023-02-07,0.15062943157076975,415.19000244140625
2023-02-08,0.14647927936434885,410.6499938964844
2023-02-09,0.15088468250155587,407.0899963378906
2023-02-10,0.16052562412142893,408.0400085449219
2023-02-13,0.14647927936434885,412.8299865722656
2023-02-14,0.15067564662814278,412.6400146484375
2023-02-15,0.15067564662814278,413.9800109863281
2023-02-16,0.15067564662814278,408.2799987792969
2023-02-17,0.15482579883456368,407.260009765625
2023-02-21,0.15162884410739083,399.0899963378906
2023-02-22,0.1653545444858088,398.5400085449219
2023-02-23,0.1612043922793879,400.6600036621094
2023-02-24,0.1612043922793879,396.3800048828125
2023-02-27,0.1653545444858088,397.7300109863281
2023-02-28,0.16007487949252266,396.260009765625
2023-03-01,0.15280560191989084,394.739990234375
2023-03-02,0.15280560191989084,397.80999755859375
2023-03-03,0.1513082092654719,404.19000244140625
2023-03-06,0.14728109058261057,404.4700012207031
2023-03-07,0.14728109058261057,398.2699890136719
2023-03-08,0.15432884868502755,398.9200134277344
2023-03-09,0.15017869647860665,391.55999755859375
2023-03-10,0.1653545444858088,385.9100036621094
2023-03-13,0.1931845432245796,385.3599853515625
2023-03-14,0.16178596195101877,391.7300109863281
2023-03-15,0.18888229903817821,389.2799987792969
2023-03-16,0.1653545444858088,396.1099853515625
2023-03-17,0.17785660323739697,389.989990234375
2023-03-20,0.1632729023349299,393.739990234375
2023-03-21,0.15550544437289376,398.9100036621094
2023-03-22,0.15639250453829903,392.1099853515625
2023-03-23,0.16757297214388986,393.1700134277344
2023-03-24,0.16007487949252266,395.75
2023-03-27,0.15946162876010078,396.489990234375
2023-03-28,0.15511941608309884,395.6000061035156
2023-03-29,0.1603398960483088,401.3500061035156
2023-03-30,0.1475461071383967,403.70001220703125
2023-03-31,0.1475461071383967,409.3900146484375
2023-04-03,0.15303457912326,410.95001220703125
2023-04-04,0.15303457912326,408.6700134277344
2023-04-05,0.15671862300753733,407.6000061035156
2023-04-06,0.15303457912326,409.19000244140625
2023-04-10,0.15303457912326,409.6099853515625
2023-04-11,0.15303457912326,409.7200012207031
2023-04-12,0.15303457912326,408.04998779296875
2023-04-13,0.15088761028170725,413.4700012207031
2023-04-14,0.15303457912326,412.4599914550781
2023-04-17,0.15303457912326,413.94000244140625
2023-04-18,0.15018276866793773,414.2099914550781
2023-04-19,0.14653840717196603,414.1400146484375
2023-04-20,0.14500031169772287,411.8800048828125
2023-04-21,0.1494316643130793,412.20001220703125
2023-04-24,0.14629110988497873,412.6300048828125
2023-04-25,0.14629110988497873,406.0799865722656
2023-04-26,0.15924478229403635,404.3599853515625
2023-04-27,0.15930081066012522,412.4100036621094
2023-04-28,0.15275400813937326,415.92999267578125
2023-05-01,0.1534725445163264,415.510009765625
2023-05-02,0.1539554375064387,410.8399963378906
2023-05-03,0.15254028018832347,408.0199890136719
2023-05-04,0.1518878525149836,405.1300048828125
2023-05-05,0.1518878525149836,412.6300048828125
2023-05-08,0.14861007388949532,412.739990234375
2023-05-09,0.14715992626071114,410.92999267578125
2023-05-10,0.14875219997286934,412.8500061035156
2023-05-11,0.14764281925082345,412.1300048828125
2023-05-12,0.14532385524630687,411.5899963378906
2023-05-15,0.14532385524630687,413.010009765625
2023-05-16,0.14484096225619456,410.25
2023-05-17,0.1492274921786799,415.2300109863281
2023-05-18,0.14498245891451975,419.2300109863281
2023-05-19,0.14498245891451975,418.6199951171875
2023-05-22,0.14498245891451975,418.7900085449219
2023-05-23,0.14498245891451975,414.0899963378906
2023-05-24,0.15140495952487132,411.0899963378906
2023-05-25,0.15205738719821116,414.6499938964844
2023-05-26,0.14715992626071114,420.0199890136719
2023-05-30,0.14715992626071114,420.17999267578125
2023-05-31,0.14715992626071114,417.8500061035156
2023-06-01,0.1515912788760676,421.82000732421875
2023-06-02,0.1328818987469085,427.9200134277344
2023-06-05,0.13525679575008231,427.1000061035156
2023-06-06,0.1328818987469085,428.0299987792969
2023-06-07,0.1328818987469085,426.54998779296875
2023-06-08,0.13766786562007743,429.1300048828125
2023-06-09,0.1354231642345794,429.8999938964844
2023-06-12,0.1476485412967219,433.79998779296875
2023-06-13,0.13806437479060968,436.6600036621094
2023-06-14,0.14060562120479425,437.17999267578125
2023-06-15,0.14060562120479425,442.6000061035156
2023-06-16,0.14060562120479425,439.4599914550781
2023-06-20,0.14486980424922785,437.17999267578125
2023-06-21,0.1431605337719329,434.94000244140625
2023-06-22,0.1431605337719329,436.510009765625
2023-06-23,0.14169060693782648,433.2099914550781
2023-06-26,0.1458132933239349,431.44000244140625
2023-06-27,0.14061928735774834,436.1700134277344
2023-06-28,0.14169060693782648,436.3900146484375
2023-06-29,0.14169060693782648,438.1099853515625
2023-06-30,0.14169060693782648,443.2799987792969
2023-07-03,0.14060562120479425,443.7900085449219
2023-07-05,0.14060562120479425,443.1300048828125
2023-07-06,0.15018978771090646,439.6600036621094
2023-07-07,0.14537506090205987,438.54998779296875
2023-07-10,0.1512747734439387,439.6600036621094
2023-07-11,0.14169060693782648,442.4599914550781
2023-07-12,0.14169060693782648,446.0199890136719
2023-07-13,0.14169060693782648,449.55999755859375
2023-07-14,0.14060562120479425,449.2799987792969
2023-07-17,0.14060562120479425,450.8399963378906
2023-07-18,0.14060562120479425,454.19000244140625
2023-07-19,0.14060562120479425,455.20001220703125
2023-07-20,0.14060562120479425,452.17999267578125
2023-07-21,0.14486980424922785,452.17999267578125
2023-07-24,0.14074711786311944,454.20001220703125
2023-07-25,0.14074711786311944,455.44000244140625
2023-07-26,0.14074711786311944,455.510009765625
2023-07-27,0.14074711786311944,452.489990234375
2023-07-28,0.13714608179134208,456.9200134277344
2023-07-31,0.13740156160396416,457.7900085449219
2023-08-01,0.13740156160396416,456.4800109863281
2023-08-02,0.14481129344821114,450.1300048828125
2023-08-03,0.14898277934909007,448.8399963378906
2023-08-04,0.14939914401888987,446.80999755859375
2023-08-07,0.1463300197970881,450.7099914550781
2023-08-08,0.14455498393893382,448.75
2023-08-09,0.14479190524935862,445.75
2023-08-10,0.14744466480136056,445.9100036621094
2023-08-11,0.13497081743282158,445.6499938964844
2023-08-14,0.13527592645686942,448.1099853515625
2023-08-15,0.1479292171847834,442.8900146484375
2023-08-16,0.15205190357089182,439.6400146484375
2023-08-17,0.14898277934909007,436.2900085449219
2023-08-18,0.15285621341586253,436.5
2023-08-21,0.14486009296298166,439.3399963378906
2023-08-22,0.1479292171847834,438.1499938964844
2023-08-23,0.1479292171847834,443.0299987792969
2023-08-24,0.1479292171847834,436.8900146484375
2023-08-25,0.14744466480136056,439.9700012207031
2023-08-28,0.14332197841525215,442.760009765625
2023-08-29,0.1383450506786712,449.1600036621094
2023-08-30,0.1383450506786712,451.010009765625
2023-08-31,0.13610958086055597,450.3500061035156
2023-09-01,0.13516609178584893,451.19000244140625
2023-09-05,0.13516609178584893,449.239990234375
2023-09-06,0.1366360186199554,446.2200012207031
2023-09-07,0.14023226724666438,444.8500061035156
2023-09-08,0.13757950769466243,445.5199890136719
2023-09-11,0.13610958086055597,448.45001220703125
2023-09-12,0.13610958086055597,445.989990234375
2023-09-13,0.13976615892452082,446.510009765625
2023-09-14,0.13516609178584893,450.3599853515625
2023-09-15,0.13516609178584893,443.3699951171875
2023-09-18,0.14103657709163508,443.6300048828125
2023-09-19,0.13691389070552668,442.7099914550781
2023-09-20,0.14569374736666818,438.6400146484375
2023-09-21,0.14642721828341623,431.3900146484375
2023-09-22,0.1450114506137385,430.4200134277344
2023-09-25,0.1399735515964045,432.2300109863281
2023-09-26,0.1399735515964045,425.8800048828125
2023-09-27,0.14421858486056466,426.04998779296875
2023-09-28,0.1399735515964045,428.5199890136719
2023-09-29,0.14037589725375316,427.4800109863281
2023-10-02,0.14037589725375316,427.30999755859375
2023-10-03,0.1410269420993342,421.5899963378906
2023-10-04,0.1451169365298762,424.6600036621094
2023-10-05,0.1410269420993342,424.5
2023-10-06,0.1410269420993342,429.5400085449219
2023-10-09,0.14037589725375316,432.2900085449219
2023-10-10,0.14037589725375316,434.5400085449219
2023-10-11,0.1388571709048762,436.32000732421875
2023-10-12,0.1388571709048762,433.6600036621094
2023-10-13,0.14297985729098459,431.5
2023-10-16,0.14032709773898264,436.0400085449219
2023-10-17,0.13965003665805,436.0199890136719
2023-10-18,0.13965003665805,430.2099914550781
2023-10-19,0.14683915790438792,426.42999267578125
2023-10-20,0.14956324275851388,421.19000244140625
2023-10-23,0.15523085292697092,420.4599914550781
2023-10-24,0.15317879375338694,423.6300048828125
2023-10-25,0.15317879375338694,417.54998779296875
2023-10-26,0.15523085292697092,412.54998779296875
2023-10-27,0.15523085292697092,410.67999267578125
2023-10-30,0.153822457159759,415.5899963378906
2023-10-31,0.15317879375338694,418.20001220703125
2023-11-01,0.15317879375338694,422.6600036621094
2023-11-02,0.14478709873080392,430.760009765625
2023-11-03,0.129273004398764,434.69000244140625
2023-11-06,0.13007897363704524,435.69000244140625
2023-11-07,0.13007897363704524,436.92999267578125
2023-11-08,0.129273004398764,437.25
2023-11-09,0.1388571709048762,433.8399963378906
2023-11-10,0.13417046533626398,440.6099853515625
2023-11-13,0.12943235384029228,440.19000244140625
2023-11-14,0.12943235384029228,448.7300109863281
2023-11-15,0.13353325830501397,449.67999267578125
2023-11-16,0.13276648508113703,450.2300109863281
2023-11-17,0.13276648508113703,450.7900085449219
2023-11-20,0.13276648508113703,454.260009765625
2023-11-21,0.13276648508113703,453.2699890136719
2023-11-22,0.1302252195934661,455.0199890136719
2023-11-24,0.12943235384029228,455.29998779296875
2023-11-27,0.13181426988643485,454.4800109863281
2023-11-28,0.13181426988643485,454.92999267578125
2023-11-29,0.129273004398764,454.6099853515625
2023-11-30,0.129273004398764,456.3999938964844
2023-12-01,0.13181426988643485,459.1000061035156
2023-12-04,0.13181426988643485,456.69000244140625
2023-12-05,0.13434883104366144,456.6000061035156
2023-12-06,0.13181426988643485,454.760009765625
2023-12-07,0.13340654359859308,458.2300109863281
2023-12-08,0.13181426988643485,460.20001220703125
2023-12-11,0.13181426988643485,461.989990234375
2023-12-12,0.13181426988643485,464.1000061035156
2023-12-13,0.13181426988643485,470.5
2023-12-14,0.1326071356396087,472.010009765625
2023-12-15,0.13414524065059502,469.3299865722656
2023-12-18,0.1367298220257171,471.9700012207031
2023-12-19,0.1326071356396087,474.8399963378906
2023-12-20,0.1326071356396087,468.260009765625
2023-12-21,0.13745568262142022,472.70001220703125
2023-12-22,0.1333329962353118,473.6499938964844
2023-12-26,0.13412586198848564,475.6499938964844
2023-12-27,0.13412586198848564,476.510009765625
2023-12-28,0.13412586198848564,476.69000244140625
2023-12-29,0.1326071356396087,475.30999755859375
2024-01-02,0.13407706247371515,472.6499938964844
2024-01-03,0.13593695627254326,468.7900085449219
2024-01-04,0.13491441713374933,467.2799987792969
2024-01-05,0.13226165758174738,467.9200134277344
2024-01-08,0.13079173074764094,474.6000061035156
2024-01-09,0.13079173074764094,473.8800048828125
2024-01-10,0.13079173074764094,476.55999755859375
2024-01-11,0.129273004398764,476.3500061035156
2024-01-12,0.129273004398764,476.67999267578125
2024-01-16,0.129273004398764,474.92999267578125
2024-01-17,0.13074293123287042,472.2900085449219
2024-01-18,0.13339569078487237,476.489990234375
2024-01-19,0.129273004398764,482.42999267578125
2024-01-22,0.13181426988643485,483.45001220703125
2024-01-23,0.13181426988643485,484.8599853515625
2024-01-24,0.13181426988643485,485.3900146484375
2024-01-25,0.13180282579463798,488.0299987792969
2024-01-26,0.13180282579463798,487.4100036621094
2024-01-29,0.13303583131831964,491.2699890136719
2024-01-30,0.13049456583064872,490.8900146484375
2024-01-31,0.1307996748546966,482.8800048828125
2024-02-01,0.13490297304195245,489.20001220703125
2024-02-02,0.13231840120357355,494.3500061035156
2024-02-05,0.13610958086055597,492.54998779296875
2024-02-06,0.13632958398860773,493.9800109863281
2024-02-07,0.13610958086055597,498.1000061035156
2024-02-08,0.1377073382000335,498.32000732421875
2024-02-09,0.13516609178584893,501.20001220703125
2024-02-12,0.1377073382000335,500.9800109863281
2024-02-13,0.14729150470614571,494.0799865722656
2024-02-14,0.14023226724666438,498.57000732421875
2024-02-15,0.13865082727474054,502.010009765625
2024-02-16,0.13865082727474054,499.510009765625
2024-02-20,0.14970492061495919,496.760009765625
2024-02-21,0.1518915718448176,497.2099914550781
2024-02-22,0.13516609178584893,507.5
2024-02-23,0.1385116480450042,507.8500061035156
2024-02-26,0.1385116480450042,505.989990234375
2024-02-27,0.1401039217571624,506.92999267578125
2024-02-28,0.1385116480450042,506.260009765625
2024-02-29,0.1385116480450042,508.0799865722656
2024-03-01,0.1385116480450042,512.8499755859375
2024-03-04,0.1385116480450042,512.2999877929688
2024-03-05,0.1385116480450042,507.17999267578125
2024-03-06,0.1437001703838714,509.75
2024-03-07,0.13945513711971125,514.8099975585938
2024-03-08,0.13945513711971125,511.7200012207031
2024-03-11,0.15074309047579904,511.2799987792969
2024-03-12,0.13945513711971125,516.780029296875
2024-03-13,0.1385116480450042,515.969970703125
2024-03-14,0.1385116480450042,514.9500122070312
2024-03-15,0.1411995028118499,509.8299865722656
2024-03-18,0.14103657709163508,512.8599853515625
2024-03-19,0.13691389070552668,515.7100219726562
2024-03-20,0.13824568735164483,520.47998046875
2024-03-21,0.14741285310787042,522.2000122070312
2024-03-22,0.14487160669368584,521.2100219726562
2024-03-25,0.14587964998287042,519.77001953125
2024-03-26,0.1392537306408294,518.8099975585938
2024-03-27,0.14587964998287042,523.1699829101562
2024-03-28,0.14842089639705497,523.0700073242188
2024-04-01,0.14842089639705497,522.1599731445312
2024-04-02,0.1392537306408294,518.8400268554688
2024-04-03,0.1417560385326751,519.4099731445312
2024-04-04,0.14824242290377757,513.0700073242188
2024-04-05,0.1506207435977473,518.4299926757812
2024-04-08,0.14752296146273752,518.719970703125
2024-04-09,0.1379387949566253,519.3200073242188
2024-04-10,0.14752296146273752,514.1199951171875
2024-04-11,0.14103657709163508,518.0
2024-04-12,0.14752296146273752,510.8500061035156
2024-04-15,0.1506207435977473,504.45001220703125
2024-04-16,0.15021839794039865,503.5299987792969
2024-04-17,0.14712061580538888,500.54998779296875
2024-04-18,0.15021839794039865,499.5199890136719
2024-04-19,0.14712061580538888,495.1600036621094
2024-04-22,0.1506207435977473,499.7200012207031
2024-04-23,0.14782985385775704,505.6499938964844
2024-04-24,0.14782985385775704,505.4100036621094
2024-04-25,0.14752296146273752,503.489990234375
2024-04-26,0.148461767996551,508.260009765625
2024-04-29,0.13597040163081964,510.05999755859375
2024-04-30,0.14555456813693185,501.9800109863281
2024-05-01,0.15074309047579904,500.3500061035156
2024-05-02,0.13850616441768487,505.0299987792969
2024-05-03,0.13691389070552668,511.2900085449219
2024-05-06,0.13691389070552668,516.5700073242188
2024-05-07,0.13691389070552668,517.1400146484375
2024-05-08,0.13597040163081964,517.1900024414062
2024-05-09,0.13597040163081964,520.1699829101562
2024-05-10,0.13597040163081964,520.8400268554688
2024-05-13,0.13597040163081964,520.9099731445312
2024-05-14,0.13597040163081964,523.2999877929688
2024-05-15,0.13597040163081964,529.780029296875
2024-05-16,0.13597040163081964,528.6900024414062
2024-05-17,0.13597040163081964,529.4500122070312
2024-05-20,0.13597040163081964,530.0599975585938
2024-05-21,0.13597040163081964,531.3599853515625
2024-05-22,0.13597040163081964,529.8300170898438
2024-05-23,0.13756267534297784,525.9600219726562
2024-05-24,0.14021543489497978,529.4400024414062
2024-05-28,0.13597040163081964,529.8099975585938
2024-05-29,0.1385116480450042,526.0999755859375
2024-05-30,0.14103657709163508,522.6099853515625
2024-05-31,0.14103657709163508,527.3699951171875
2024-06-03,0.13945513711971125,527.7999877929688
2024-06-04,0.13945513711971125,528.3900146484375
2024-06-05,0.13945513711971125,534.6699829101562
2024-06-06,0.1385116480450042,534.6599731445312
2024-06-07,0.1385116480450042,534.010009765625
2024-06-10,0.1385116480450042,535.6599731445312
2024-06-11,0.1385116480450042,536.9500122070312
2024-06-12,0.1385116480450042,541.3599853515625
2024-06-13,0.1385116480450042,542.4500122070312
2024-06-14,0.1385116480450042,542.780029296875
2024-06-17,0.1385116480450042,547.0999755859375
2024-06-18,0.1385116480450042,548.489990234375
2024-06-20,0.1385116480450042,547.0
2024-06-21,0.1385116480450042,544.510009765625
2024-06-24,0.13998157487911067,542.739990234375
2024-06-25,0.1374403284649261,544.8300170898438
2024-06-26,0.13597040163081964,545.510009765625
2024-06-27,0.13597040163081964,546.3699951171875
2024-06-28,0.13516609178584893,544.219970703125
2024-07-01,0.1374403284649261,545.3400268554688
2024-07-02,0.13516609178584893,549.010009765625
2024-07-03,0.13516609178584893,551.4600219726562
2024-07-05,0.13516609178584893,554.6400146484375
2024-07-08,0.13516609178584893,555.280029296875
2024-07-09,0.13516609178584893,555.8200073242188
2024-07-10,0.1377073382000335,561.3200073242188
2024-07-11,0.1403951929668792,556.47998046875
2024-07-12,0.14277351366084895,559.989990234375
2024-07-15,0.13865082727474054,561.530029296875
2024-07-16,0.13865082727474054,564.8599853515625
2024-07-17,0.13865082727474054,556.9400024414062
2024-07-18,0.15235768016696116,552.6599731445312
2024-07-19,0.1498164337527766,548.989990234375
2024-07-22,0.13982992158931573,554.6500244140625
2024-07-23,0.13570723520320732,553.780029296875
2024-07-24,0.14529140170931956,541.22998046875
2024-07-25,0.15021839794039865,538.4099731445312
2024-07-26,0.14684358295321603,544.4400024414062
2024-07-29,0.1445693462741389,544.760009765625
2024-07-30,0.14529140170931956,542.0
2024-07-31,0.14297014888644358,550.8099975585938
2024-08-01,0.14475025829196114,543.010009765625
2024-08-02,0.14664680179476877,532.9000244140625
2024-08-05,0.17312756118417433,517.3800048828125
2024-08-06,0.17902399596810986,522.1500244140625
2024-08-07,0.16881676253915479,518.6599731445312
2024-08-08,0.14560683902621407,530.6500244140625
2024-08-09,0.14764079746127268,532.989990234375
2024-08-12,0.14829184230685374,533.27001953125
2024-08-13,0.1419660347354426,542.0399780273438
2024-08-14,0.14319904025912425,543.75
2024-08-15,0.1418245380771174,553.0700073242188
2024-08-16,0.13541614519161066,554.3099975585938
2024-08-19,0.13695424066585382,559.6099853515625
2024-08-20,0.15018276866793773,558.7000122070312
2024-08-21,0.15018276866793773,560.6199951171875
2024-08-22,0.15018276866793773,556.219970703125
2024-08-23,0.15279537853121897,562.1300048828125
2024-08-26,0.14943601306796214,560.7899780273438
2024-08-27,0.1525051372897639,561.5599975585938
2024-08-28,0.1525051372897639,558.2999877929688
2024-08-29,0.15279537853121897,558.3499755859375
2024-08-30,0.14623330768466133,563.6799926757812
2024-09-03,0.15018276866793773,552.0800170898438
2024-09-04,0.16269156154513498,550.9500122070312
2024-09-05,0.157794100607635,549.6099853515625
2024-09-06,0.157794100607635,540.3599853515625
2024-09-09,0.16234764751315256,546.4099731445312
2024-09-10,0.1577246254336848,548.7899780273438
2024-09-11,0.15257362064242502,554.4199829101562
2024-09-12,0.15257362064242502,559.0900268554688
2024-09-13,0.15257362064242502,562.010009765625
2024-09-16,0.14500031169772287,562.8400268554688
2024-09-17,0.14645045932650705,563.0700073242188
2024-09-18,0.14645045932650705,561.4000244140625
2024-09-19,0.1486951607120051,570.97998046875
2024-09-20,0.15075222667575022,568.25
2024-09-23,0.15085727390170237,569.6699829101562
2024-09-24,0.15089798625826975,571.2999877929688
2024-09-25,0.15308581050753733,570.0399780273438
2024-09-26,0.15454233821749827,572.2999877929688
2024-09-27,0.15454233821749827,571.469970703125
2024-09-30,0.1530921905887141,573.760009765625
2024-10-01,0.1530921905887141,568.6199951171875
2024-10-02,0.1583336418521418,568.8599853515625
2024-10-03,0.15176679309725902,567.8200073242188
2024-10-04,0.15483591731906077,572.97998046875
2024-10-07,0.15483591731906077,567.7999877929688
2024-10-08,0.1583336418521418,573.1699829101562
2024-10-09,0.15483591731906077,577.1400146484375
2024-10-10,0.15483591731906077,576.1300048828125
2024-10-11,0.15483591731906077,579.5800170898438
2024-10-14,0.15483591731906077,584.3200073242188
2024-10-15,0.1530921905887141,579.780029296875
2024-10-16,0.15649120029330393,582.2999877929688
2024-10-17,0.15236851390719552,582.3499755859375
2024-10-18,0.15161506351351878,584.5900268554688
2024-10-21,0.15161506351351878,583.6300048828125
2024-10-22,0.15236851390719552,583.3200073242188
2024-10-23,0.1514735668551936,577.989990234375
2024-10-24,0.15588983234286446,579.239990234375
2024-10-25,0.15176714595675608,579.0399780273438
2024-10-28,0.15176714595675608,580.8300170898438
2024-10-29,0.14873352702975412,581.77001953125
2024-10-30,0.14873352702975412,580.010009765625
2024-10-31,0.14911846813082835,568.6400146484375
2024-11-01,0.15058560069918772,571.0399780273438
2024-11-04,0.146768013800384,569.8099975585938
2024-11-05,0.14522990878939768,576.7000122070312
2024-11-06,0.14522990878939768,591.0399780273438
2024-11-07,0.15450720485568187,595.6099853515625
2024-11-08,0.13806437479060968,598.1900024414062
2024-11-11,0.13806437479060968,598.760009765625
2024-11-12,0.13806437479060968,596.9000244140625
2024-11-13,0.14219789491695245,597.1900024414062
2024-11-14,0.14060562120479425,593.3499755859375
2024-11-15,0.15203507121920726,585.75
2024-11-18,0.15297856029391427,588.1500244140625
2024-11-19,0.14873352702975412,590.2999877929688
2024-11-20,0.14873352702975412,590.5
2024-11-21,0.14873352702975412,593.6699829101562
2024-11-22,0.14873352702975412,595.510009765625
2024-11-25,0.13806437479060968,597.530029296875
2024-11-26,0.13806437479060968,600.6500244140625
2024-11-27,0.13806437479060968,598.8300170898438
2024-11-29,0.13965664850276788,602.5499877929688
2024-12-02,0.13806437479060968,603.6300048828125
2024-12-03,0.13806437479060968,603.9099731445312
2024-12-04,0.13806437479060968,607.6599731445312
2024-12-05,0.13806437479060968,606.6599731445312
2024-12-06,0.14060562120479425,607.8099975585938
2024-12-09,0.13980131135982354,604.6799926757812
2024-12-10,0.13965664850276788,602.7999877929688
2024-12-11,0.13965664850276788,607.4600219726562
2024-12-12,0.13806437479060968,604.3300170898438
2024-12-13,0.1403034018139251,604.2100219726562
2024-12-16,0.14044806467098075,606.7899780273438
2024-12-17,0.14938547786593576,604.2899780273438
2024-12-18,0.1786748081171577,586.280029296875
2024-12-19,0.15600909885287423,586.0999755859375
2024-12-20,0.15138607677340646,591.1500244140625
2024-12-23,0.15138607677340646,594.6900024414062
2024-12-24,0.14180191026729425,601.2999877929688
2024-12-26,0.14180191026729425,601.3400268554688
2024-12-27,0.14246606525302072,595.010009765625
2024-12-30,0.14837132152438304,588.219970703125
2024-12-31,0.14837132152438304,586.0800170898438
2025-01-02,0.14597381290316722,584.6400146484375
2025-01-03,0.14438153919100902,591.9500122070312
2025-01-06,0.14438153919100902,595.3599853515625
2025-01-07,0.14412628826022286,588.6300048828125
2025-01-08,0.14837132152438304,589.489990234375
2025-01-10,0.14412628826022286,580.489990234375
2025-01-13,0.1552803200137629,581.3900146484375
2025-01-14,0.15038285907626292,582.1900024414062
2025-01-15,0.15038285907626292,592.780029296875
2025-01-16,0.1459361618411555,591.6400146484375
2025-01-17,0.1459361618411555,597.5800170898438
2025-01-21,0.14369729694247385,603.0499877929688
2025-01-22,0.14734165843844552,606.4400024414062
2025-01-23,0.14734165843844552,609.75
2025-01-24,0.138223724232138,607.969970703125
2025-01-27,0.15005259212374827,599.3699951171875
2025-01-28,0.15436897930026194,604.52001953125
2025-01-29,0.14947151836276193,601.8099975585938
2025-01-30,0.15171621974825997,605.0399780273438
2025-01-31,0.14947151836276193,601.8200073242188
2025-02-03,0.15265850719332835,597.77001953125
2025-02-04,0.15436897930026194,601.780029296875
2025-02-05,0.14873352702975412,604.219970703125
2025-02-06,0.14873352702975412,606.3200073242188
2025-02-07,0.14873352702975412,600.77001953125
2025-02-10,0.14606622394442698,604.8499755859375
2025-02-11,0.14535929378390453,605.3099975585938
2025-02-12,0.14116876300692696,603.3599853515625
2025-02-13,0.1427610367190852,609.72998046875
2025-02-14,0.13454212175411065,609.7000122070312
2025-02-18,0.14118815120577952,611.489990234375
2025-02-19,0.13965003665805,612.9299926757812
2025-02-20,0.14118815120577952,610.3800048828125
2025-02-21,0.14124231037020823,599.9400024414062
2025-02-24,0.14947494205355782,597.2100219726562
2025-02-25,0.14730507549166819,594.239990234375
2025-02-26,0.14730507549166819,594.5399780273438
2025-02-27,0.14076641734957834,585.0499877929688
2025-02-28,0.14421858486056466,594.1799926757812
2025-03-03,0.14571280177951,583.77001953125
2025-03-04,0.15061026271700997,576.8599853515625
2025-03-05,0.1518219345462336,583.0599975585938
2025-03-06,0.1456433266055598,572.7100219726562
2025-03-07,0.16202656444430488,575.9199829101562
2025-03-10,0.18306844291330027,560.5800170898438
2025-03-11,0.20070792731881787,555.9199829101562
2025-03-12,0.17303002056002756,558.8699951171875
2025-03-13,0.17140743907809397,551.4199829101562
2025-03-14,0.17303002056002756,562.8099975585938
2025-03-17,0.17060608562350413,567.1500244140625
2025-03-18,0.15809355434298655,561.02001953125
2025-03-19,0.1703304165256037,567.1300048828125
2025-03-20,0.15636660274386546,565.489990234375
2025-03-21,0.15420495685458321,563.97998046875
2025-03-24,0.15106572803378243,574.0800170898438
2025-03-25,0.15274724658846994,575.4600219726562
2025-03-26,0.1461298244845881,568.5900268554688
2025-03-27,0.1595942848575129,567.0800170898438
2025-03-28,0.15103984531283518,555.6599731445312
2025-03-31,0.16913124736666818,559.3900146484375
2025-04-01,0.16576472934603828,560.969970703125
2025-04-02,0.16536620792269846,564.52001953125
2025-04-03,0.1934426361048286,536.7000122070312
2025-04-04,0.3121960979425972,505.2799987792969
2025-04-07,0.32153792914987256,504.3800048828125
2025-04-08,0.3141886287653511,496.4800109863281
2025-04-09,0.321196857067353,548.6199951171875
2025-04-10,0.36567496833444285,524.5800170898438
2025-04-11,0.43252343711496044,533.9400024414062
2025-04-14,0.3937675243341987,539.1199951171875
2025-04-15,0.38415757712960885,537.6099853515625
2025-04-16,0.32788383063913035,525.6599731445312
2025-04-17,0.3640085750544136,526.4099731445312
2025-04-21,0.28566377219796824,513.8800048828125
2025-04-22,0.3039116245234077,527.25
2025-04-23,0.3031742626154487,535.4199829101562
2025-04-24,0.305983405681855,546.6900024414062
2025-04-25,0.2600344532382502,550.6400146484375
2025-04-28,0.2865188938105171,550.8499755859375
2025-04-29,0.25030358013034004,554.3200073242188
2025-04-30,0.25030358013034004,554.5399780273438
2025-05-01,0.25030358013034004,558.469970703125
2025-05-02,0.24959629711032053,566.760009765625
2025-05-05,0.2358662861239924,563.510009765625
2025-05-06,0.2514836948764338,558.7999877929688
2025-05-07,0.2519068592441096,561.1500244140625
2025-05-08,0.22324021037936348,565.0599975585938
2025-05-09,0.22198635753512522,564.3400268554688
2025-05-12,0.22198635753512522,582.989990234375
2025-05-13,0.184044625128509,586.8400268554688
2025-05-14,0.18183420833468575,587.5900268554688
2025-05-15,0.18183420833468575,590.4600219726562
2025-05-16,0.18183420833468575,594.2000122070312
2025-05-19,0.18183420833468575,594.8499755859375
2025-05-20,0.18183420833468575,592.8499755859375
2025-05-21,0.1832216804873957,582.8599853515625
2025-05-22,0.19328522380709787,583.0900268554688
2025-05-23,0.18924499210238596,579.1099853515625
2025-05-27,0.17056592639804025,591.1500244140625
2025-05-28,0.16641577419161935,587.72998046875
2025-05-29,0.169436413611175,590.0499877929688
2025-05-30,0.15888333972811838,589.3900146484375
2025-06-02,0.15888333972811838,592.7100219726562
2025-06-03,0.1574115627658381,596.0900268554688
2025-06-04,0.1574115627658381,595.9299926757812
2025-06-05,0.1574115627658381,593.0499877929688
2025-06-06,0.15890895542025704,599.1400146484375
2025-06-09,0.15725221332430978,599.6799926757812
2025-06-10,0.15725221332430978,603.0800170898438
2025-06-11,0.15725221332430978,601.3599853515625
2025-06-12,0.15874960597872873,603.75
2025-06-13,0.15725221332430978,597.0
2025-06-16,0.16303349193453928,602.6799926757812
2025-06-17,0.15888333972811838,597.530029296875
2025-06-18,0.16303349193453928,597.4400024414062
2025-06-20,0.15888333972811838,594.280029296875
2025-06-23,0.1613230198276057,600.1500244140625
2025-06-24,0.15888333972811838,606.780029296875
2025-06-25,0.15888333972811838,607.1199951171875
2025-06-26,0.1558020656955256,611.8699951171875
2025-06-27,0.1558020656955256,614.9099731445312
2025-06-30,0.1558020656955256,617.8499755859375
2025-07-01,0.1558020656955256,617.6500244140625
2025-07-02,0.15498037990450997,620.4500122070312
2025-07-03,0.14404509242892405,625.3400268554688
2025-07-07,0.14549524005770822,620.6799926757812
2025-07-08,0.1490121143710627,620.3400268554688
2025-07-09,0.14373742755770821,624.0599975585938
2025-07-10,0.14455325778842112,625.8200073242188
2025-07-11,0.14455325778842112,623.6199951171875
2025-07-14,0.14741316493868967,624.8099975585938
2025-07-15,0.1444117611300959,622.1400146484375
2025-07-16,0.14588168796420237,624.219970703125
2025-07-17,0.1444117611300959,628.0399780273438
2025-07-18,0.1431279819858088,627.5800170898438
2025-07-21,0.1431279819858088,628.77001953125
2025-07-22,0.1431279819858088,628.8599853515625
2025-07-23,0.1431279819858088,634.2100219726562
2025-07-24,0.1431279819858088,634.4199829101562
2025-07-25,0.13354381547969657,637.0999755859375
2025-07-28,0.1431279819858088,636.9400024414062
2025-07-29,0.1431279819858088,635.260009765625
2025-07-30,0.14158475574374338,634.4600219726562
2025-07-31,0.1412286728274836,632.0800170898438
2025-08-01,0.14269859966159007,621.719970703125
2025-08-04,0.14423602756381174,631.1699829101562
2025-08-05,0.14265460666537425,627.969970703125
2025-08-06,0.14652086910128734,632.780029296875
2025-08-07,0.14505094226718088,632.25
2025-08-08,0.14505094226718088,637.1799926757812
2025-08-11,0.13868740733981272,635.9199829101562
2025-08-12,0.1291032408337005,642.6900024414062
2025-08-13,0.1291032408337005,644.8900146484375
2025-08-14,0.1291032408337005,644.9500122070312
2025-08-15,0.13868740733981272,643.4400024414062
2025-08-18,0.1291032408337005,643.2999877929688
2025-08-19,0.137883097494842,639.8099975585938
2025-08-20,0.14153967555880687,638.1099853515625
2025-08-21,0.13911610301852365,635.5499877929688
2025-08-22,0.12991035448116145,645.3099975585938
2025-08-25,0.13362290369075616,642.469970703125
2025-08-26,0.13524883256954034,645.1599731445312
2025-08-27,0.13348140703243097,646.6300048828125
2025-08-28,0.13348140703243097,648.9199829101562
2025-08-29,0.14306557353854318,645.0499877929688
2025-09-02,0.14732975658297678,640.27001953125
2025-09-03,0.1474857586276545,643.739990234375
2025-09-04,0.14336307224154612,649.1199951171875
2025-09-05,0.14336307224154612,647.239990234375
2025-09-08,0.14483299907565256,648.8300170898438
2025-09-09,0.1430984466922297,650.3300170898438
2025-09-10,0.14306557353854318,652.2100219726562
2025-09-11,0.13348140703243097,657.6300048828125
2025-09-12,0.13348140703243097,657.4099731445312
2025-09-15,0.14306557353854318,660.9099731445312
2025-09-16,0.14560681995272776,660.0
2025-09-17,0.14306557353854318,659.1799926757812
2025-09-18,0.14560681995272776,662.260009765625
2025-09-19,0.14270984348178048,663.7000122070312
2025-09-22,0.14793894466281077,666.8400268554688
2025-09-23,0.1453976982486262,663.2100219726562
2025-09-24,0.14621138271212716,661.0999755859375
2025-09-25,0.14453550037264962,658.0499877929688
2025-09-26,0.15756876644015452,661.8200073242188
2025-09-29,0.15689497646212716,663.6799926757812
2025-09-30,0.15689497646212716,666.1799926757812
2025-10-01,0.15620838817477364,668.4500122070312
2025-10-02,0.15620838817477364,669.219970703125
2025-10-03,0.15874963458895822,669.2100219726562
2025-10-06,0.15874963458895822,671.6099853515625
2025-10-07,0.15620838817477364,669.1199951171875
2025-10-08,0.15699215587496895,673.1099853515625
2025-10-09,0.1541144150149836,671.1599731445312
2025-10-10,0.15489818271517894,653.02001953125
2025-10-13,0.15155556377291818,663.0399780273438
2025-10-14,0.14953653034091136,662.22998046875
2025-10-15,0.14953653034091136,665.1699829101562
2025-10-16,0.17628463325143506,660.6400146484375
2025-10-17,0.15143006976962228,664.3900146484375
2025-10-20,0.14824242290377757,671.2999877929688
2025-10-21,0.14883789714694162,671.2899780273438
2025-10-22,0.14883789714694162,667.7999877929688
2025-10-23,0.148461767996551,671.760009765625
2025-10-24,0.14555456813693185,677.25
2025-10-27,0.14824242290377757,685.239990234375
2025-10-28,0.15546381648898264,687.0599975585938
2025-10-29,0.15465950664401193,687.3900146484375
2025-10-30,0.14803358730197091,679.8300170898438
2025-10-31,0.14993878063082833,682.0599975585938
2025-11-03,0.14569374736666818,683.3400268554688
2025-11-04,0.14569374736666818,675.239990234375
2025-11-05,0.15074309047579904,677.5800170898438
2025-11-06,0.14569374736666818,670.3099975585938
2025-11-07,0.15074309047579904,670.969970703125
2025-11-10,0.1464980572116389,681.4400024414062
2025-11-11,0.1464980572116389,683.0
2025-11-12,0.1464980572116389,683.3800048828125
2025-11-13,0.1464980572116389,672.0399780273438
2025-11-14,0.1521335094821467,671.9299926757812
2025-11-17,0.1472360485446467,665.6699829101562
2025-11-18,0.15173116382479807,660.0800170898438
2025-11-19,0.15173116382479807,662.6300048828125
2025-11-20,0.17451160964608836,652.530029296875
2025-11-21,0.1510091083896174,659.030029296875
2025-11-24,0.14609571155429024,668.72998046875
2025-11-25,0.14609571155429024,675.02001953125
2025-11-26,0.1464980572116389,679.6799926757812
2025-11-28,0.1464980572116389,683.3900146484375
