date,event,position_key,exit_price,quantity
2020-02-25,early_exit,SPY_317P_20200304,7.575,1
2020-03-05,early_exit,SPY_315C_20200323,2.6950000000000003,-2
2020-03-05,early_exit,SPY_315C_20200330,3.46,-2
2020-03-05,early_exit,SPY_315C_20200331,3.63,-2
2020-03-09,early_exit,SPY_284P_20200313,13.04,2
2020-03-16,early_exit,SPY_256P_20200320,20.365000000000002,2
2020-03-16,early_exit,SPY_257P_20200320,20.994999999999997,2
2020-03-16,early_exit,SPY_258P_20200320,21.58,2
2020-03-16,early_exit,SPY_259P_20200320,22.18,1
2020-04-24,early_exit,SPY_272P_20200501,1.5350000000000001,2
2020-04-24,early_exit,SPY_273P_20200501,1.625,2
2020-04-29,early_exit,SPY_297C_20200504,1.885,-2
2020-04-29,early_exit,SPY_296C_20200504,2.3099999999999996,-2
2020-06-01,early_exit,SPY_314C_20200608,0.65,-2
2020-06-01,early_exit,SPY_313C_20200608,0.845,-1
2020-06-03,early_exit,SPY_318C_20200608,0.67,-2
2020-06-03,early_exit,SPY_320C_20200622,1.915,-2
2020-06-03,early_exit,SPY_320C_20200629,2.605,-2
2020-06-03,early_exit,SPY_320C_20200624,2.1500000000000004,-2
2020-06-03,early_exit,SPY_320C_20200615,1.255,-1
2020-06-03,early_exit,SPY_323C_20200622,1.19,-2
2020-06-03,early_exit,SPY_323C_20200624,1.38,-1
2020-06-15,early_exit,SPY_319C_20200622,0.865,-2
2020-09-23,early_exit,SPY_343C_20201012,0.54,-2
2020-09-23,early_exit,SPY_343C_20201014,0.675,-2
2020-09-23,early_exit,SPY_343C_20201019,0.965,-1
2020-10-30,early_exit,SPY_329P_20201106,8.254999999999999,2
2020-10-30,early_exit,SPY_330P_20201104,7.695,2
2020-10-30,early_exit,SPY_330P_20201106,8.725000000000001,2
2020-10-30,early_exit,SPY_331P_20201106,9.195,2
2021-02-16,early_exit,SPY_410C_20210301,0.10500000000000001,-2
2021-02-16,early_exit,SPY_409C_20210301,0.125,-1
2021-02-24,early_exit,SPY_412C_20210310,0.125,-2
2021-02-24,early_exit,SPY_405C_20210310,0.47,-2
2021-03-15,early_exit,SPY_395C_20210322,3.415,-2
2021-03-15,early_exit,SPY_395C_20210324,3.7800000000000002,-1
2021-11-08,early_exit,SPY_471C_20211112,1.105,-2
2021-11-09,early_exit,SPY_473C_20211117,0.89,-1
2022-01-06,early_exit,SPY_448P_20220114,0.575,1
2022-01-10,early_exit,SPY_454P_20220114,0.805,2
2022-01-10,early_exit,SPY_455P_20220114,0.915,2
2022-02-10,early_exit,SPY_472C_20220222,0.185,-1
2022-02-28,early_exit,SPY_459C_20220307,0.165,-2
2022-02-28,early_exit,SPY_458C_20220307,0.195,-2
2022-02-28,early_exit,SPY_457C_20220307,0.235,-2
2022-02-28,early_exit,SPY_459C_20220309,0.27,-2
2022-04-25,early_exit,SPY_423P_20220429,3.185,2
2022-05-19,early_exit,SPY_382P_20220715,13.115,2
2022-05-19,early_exit,SPY_384P_20220715,13.875,2
2022-05-27,early_exit,SPY_408C_20220531,8.434999999999999,-1
2022-05-27,early_exit,SPY_412C_20220601,5.945,-1
2022-07-14,early_exit,SPY_397C_20220720,0.11499999999999999,-2
2022-07-19,early_exit,SPY_397C_20220725,2.2,-2
2022-07-19,early_exit,SPY_404C_20220725,0.5,-2
2022-07-19,early_exit,SPY_403C_20220725,0.635,-1
2022-07-19,early_exit,SPY_400C_20220725,1.24,-2
2022-07-19,early_exit,SPY_399C_20220725,1.5150000000000001,-2
2022-07-28,early_exit,SPY_415C_20220801,0.345,-4
2022-07-28,early_exit,SPY_414C_20220801,0.475,-2
2022-07-28,early_exit,SPY_413C_20220801,0.635,-1
2022-08-24,early_exit,SPY_392P_20221021,6.859999999999999,2
2022-08-24,early_exit,SPY_393P_20221021,7.09,2
2022-08-24,early_exit,SPY_393P_20220930,4.695,2
2022-08-29,early_exit,SPY_392P_20220930,7.5600000000000005,2
2022-09-02,early_exit,SPY_370P_20220916,1.59,2
2022-09-20,early_exit,SPY_407C_20221003,0.72,-1
2022-09-22,early_exit,SPY_370P_20220930,4.0649999999999995,2
2022-09-22,early_exit,SPY_371P_20220930,4.43,2
2022-09-22,early_exit,SPY_370P_20221021,8.66,2
2022-09-22,early_exit,SPY_372P_20221007,6.68,1
2022-09-22,early_exit,SPY_372P_20220928,3.745,1
2022-09-22,early_exit,SPY_372P_20220930,4.8100000000000005,1
2022-09-22,early_exit,SPY_373P_20220930,5.225,1
2022-09-22,early_exit,SPY_372P_20221118,13.23,1
2022-09-26,early_exit,SPY_372P_20221216,22.034999999999997,1
2022-09-26,early_exit,SPY_373P_20221216,22.490000000000002,1
2022-09-26,early_exit,SPY_372P_20221230,23.12,1
2022-12-16,early_exit,SPY_377P_20221223,1.89,1
2022-12-16,early_exit,SPY_378P_20221223,2.035,2
2022-12-16,early_exit,SPY_377P_20221230,3.22,1
2022-12-16,early_exit,SPY_379P_20221223,2.49,1
2022-12-19,early_exit,SPY_365P_20230106,1.94,1
2022-12-28,early_exit,SPY_379P_20230217,12.445,1
2023-01-24,early_exit,SPY_412C_20230130,0.25,-1
2023-02-21,early_exit,SPY_388P_20230228,1.01,1
2023-02-21,early_exit,SPY_387P_20230227,0.62,1
2023-02-22,early_exit,SPY_365P_20230317,1.0350000000000001,1
2023-02-22,early_exit,SPY_365P_20230331,2.15,1
2023-02-22,early_exit,SPY_366P_20230331,2.255,1
2023-02-22,early_exit,SPY_366P_20230317,1.0950000000000002,1
2023-02-22,early_exit,SPY_387P_20230317,4.220000000000001,1
2023-02-22,early_exit,SPY_387P_20230324,5.4,1
2023-02-22,early_exit,SPY_388P_20230317,4.475,1
2023-02-27,early_exit,SPY_387P_20230303,0.335,1
2023-03-15,early_exit,SPY_411C_20230421,1.955,-1
2023-03-15,early_exit,SPY_411C_20230428,2.58,-1
2023-03-20,early_exit,SPY_411C_20230331,0.525,-1
2023-03-20,early_exit,SPY_410C_20230406,1.19,-1
2023-03-20,early_exit,SPY_410C_20230331,0.645,-1
2023-03-20,early_exit,SPY_411C_20230414,2.0300000000000002,-1
2023-03-20,early_exit,SPY_409C_20230406,1.4,-1
2023-03-21,early_exit,SPY_411C_20230406,1.725,-1
2023-04-03,early_exit,SPY_389P_20230412,0.245,1
2023-04-03,early_exit,SPY_389P_20230413,0.32,1
2023-04-03,early_exit,SPY_390P_20230412,0.275,1
2023-04-03,early_exit,SPY_389P_20230411,0.125,1
2023-04-03,early_exit,SPY_390P_20230413,0.355,1
2023-04-03,early_exit,SPY_391P_20230412,0.31,1
2023-04-03,early_exit,SPY_391P_20230413,0.395,1
2023-04-26,early_exit,SPY_392P_20230503,0.585,1
2023-06-21,early_exit,SPY_418P_20230630,0.185,1
2023-06-23,early_exit,SPY_416P_20230630,0.11499999999999999,1
2023-06-23,early_exit,SPY_417P_20230630,0.135,1
2023-06-23,early_exit,SPY_415P_20230630,0.10500000000000001,1
2023-07-17,early_exit,SPY_454C_20230721,0.825,-1
2023-08-09,early_exit,SPY_427P_20230815,0.125,1
2023-09-07,early_exit,SPY_430P_20230913,0.135,1
2023-09-18,early_exit,SPY_422P_20230929,0.28500000000000003,1
2023-09-19,early_exit,SPY_425P_20230925,0.10500000000000001,1
2023-09-20,early_exit,SPY_424P_20230925,0.10500000000000001,1
2023-09-21,early_exit,SPY_422P_20230925,0.445,1
2023-09-21,early_exit,SPY_423P_20230925,0.525,1
2023-10-11,early_exit,SPY_446C_20231016,0.155,-1
2023-10-11,early_exit,SPY_447C_20231017,0.175,-1
2023-10-11,early_exit,SPY_450C_20231019,0.165,-1
2023-10-11,early_exit,SPY_451C_20231020,0.175,-1
2023-10-11,early_exit,SPY_445C_20231016,0.225,-1
2023-10-11,early_exit,SPY_446C_20231017,0.255,-1
2023-10-11,early_exit,SPY_450C_20231020,0.225,-1
2023-10-11,early_exit,SPY_444C_20231016,0.335,-1
2023-10-20,early_exit,SPY_406P_20231024,0.155,1
2024-01-03,early_exit,SPY_450P_20240111,0.175,1
2024-04-25,early_exit,SPY_514C_20240429,0.425,-2
2024-04-25,early_exit,SPY_516C_20240430,0.38,-1
2024-04-25,early_exit,SPY_515C_20240429,0.29000000000000004,-1
2024-05-13,early_exit,SPY_534C_20240517,0.10500000000000001,-1
2024-05-13,early_exit,SPY_533C_20240517,0.14500000000000002,-1
2024-07-15,early_exit,SPY_570C_20240719,0.345,-1
2024-07-15,early_exit,SPY_569C_20240719,0.47,-1
2024-07-15,early_exit,SPY_568C_20240719,0.64,-1
2024-07-15,early_exit,SPY_567C_20240719,0.855,-1
2024-07-19,early_exit,SPY_535P_20240723,0.14500000000000002,1
2024-07-19,early_exit,SPY_536P_20240723,0.165,1
2024-07-19,early_exit,SPY_535P_20240724,0.25,1
2024-07-19,early_exit,SPY_534P_20240726,0.515,1
2024-07-19,early_exit,SPY_535P_20240725,0.405,1
2024-07-19,early_exit,SPY_537P_20240724,0.36,1
2024-07-19,early_exit,SPY_538P_20240724,0.44,1
2024-07-25,early_exit,SPY_522P_20240731,0.695,1
2024-07-25,early_exit,SPY_522P_20240802,1.2650000000000001,1
2024-07-25,early_exit,SPY_523P_20240731,0.78,1
2024-07-25,early_exit,SPY_523P_20240802,1.39,1
2024-07-25,early_exit,SPY_524P_20240731,0.875,1
2024-07-25,early_exit,SPY_524P_20240802,1.52,1
2024-08-19,early_exit,SPY_558C_20240823,3.8899999999999997,-1
2024-08-28,early_exit,SPY_580C_20240906,0.135,-1
2024-09-04,early_exit,SPY_536P_20240913,1.9249999999999998,1
2024-09-04,early_exit,SPY_537P_20240913,2.085,1
2024-09-04,early_exit,SPY_536P_20240920,3.8049999999999997,1
2024-09-04,early_exit,SPY_540P_20240912,2.31,1
2024-09-04,early_exit,SPY_538P_20240913,2.165,1
2024-09-09,early_exit,SPY_514P_20240920,0.845,1
2024-09-17,early_exit,SPY_570C_20240923,1.3250000000000002,-1
2025-04-23,early_exit,SPY_552C_20250428,1.05,-1
2025-04-28,early_exit,SPY_577C_20250502,0.10500000000000001,-1
2025-04-28,early_exit,SPY_576C_20250502,0.125,-1
2025-04-28,early_exit,SPY_575C_20250502,0.155,-1
2025-05-23,early_exit,SPY_565P_20250529,1.355,1
2025-05-23,early_exit,SPY_565P_20250528,0.825,1
