date,equity,cash,num_positions
2020-02-14,499978.69637974666,516415.8166331738,12
2020-02-18,500043.866489908,507702.3547768102,16
2020-02-19,500055.1050951444,504965.730164435,17
2020-02-20,500040.47307988803,506781.08500864485,17
2020-02-21,500128.7513196312,518193.9104025092,16
2020-02-24,490997.63537820254,846458.6030103609,13
2020-02-25,491967.88509079535,1452119.1047891732,12
2020-02-26,483076.64919371926,1087142.477810024,8
2020-02-27,481350.2461686458,1092538.2647233333,8
2020-02-28,484037.3116250071,614282.1353757611,9
2020-03-02,483085.07302005024,543837.4719481065,15
2020-03-03,482968.8595855284,685982.9495711507,18
2020-03-04,482106.99373933056,604945.4159197,12
2020-03-05,483089.1909334877,572086.474306841,10
2020-03-06,487400.11137871793,546085.869491778,12
2020-03-09,475211.51987865847,738391.1140727357,8
2020-03-10,469921.4548882907,549453.4371290912,15
2020-03-11,465752.71808738593,528065.1944479397,11
2020-03-12,456963.3693355731,774371.4937446176,11
2020-03-13,448606.9819087172,554760.1886712129,12
2020-03-16,430777.54735300376,688025.0544233513,6
2020-03-17,426639.97604850435,644489.7369545277,6
2020-03-18,429732.7823660002,446958.6348475767,12
2020-03-19,433640.0578111553,448372.24938026536,12
2020-03-20,437166.10005435103,474371.9950446453,12
2020-03-23,442473.3444509553,492149.47974608274,14
2020-03-24,431045.4933169668,245172.9647181983,18
2020-03-25,439794.65225035587,447357.0066527013,12
2020-03-26,436767.40846098313,258817.69981682504,17
2020-03-27,440329.28739830793,472706.65760904725,12
2020-03-30,443023.0911079806,455584.81005344994,14
2020-03-31,445584.4130557067,463876.8867921582,11
2020-04-01,442753.18089645944,480949.28718606324,12
2020-04-02,442524.6408940952,435770.51078714296,16
2020-04-03,446744.0222192279,494107.8149897378,12
2020-04-06,444024.7570009355,451123.64972022735,16
2020-04-07,444366.7606576609,449340.68518608954,17
2020-04-08,446583.8209141633,454238.97461656353,14
2020-04-09,449235.04156663554,558685.0639409557,12
2020-04-13,451999.05620135064,546026.110536693,13
2020-04-14,451798.78384244035,484228.79556538275,17
2020-04-15,451921.0463599039,521022.4940407921,12
2020-04-16,452526.04693415225,490021.2915451326,14
2020-04-17,453491.7216653891,528664.2037872627,14
2020-04-20,453226.12305223424,540337.719159225,14
2020-04-21,452115.51208304544,701000.2024719069,14
2020-04-22,452157.0530073788,544873.7604456447,15
2020-04-23,452935.2059682595,522200.20397766324,16
2020-04-24,453733.3036163095,558443.3779866663,11
2020-04-27,451862.81984033645,532553.1766302483,14
2020-04-28,452219.05581067497,514864.79535282677,15
2020-04-29,451468.48841780215,494027.52875922044,15
2020-04-30,451765.38081276766,478692.52796886687,15
2020-05-01,452633.83929158933,540669.3402882679,20
2020-05-04,453888.6177094372,511417.3167494123,19
2020-05-05,454658.48572611675,489698.25265166996,19
2020-05-06,455024.9802369914,495012.998153037,16
2020-05-07,455598.37332921394,478536.74198039155,19
2020-05-08,456128.7841633371,511506.00769481744,16
2020-05-11,456099.3305381521,484889.8559348292,18
2020-05-12,455675.1570808684,491601.7298437745,20
2020-05-13,455939.8901789284,520322.51890764537,14
2020-05-14,456237.16217652016,477393.36466085585,17
2020-05-15,456935.1482925777,483442.30053561216,13
2020-05-18,456866.3717470361,458919.13516022684,16
2020-05-19,457175.02507210284,460256.6887735853,18
2020-05-20,457725.5652262151,477941.75081519457,16
2020-05-21,457712.75284311915,480052.93643406336,16
2020-05-22,458399.7857167673,659838.8144863849,11
2020-05-26,459258.93630159507,661909.3940637007,16
2020-05-27,459143.67729265767,680126.5438528173,19
2020-05-28,458978.92805151874,674281.9647520306,20
2020-05-29,459361.54660636163,675563.0994107608,21
2020-06-01,457919.0121332773,642109.5562459221,18
2020-06-02,458168.2483049094,655222.047257975,20
2020-06-03,458469.360656,559154.8163818065,13
2020-06-04,458613.5701587084,559967.2192640919,13
2020-06-05,459624.570829858,542835.9107751669,15
2020-06-08,459610.5552265246,521113.5909794487,18
2020-06-09,458442.677489765,547812.6000915684,20
2020-06-10,458589.10321498,569155.8911036926,18
2020-06-11,449513.1506349484,780913.7649506091,18
2020-06-12,450342.32481836015,598476.9667274505,16
2020-06-15,451880.9435819961,573374.1865316763,15
2020-06-16,451929.41456006945,585162.8782096445,18
2020-06-17,451931.0867261057,594619.5570635546,19
2020-06-18,451676.49263728026,594476.256456126,20
2020-06-19,450579.07792425726,588181.5707405395,21
2020-06-22,453904.70647150313,575809.1802865796,19
2020-06-23,453614.1139453436,575797.9422488457,20
2020-06-24,453335.79069271625,578115.0129304548,20
2020-06-25,454003.4305556457,564516.65545142,21
2020-06-26,453004.52911092085,592775.2430221688,20
2020-06-29,454572.96177670103,575151.0382522157,19
2020-06-30,455418.9512807138,570354.3227274257,20
2020-07-01,455943.86089114595,573044.4791643161,20
2020-07-02,456493.3096968332,577549.9699365,20
2020-07-06,455592.9120243903,508057.12588515395,17
2020-07-07,454785.0622168242,522911.25561844814,19
2020-07-08,455576.7773694087,513072.66397330904,19
2020-07-09,455022.37129241694,518443.9890726275,20
2020-07-10,456287.0882761699,519871.5891553528,17
2020-07-13,454721.2365566918,505564.7800590162,16
2020-07-14,456202.18678064254,490651.8898715078,17
2020-07-15,457428.34164433443,484011.19230865233,17
2020-07-16,457294.93804468284,485209.24034485436,17
2020-07-17,458700.88368090335,485296.8737240247,15
2020-07-20,459637.5964923767,477506.52302573994,18
2020-07-21,459647.2130941934,476000.83932910895,18
2020-07-22,460121.4597577837,473685.25227100553,18
2020-07-23,459437.18608321523,477978.7369949173,18
2020-07-24,459814.9547728086,481547.534655766,16
2020-07-27,460737.08936332143,475677.16071013047,18
2020-07-28,460642.31972564675,477608.65676781436,19
2020-07-29,461340.96111871843,472558.90240683965,18
2020-07-30,461335.85192952555,473042.5681600167,19
2020-07-31,461876.20807754435,473491.74345764663,15
2020-08-03,462344.0855532057,468786.5720288409,18
2020-08-04,462542.3108690892,467934.50591205386,20
2020-08-05,462898.6647563334,467123.6520599413,18
2020-08-06,462999.9697544236,466339.31895766145,20
2020-08-07,463334.99398874707,466714.58930217876,16
2020-08-10,463505.4638605123,465879.7523893512,18
2020-08-11,463215.03259491926,466300.0035644091,20
2020-08-12,463614.1440226313,466503.08256792644,18
2020-08-13,463651.855435584,466327.85827055,20
2020-08-14,464026.29132074333,471415.6547003346,15
2020-08-17,464194.39888273086,467112.4240957407,18
2020-08-18,464213.754934103,465795.3599037987,18
2020-08-19,464276.2863558153,465637.0204504548,15
2020-08-20,464270.76511939976,478085.8249743328,19
2020-08-21,464646.23299866205,487591.5979033262,15
2020-08-24,464629.64223783324,476008.4201932391,17
2020-08-25,464658.1179293445,477056.2049124348,19
2020-08-26,464899.7168307452,486342.72669883195,16
2020-08-27,464788.17194854916,488040.3003550124,18
2020-08-28,465031.7794802485,499347.65013137873,14
2020-08-31,464849.43648806727,465701.3245552092,15
2020-09-01,464976.826141024,465677.0147042499,17
2020-09-02,465163.534041469,465824.42320641194,17
2020-09-03,462790.84310329077,593554.7678308748,17
2020-09-04,464147.88290287147,478028.43880461145,13
2020-09-08,464202.69676492456,499733.2058012692,16
2020-09-09,465418.35792977724,467551.17240879213,12
2020-09-10,465325.5343963719,474822.6545339056,14
2020-09-11,466177.396265439,566170.6341931017,13
2020-09-14,464829.11183802586,578890.628033138,17
2020-09-15,464373.4905582606,583866.5855704274,20
2020-09-16,464661.48316203064,537100.6768829934,16
2020-09-17,465262.3442669533,499457.308660196,18
2020-09-18,465917.99773085234,639663.4169306988,14
2020-09-21,465280.7629574685,690861.3621322116,15
2020-09-22,464034.816803336,719787.824749027,16
2020-09-23,465538.98329098785,661966.847246202,13
2020-09-24,465585.6648526909,691170.8302010639,17
2020-09-25,464957.16517502954,749398.7394748155,17
2020-09-28,463191.24527037935,596027.7936813011,9
2020-09-29,463767.2387423868,603437.5246255624,9
2020-09-30,462800.35649116605,592031.9910850427,10
2020-10-01,462924.79082905944,582735.9221680926,11
2020-10-02,462714.53368782863,601595.0541992704,10
2020-10-05,463194.84049879544,592099.7522127979,16
2020-10-06,463452.0530851305,596578.8475513427,16
2020-10-07,463908.0248007245,603706.553384271,16
2020-10-08,464449.01053466345,638088.5908604311,17
2020-10-09,464837.2670625056,707008.5436122338,17
2020-10-12,464061.48183440644,611102.3175476332,17
2020-10-13,464072.218117144,564223.5042946481,19
2020-10-14,463896.68738464784,552810.2874769022,19
2020-10-15,463751.1515634786,553070.5766837678,20
2020-10-16,463477.97976487956,552119.6744936055,18
2020-10-19,463237.2794140051,562646.7962228523,18
2020-10-20,463315.37249185145,557841.9659090891,18
2020-10-21,464028.7866425944,557737.7966722333,15
2020-10-22,464098.26468767226,558016.5233552604,18
2020-10-23,464295.09042505815,585681.2276481098,17
2020-10-26,461894.7364659463,643618.7038423802,17
2020-10-27,461693.5197351253,642776.9111049798,17
2020-10-28,456381.5559356166,782036.3316596455,17
2020-10-29,457094.3265144475,762896.4168823184,19
2020-10-30,458770.13152059505,672582.4280682033,18
2020-11-02,457881.5972636199,588739.8190560174,8
2020-11-03,458389.6187217933,558686.4896868746,11
2020-11-04,461151.63023980526,530419.3537240442,14
2020-11-05,461722.32774243614,506234.33387704246,16
2020-11-06,463234.9756123743,528120.95501182,15
2020-11-09,463685.1431687047,496211.01116303133,18
2020-11-10,464095.50827272097,495603.2479600717,18
2020-11-11,464773.3662299671,494469.00369437906,17
2020-11-12,464182.2678366771,501817.33753102494,18
2020-11-13,465080.36104048794,495170.61039958044,16
2020-11-16,465664.0913794641,479692.76801211294,18
2020-11-17,465675.3875081154,480511.2401941295,20
2020-11-18,465542.25450748706,486285.7925117831,15
2020-11-19,465806.221258954,492097.4537959151,19
2020-11-20,465986.43306862126,495777.29482106573,16
2020-11-23,466425.20744946157,495060.5233646768,18
2020-11-24,466717.6017624462,495043.5219045798,20
2020-11-25,467138.95729129884,497216.2095711131,17
2020-11-27,467408.7421164052,487025.87134727224,18
2020-11-30,467673.3218843522,475994.47799110983,17
2020-12-01,467651.183151317,495135.60653682845,19
2020-12-02,467730.44413684885,520964.01015339134,17
2020-12-03,467693.6082495502,543571.1476528699,17
2020-12-04,467597.9033889923,601539.3401649036,17
2020-12-07,467464.92694995075,568857.2179411943,18
2020-12-08,467257.7960476689,588527.3609522224,20
2020-12-09,468220.51628813177,550186.9565621804,19
2020-12-10,467817.07376422785,545341.8803514327,20
2020-12-11,467878.68861973856,537987.1941783141,18
2020-12-14,468106.41609768465,514646.39501068596,19
2020-12-15,467649.43654761044,551869.9955498351,20
2020-12-16,467748.9954820788,553128.0597285886,19
2020-12-17,467376.2475716494,583077.9754543963,19
2020-12-18,468388.5354789595,539255.3087693275,17
2020-12-21,468438.4351931048,509108.5988392189,17
2020-12-22,468413.4195587747,500213.0623099279,19
2020-12-23,468566.2495610371,501219.5659991021,18
2020-12-24,468657.6327894487,504252.62345549715,19
2020-12-28,468254.7321730997,499605.9480290924,18
2020-12-29,468304.7517625483,489107.9825613597,19
2020-12-30,468304.64948222495,485782.4598548033,19
2020-12-31,468520.01126891695,490489.53479474195,14
2021-01-04,468514.5748998086,470159.3414030866,13
2021-01-05,469189.4465142889,469999.52500914445,14
2021-01-06,469840.90329742926,471057.7971076079,11
2021-01-07,469831.14156241214,470840.52377820347,16
2021-01-08,470494.03984054376,471983.2286451373,14
2021-01-11,470739.23357279075,471431.5337498091,13
2021-01-12,470819.58881752705,471442.7928265318,15
2021-01-13,471206.21893883246,471624.1238671256,12
2021-01-14,471220.55243538995,471681.6243706944,14
2021-01-15,471667.9522112786,473724.2291653413,12
2021-01-19,471930.7554534041,472953.03350671503,13
2021-01-20,472241.08908556384,473177.07032212144,14
2021-01-21,472247.2941228281,477139.50810176326,18
2021-01-22,472777.8920027274,475530.3539710093,11
2021-01-25,472843.93186862936,473529.1196690849,14
2021-01-26,472939.45376837463,473525.3092919224,14
2021-01-27,469239.5396789091,479486.6212115469,13
2021-01-28,472000.75241891795,484640.77991377265,14
2021-01-29,476481.81935833255,489720.7876456869,11
2021-02-01,477387.9573028828,484899.6068350954,14
2021-02-02,477298.1698067803,487441.32608929835,18
2021-02-03,478509.80806853296,494688.14887057047,15
2021-02-04,478377.15602891677,494559.4292497468,18
2021-02-05,478808.672344978,499903.7965818257,15
2021-02-08,478732.5455607072,479866.5681055678,14
2021-02-09,478727.5477971868,489875.6848767495,17
2021-02-10,478922.83247817424,489054.9522641641,14
2021-02-11,478864.60155574704,523115.0994056737,18
2021-02-12,479063.33683678205,546830.9482528657,14
2021-02-16,478974.5157428073,481655.9269054455,12
2021-02-17,479107.6285072316,486963.4758034233,15
2021-02-18,479128.1791526684,485348.5693893579,15
2021-02-19,479589.5789783519,486215.7237916729,11
2021-02-22,479767.4889430927,482384.95229038654,12
2021-02-23,479853.1124670954,487143.425295823,13
2021-02-24,480042.4816347883,482120.83727928635,14
2021-02-25,477502.7668747988,578692.3871147085,14
2021-02-26,479387.26053413237,517825.43010917713,13
2021-03-01,480075.64630491997,485839.647083506,12
2021-03-02,480191.6474302693,492061.8470271771,14
2021-03-03,480776.30781626893,495570.1462182552,11
2021-03-04,480789.9476473106,544434.9237077881,17
2021-03-05,481207.90090012376,570437.8909759426,14
2021-03-08,481794.8846420572,537889.0581574345,14
2021-03-09,481473.24161139614,600916.7898533246,18
2021-03-10,481244.82899285364,646455.8135370724,17
2021-03-11,480189.73707505234,725306.0153838892,19
2021-03-12,479570.1502686664,761914.1867984431,17
2021-03-15,478139.617204529,606864.4272909727,16
2021-03-16,478271.90387401276,591541.2374274891,18
2021-03-17,477855.6675176659,616917.6252426471,19
2021-03-18,479805.7690565353,526840.5037807649,20
2021-03-19,480274.90769745817,508888.22301948443,18
2021-03-22,479905.0519538222,500955.542908822,17
2021-03-23,480022.4040130862,490650.82701011957,18
2021-03-24,480027.76549504674,490426.67620570527,16
2021-03-25,480052.3050513126,489528.8322972935,19
2021-03-26,480311.0624137247,499418.5328621549,15
2021-03-29,480266.5124761223,484955.83449528425,15
2021-03-30,480274.4029841772,483338.7043523107,18
2021-03-31,480429.4743375322,487900.0976447049,16
2021-04-01,480703.5236099181,495533.0241557557,13
2021-04-05,480578.0667711243,485565.98304647906,16
2021-04-06,480577.0481588377,485382.33907044504,18
2021-04-07,480425.5448412485,506694.1473107666,17
2021-04-08,480306.00879586424,530075.8624279365,18
2021-04-09,480562.2546081734,554101.8877095019,14
2021-04-12,480476.0791665182,549138.418249051,17
2021-04-13,480263.3410978388,569738.4632205118,19
2021-04-14,480441.8425235846,546614.9848324306,19
2021-04-15,479865.8548779964,610611.1589593991,20
2021-04-16,479571.6533029947,673902.2095025721,16
2021-04-19,480204.3663376237,560679.3062372041,18
2021-04-20,480703.92664700816,520281.96937580436,18
2021-04-21,480229.39125865436,555138.0346411729,18
2021-04-22,480803.03603392054,513109.322768866,20
2021-04-23,480756.9262849648,543055.3558610333,15
2021-04-26,480519.03241141833,513093.85549948673,16
2021-04-27,480513.88233046734,503696.36652921693,19
2021-04-28,480544.0651803284,497754.29641573055,18
2021-04-29,480420.63848092855,517333.1301846365,20
2021-04-30,480939.1877174363,498302.50751526345,14
2021-05-03,480879.89523787564,491489.9552242999,16
2021-05-04,480926.9931005374,486367.4900992666,17
2021-05-05,481019.70584975777,487142.21529696044,15
2021-05-06,480962.383451976,495764.6000871804,19
2021-05-07,481207.57186792995,500727.6087957256,15
2021-05-10,481188.14709018066,487921.23305103614,14
2021-05-11,481214.0942990594,491374.2099122999,15
2021-05-12,481218.6744785516,515452.29522673547,13
2021-05-13,481368.78210095374,489073.1150932112,17
2021-05-14,482206.75223496795,502525.4037335809,14
2021-05-17,482465.7190160505,491387.0715737353,13
2021-05-18,482487.9567485065,498434.00908807706,17
2021-05-19,482880.0009564749,493551.29695970216,12
2021-05-20,482744.0405122956,515054.6898696649,17
2021-05-21,483195.70854063745,515090.74120350083,14
2021-05-24,482893.23565290764,524151.4603806506,15
2021-05-25,482973.3048634638,522846.5306135816,16
2021-05-26,483037.03713697067,535243.2461578607,16
2021-05-27,482980.7300751911,552772.33549786,19
2021-05-28,483249.011725746,554935.4422264625,15
2021-06-01,483219.21111820615,515392.81178618816,16
2021-06-02,483177.0781148119,516410.3318492359,18
2021-06-03,483260.643022986,505603.71511348354,19
2021-06-04,483281.1492962361,520531.0939863816,17
2021-06-07,483372.49464093044,500965.330274639,17
2021-06-08,483362.7458877067,496993.1473118865,18
2021-06-09,483415.91374177457,493518.2913019564,14
2021-06-10,483324.4299766801,533314.2773950882,18
2021-06-11,483563.52679309575,535150.673991789,15
2021-06-14,483474.96946018195,528667.6398331195,15
2021-06-15,483504.3344425357,525760.0160166638,16
2021-06-16,483618.98283725244,510916.6356313531,14
2021-06-17,484035.92971359426,535054.5319896479,18
2021-06-18,485295.8377274692,502434.29284881044,16
2021-06-21,485052.4481326101,516730.1092368139,17
2021-06-22,484878.95505012147,524865.4192835019,19
2021-06-23,485175.19411302224,524980.866485943,16
2021-06-24,485003.93891371187,532482.9876650681,19
2021-06-25,484978.1186047761,535746.1355772036,18
2021-06-28,484826.886935884,526671.9286264188,19
2021-06-29,484793.1559073226,528829.3847288429,21
2021-06-30,484897.0402760742,529298.2652607923,17
2021-07-01,484678.5388523806,540927.1874849714,18
2021-07-02,484382.3424512734,585672.1115196297,17
2021-07-06,484426.3260853463,544660.3023668964,17
2021-07-07,484308.2729696486,575120.1887483671,19
2021-07-08,484793.6803299465,528152.6025950602,20
2021-07-09,484440.2778626293,550962.6421184817,21
2021-07-12,484274.29291215586,549066.2022977546,20
2021-07-13,484482.68951183744,531499.7540302159,20
2021-07-14,484807.74218388984,532470.3276973123,16
2021-07-15,484942.5464466175,521551.43692777434,18
2021-07-16,485289.6445305144,507102.1984065804,17
2021-07-19,485053.5753325777,494196.4999523587,19
2021-07-20,485127.95225803996,494057.5802491592,20
2021-07-21,485794.5280736828,511311.68225353165,16
2021-07-22,485843.17652234173,508360.1115130845,16
2021-07-23,485713.1124805942,518531.81807387597,17
2021-07-26,485608.9534049246,512030.6671248376,18
2021-07-27,485620.572001765,520136.7449399455,20
2021-07-28,485743.56153114734,517206.6986088222,17
2021-07-29,485602.9204049558,541555.845927096,19
2021-07-30,486286.00318518095,527929.783210102,14
2021-08-02,486383.7629997202,514193.46446424274,14
2021-08-03,486104.8879725738,563285.8155651763,18
2021-08-04,486583.42914892716,541594.6147799649,18
2021-08-05,486239.8100536264,572807.6695980186,19
2021-08-06,486266.4714336487,577573.6029673317,18
2021-08-09,486327.46570489154,550205.3696462399,19
2021-08-10,486247.18275857775,546885.3722041261,20
2021-08-11,486178.3209642563,549021.4793238709,19
2021-08-12,485985.3720139695,553207.3822637254,20
2021-08-13,485987.9757721137,551286.0686289952,18
2021-08-16,485780.56745080015,523536.7384611607,17
2021-08-17,485933.9144821302,504094.31931338506,19
2021-08-18,485684.5554524891,491278.18755380186,17
2021-08-19,485831.7110475055,490179.2791819006,17
2021-08-20,486711.0724607132,496704.95111520984,13
2021-08-23,486638.3161389155,492111.45423833444,16
2021-08-24,486618.3741170478,503915.07970006624,19
2021-08-25,486648.6970984606,510687.0778567759,18
2021-08-26,486672.1800851464,522141.55581327755,20
2021-08-27,486718.3939681498,536420.0742240266,16
2021-08-30,486621.85990749695,541614.6414490422,17
2021-08-31,486650.8602957043,560613.923955805,19
2021-09-01,486721.19987146236,566091.7690730753,16
2021-09-02,486498.98877808754,596341.2732781253,19
2021-09-03,486643.59687669174,610856.6884420816,18
2021-09-07,487087.1754740006,571883.5366805209,17
2021-09-08,487232.6868871526,561082.7360968287,18
2021-09-09,487528.65885500744,539389.2135936002,20
2021-09-10,487764.07004684897,514312.6116829814,19
2021-09-13,488152.967787361,507937.1944977197,16
2021-09-14,488249.02805050765,498057.7120676626,19
2021-09-15,488395.4886791207,505418.8293436226,18
2021-09-16,488416.36085181683,499857.03177133657,20
2021-09-17,488735.9681434284,490846.7566000893,17
2021-09-20,488787.9012805572,489133.1363624172,16
2021-09-21,488786.64046681067,489172.2003508532,19
2021-09-22,489249.0484852926,490959.2345118173,16
2021-09-23,489224.35745204764,490651.0921531669,19
2021-09-24,489342.2073811625,492240.7281463246,16
2021-09-27,489394.1059632138,489886.1747513355,15
2021-09-28,488597.8866558035,497678.1660385576,18
2021-09-29,489524.4272155641,490183.3901257928,14
2021-09-30,489656.8863285818,492520.361214186,15
2021-10-01,489805.79077624035,582723.05482522,13
2021-10-04,490985.33337226545,529154.2363246852,15
2021-10-05,490560.26249568904,547983.6750830534,18
2021-10-06,490512.38023103867,552611.3054735892,17
2021-10-07,489943.91602030565,590572.8306675359,20
2021-10-08,490379.12585457496,572945.6900532156,16
2021-10-11,490878.67572227196,517728.9315823897,15
2021-10-12,490971.95094451,508975.6381458657,18
2021-10-13,491017.92419977277,509770.5241210039,16
2021-10-14,490664.24320246466,549447.4818811561,19
2021-10-15,490537.20363557915,573659.2728954295,15
2021-10-18,490223.510055051,539272.5583994095,15
2021-10-19,489816.75379440666,589155.7356949883,18
2021-10-20,489420.23331598414,629083.0361435789,17
2021-10-21,488996.74736182136,666142.2228464909,18
2021-10-22,489313.9812987684,679942.2143917292,17
2021-10-25,488248.5644823952,713938.0081955552,16
2021-10-26,488074.2346134156,744074.8348063668,18
2021-10-27,489069.6769372341,708479.1811722844,19
2021-10-28,487007.38290896104,823265.5218163489,20
2021-10-29,486358.18349611294,855879.2892907942,19
2021-11-01,485626.8601552265,819605.6233756713,19
2021-11-02,484430.2997735252,879567.3736214122,20
2021-11-03,482647.50052718923,982835.6991991163,20
2021-11-04,481300.7196631705,1074357.6708832718,20
2021-11-05,480126.86599873623,1147836.0370935085,20
2021-11-08,479091.63976466097,1066603.8290117686,19
2021-11-09,479815.02956015815,922913.845819724,20
2021-11-10,482258.55829585507,725242.4174565846,20
2021-11-11,482017.49472282146,705174.2040805685,21
2021-11-12,480281.0408046667,822749.5085294527,20
2021-11-15,479556.86782526394,708532.8867107814,18
2021-11-16,478704.34670636134,760434.4197334638,19
2021-11-17,478923.7911263143,707761.1435677315,20
2021-11-18,478184.4277389272,748252.7953717591,20
2021-11-19,478483.25350439595,695364.0520841709,21
2021-11-22,478778.14945930045,576214.149229821,20
2021-11-23,478635.2879399848,563433.5641184177,21
2021-11-24,478435.54842290754,560405.2878540019,20
2021-11-26,479998.29392383376,493654.6770249131,18
2021-11-29,481710.00540696376,483973.27427854843,16
2021-11-30,480846.57844057697,494115.25025281205,19
2021-12-01,480082.1355112621,518176.6549050508,14
2021-12-02,481206.14374653564,485035.997718556,16
2021-12-03,481951.23260655697,507869.7072312316,13
2021-12-06,483577.60800809856,485507.6611803805,14
2021-12-07,483765.0188979034,503065.320092081,18
2021-12-08,484006.3962359076,512782.3503355081,15
2021-12-09,483953.9078337776,542650.1466649448,19
2021-12-10,483962.40560074314,600306.6586663693,14
2021-12-13,484990.0229486376,552455.0864494562,16
2021-12-14,485153.2193798757,542887.6049724866,19
2021-12-15,484643.4648018298,616034.6213991621,19
2021-12-16,485731.0791020871,576129.8032436119,20
2021-12-17,487325.58653910935,522078.2558442922,17
2021-12-20,487692.27917081065,494217.2524694308,19
2021-12-21,487560.079473946,508636.24709446996,20
2021-12-22,487409.64526454755,531383.3038430945,19
2021-12-23,487344.0828314139,558590.6703885467,17
2021-12-27,486336.6344306336,511049.93711429025,17
2021-12-28,486372.61430341104,503017.05211158533,18
2021-12-29,486328.300159298,522000.6843265309,19
2021-12-30,486409.9277375466,522147.3679195936,20
2021-12-31,486777.7154925475,523971.057531135,15
2022-01-03,486583.0903003581,527879.2332449432,18
2022-01-04,486585.1548992547,545256.0354154374,20
2022-01-05,487100.27502780635,555233.0858944982,20
2022-01-06,487341.35705562646,562735.8484882319,20
2022-01-07,487899.70092414704,610313.5613794663,18
2022-01-10,488010.5057398896,561673.7792061351,18
2022-01-11,487375.59742894885,581475.6304182754,20
2022-01-12,487189.1251560553,622707.5831702801,19
2022-01-13,488962.8496792827,558481.0772693681,20
2022-01-14,489018.555623039,591584.9334098632,18
2022-01-18,490733.83989555726,511854.02737639827,19
2022-01-19,490930.85842216917,499888.96799354174,19
2022-01-20,490898.2173912129,494186.6350705546,19
2022-01-21,491142.3677237445,530523.6002279795,17
2022-01-24,490868.1294447951,527732.7360973998,16
2022-01-25,491337.7507950298,533746.6784273447,19
2022-01-26,492551.00409787596,518190.8797097504,13
2022-01-27,493326.32309123955,505754.05391067755,14
2022-01-28,494120.10389110766,552439.8916470457,13
2022-01-31,493824.6061584603,503928.5172749216,15
2022-02-01,493841.22965684574,500212.24912516394,19
2022-02-02,494631.4871263898,501214.52457098296,15
2022-02-03,494808.1503869442,502259.4839675182,17
2022-02-04,495282.2406891867,519263.8944619879,12
2022-02-07,495748.7235279171,503584.2074382689,16
2022-02-08,495796.64998611144,510263.5638807751,18
2022-02-09,496072.62069244246,526553.3801974866,17
2022-02-10,496023.8940685727,512738.32632971014,17
2022-02-11,495921.12117917545,504752.6199827913,13
2022-02-14,496531.0434978697,499478.09288676234,11
2022-02-15,496565.2073234261,503435.49581388215,17
2022-02-16,497098.50918753503,504448.9144097264,14
2022-02-17,496747.26155685185,521556.8013198418,18
2022-02-18,497792.83152217587,514826.9480289364,13
2022-02-22,498240.29869898804,504511.76904841664,16
2022-02-23,497999.5202419903,528457.683752836,15
2022-02-24,498439.8475139915,499309.0894278388,17
2022-02-25,498982.1036720422,611204.122301487,12
2022-02-28,499087.78554146166,520345.16827708634,13
2022-03-01,499700.96346113464,509248.2965323913,16
2022-03-02,500349.5378283918,508102.9593842267,13
2022-03-03,500636.3878113339,502633.5496207078,14
2022-03-04,501191.74502523604,519973.4434282151,12
2022-03-07,500086.36836572335,572231.0800738649,12
2022-03-08,501247.50309517176,603154.5457928795,12
2022-03-09,501401.1210475526,515914.4233363425,10
2022-03-10,502366.9031149795,510518.8811746595,10
2022-03-11,503199.7837375747,524635.2440779093,12
2022-03-14,503708.7820588701,513937.23798918055,11
2022-03-15,504029.892589005,512779.2473619021,16
2022-03-16,505190.72927606315,526559.2186704102,13
2022-03-17,505370.64724153816,541318.8820320112,14
2022-03-18,505758.29161827324,582518.8144237286,12
2022-03-21,505727.92757221276,521414.6857370776,12
2022-03-22,505604.65459697397,531067.62253317,17
2022-03-23,506339.67393692344,521632.37235051993,13
2022-03-24,506061.3747649802,562213.4661391831,16
2022-03-25,506318.5714402216,580865.5415799771,14
2022-03-28,505687.45696423255,554783.6210570899,17
2022-03-29,505224.5121794359,612562.6132954115,19
2022-03-30,505738.54898855806,585961.6283999034,19
2022-03-31,507120.7740867042,517671.1620781618,17
2022-04-01,507342.7593225257,616850.776082481,15
2022-04-04,506238.53470423736,646297.9156858033,16
2022-04-05,507825.4248451605,585397.5931608215,19
2022-04-06,508404.64192242187,572266.0244595571,20
2022-04-07,508066.79339975974,556008.9992091622,21
2022-04-08,508500.7822926245,546363.8562000869,18
2022-04-11,508803.3004425543,522547.0578494066,18
2022-04-12,509047.99807860126,519072.72223280853,20
2022-04-13,508979.2285484065,554717.3482007636,19
2022-04-14,509700.9114940625,541417.2047248321,17
2022-04-18,509606.29237964714,539270.3799304966,16
2022-04-19,509145.575906374,565841.1417032097,19
2022-04-20,509148.89358669263,560995.088248176,17
2022-04-21,509564.26594918396,547463.8018869789,19
2022-04-22,505986.14964053046,604288.2094027745,15
2022-04-25,507097.5993002539,544758.6768057619,13
2022-04-26,502978.93463618425,749705.3910261164,13
2022-04-27,506065.4875761881,670118.1173282334,13
2022-04-28,503052.1011673985,805469.9152181557,17
2022-04-29,513613.4806380042,574721.4962848508,18
2022-05-02,512539.4105326667,549050.4557207642,14
2022-05-03,512644.19239270326,530940.0782492397,16
2022-05-04,512844.18346963834,570621.4858799902,12
2022-05-05,510101.81801218423,841323.2672643645,12
2022-05-06,513681.2651168591,675590.4912968862,12
2022-05-09,517907.2637329021,523171.0267561882,13
2022-05-10,518233.4344174822,523099.80035421654,14
2022-05-11,518623.251837878,516055.6080481319,12
2022-05-12,518764.5926193338,527060.8077992597,15
2022-05-13,519169.1210234991,657948.8040475864,12
2022-05-16,519555.37489143875,592154.627025943,13
2022-05-17,519494.40988501784,566760.9890543676,17
2022-05-18,515699.99531301315,651299.2453862001,8
2022-05-19,517302.94724354247,629336.9576113101,14
2022-05-20,518438.9090238008,660736.661029358,13
2022-05-23,515146.1196728471,688981.5799546599,21
2022-05-24,515590.8101107665,634007.7906504602,21
2022-05-25,514292.49536934437,654573.2237860083,20
2022-05-26,512634.26451553265,741203.5597730106,21
2022-05-27,513058.905747593,879914.5837654478,19
2022-05-31,510789.6894853915,753934.6151828199,18
2022-06-01,510736.2675891196,687278.1797404359,17
2022-06-02,508931.7489894695,858748.4485852864,18
2022-06-03,512073.6055282799,648916.9449265576,18
2022-06-06,510773.4292209053,638335.6730942221,14
2022-06-07,509645.9511802899,712246.9557722564,16
2022-06-08,511098.9137081875,659075.9068244827,15
2022-06-09,514230.75217498146,561439.9564299166,18
2022-06-10,514478.4487600393,580414.4863277464,17
2022-06-13,516350.0136403998,532685.7744058764,13
2022-06-14,517268.7778883865,526274.2749212382,14
2022-06-15,517878.02753324766,594733.6425040824,13
2022-06-16,518936.49701230973,676705.3063005923,17
2022-06-17,521324.973195154,635714.7497005921,16
2022-06-21,517316.570416474,658557.1580605101,11
2022-06-22,517199.7478049459,686892.5278640449,11
2022-06-23,515339.3083691919,791153.2352552663,11
2022-06-24,510834.184129153,1077207.9095509802,7
2022-06-27,507167.92669553705,630304.8011377556,12
2022-06-28,508769.0497704521,568368.622895194,17
2022-06-29,508816.71084794326,551322.4315599985,19
2022-06-30,509270.44040021044,538404.1353153895,17
2022-07-01,509090.8233661846,601979.806456646,17
2022-07-05,508487.493783035,528332.0392423755,15
2022-07-06,508306.1108747999,529369.9149891615,15
2022-07-07,507981.9447703595,517803.7928467361,18
2022-07-08,508461.9424063789,630049.6531960268,12
2022-07-11,508583.1346121319,623338.5409715698,10
2022-07-12,508073.58937950234,637060.2212613651,10
2022-07-13,508623.19804550754,682459.0238674453,14
2022-07-14,509265.60603126464,661742.8434119063,13
2022-07-15,509000.13686528866,739999.7220239508,15
2022-07-18,509694.09341262013,641569.2363542705,15
2022-07-19,509697.10328687937,600261.618266622,15
2022-07-20,509596.48354717466,600756.9426696252,16
2022-07-21,509539.5545629659,633925.7217211596,17
2022-07-22,510523.5313461354,613561.5140200019,15
2022-07-25,510823.1095136719,593625.8809042654,16
2022-07-26,510574.94686659373,602268.5917307449,16
2022-07-27,510364.1898082538,588898.4224386711,15
2022-07-28,510750.03130696877,549659.5140805009,15
2022-07-29,511400.4944694626,623541.1462670843,12
2022-08-01,510870.59457423916,621838.9899607752,12
2022-08-02,509983.60516390146,634209.0896653904,12
2022-08-03,511145.25241673127,614277.9430062496,13
2022-08-04,511450.60699525906,610177.7849999416,13
2022-08-05,511676.9449680039,655832.953999276,16
2022-08-08,511886.84495440876,601740.5589397094,12
2022-08-09,511769.025154019,608051.887397221,12
2022-08-10,512792.3155716379,572251.4292927975,13
2022-08-11,512919.5779507919,571087.8118432448,14
2022-08-12,513579.3534430467,555017.6233101448,14
2022-08-15,513888.9996159104,559389.5220052132,18
2022-08-16,514029.10637221107,564760.7318334213,19
2022-08-17,514115.74207323964,572480.5724947344,19
2022-08-18,514262.6305418494,581447.2939841384,20
2022-08-19,514017.3647160721,577608.1101285749,18
2022-08-22,512397.3685878152,598720.600810964,14
2022-08-23,512302.4394419426,636225.8822001804,21
2022-08-24,513324.13958099706,584635.4517366941,21
2022-08-25,513245.1795388116,601175.9655372583,21
2022-08-26,514196.08967042493,570003.7341106666,21
2022-08-29,514317.5318194082,577172.5050584517,21
2022-08-30,514677.7748240413,567441.5784750383,21
2022-08-31,514857.69131459924,582275.3241255064,21
2022-09-01,514843.5175766556,574881.5724216915,21
2022-09-02,515204.445364737,577454.0346201126,21
2022-09-06,514806.66563264094,633548.7934146756,21
2022-09-07,515648.1808588303,607131.7010014446,21
2022-09-08,516356.0961350442,593137.3474721644,21
2022-09-09,516671.9759453657,582808.5150231932,21
2022-09-12,516770.7946081695,549902.1120242053,21
2022-09-13,512822.71434951434,674060.8093754376,21
2022-09-14,513853.8399817388,604846.3063372334,21
2022-09-15,513871.7107028961,639984.8155743108,21
2022-09-16,514378.69769273885,660780.9540407733,21
2022-09-19,514694.40644693054,620422.4395565967,19
2022-09-20,514027.39680663985,641971.9848144545,18
2022-09-21,513492.16123278206,698533.6200323853,12
2022-09-22,514205.3290669556,618359.2575658025,21
2022-09-23,514976.495540876,569508.7747837001,21
2022-09-26,514090.5592108912,581059.8513686404,21
2022-09-27,514807.78081887495,564480.5900141031,21
2022-09-28,514707.52548399975,561635.2681169722,20
2022-09-29,514212.27387057943,635637.8597296037,21
2022-09-30,515505.35858940706,684799.1960722104,21
2022-10-03,515448.9366586531,613423.1607851973,21
2022-10-04,515561.3723838873,566196.8262110999,21
2022-10-05,516002.3230422457,567264.1065903803,21
2022-10-06,515162.72898960725,577389.9559638341,21
2022-10-07,513997.88846178516,627042.23733527,21
2022-10-10,514465.8280708451,633964.5040358872,21
2022-10-11,513918.17980733444,646564.6440552338,21
2022-10-12,514431.3133811365,650150.1404581534,21
2022-10-13,514638.33125312027,588466.0946372873,21
2022-10-14,514563.195066114,631657.037552814,20
2022-10-17,514883.6021919773,574578.5924038439,21
2022-10-18,515498.37862063333,560282.3530933425,21
2022-10-19,515273.8955544016,565937.5077867889,20
2022-10-20,515550.4582445825,572511.0188306066,21
2022-10-21,515705.1723080049,577527.1644794161,21
2022-10-24,516108.2722246472,552357.3664729835,21
2022-10-25,516493.97436006845,539597.8728727046,21
2022-10-26,517012.5121371822,543797.976132876,21
2022-10-27,516516.1011409703,545617.5686918854,21
2022-10-28,517605.95416200726,547212.0239651568,21
2022-10-31,517825.3371444577,543253.595167934,21
2022-11-01,517795.3184937373,543647.7029600651,21
2022-11-02,517129.38076050265,588011.3274676058,21
2022-11-03,517403.8913045842,626100.9248933172,21
2022-11-04,517522.41789380705,582603.983525794,21
2022-11-07,518356.9173749781,545749.0054453358,21
2022-11-08,518236.80073692475,536415.3843791711,21
2022-11-09,517598.75955427246,560886.4735512031,21
2022-11-10,516579.1337250073,505348.9136681172,21
2022-11-11,517527.750559511,552984.3273990551,21
2022-11-14,517890.7624827487,546774.4746297162,20
2022-11-15,517769.3526444672,534937.1655376828,19
2022-11-16,518167.6377237074,536952.0427169867,19
2022-11-17,518222.69166933664,536464.8635295605,19
2022-11-18,518539.30578388553,606775.8688287796,20
2022-11-21,519396.10848886205,610060.5364877789,21
2022-11-22,519957.6463780161,578531.6120358602,21
2022-11-23,520461.75626419735,586332.6105071505,21
2022-11-25,520587.2868521924,579932.899376154,21
2022-11-28,519805.98058015644,602400.4016799419,21
2022-11-29,519877.0179007858,604332.3750086162,21
2022-11-30,520394.81324404187,544056.1240657027,21
2022-12-01,520632.75346444134,543175.014585376,21
2022-12-02,520843.2061437508,543542.0430883763,21
2022-12-05,520030.3751661687,561580.8806411031,21
2022-12-06,518654.6152787865,595852.9216407645,21
2022-12-07,518605.01362324244,596934.4926148346,21
2022-12-08,519410.02501941315,567755.6077161767,21
2022-12-09,519192.843462839,584148.763761303,21
2022-12-12,519457.62464331335,540239.669074161,21
2022-12-13,520942.61858442705,533675.3728185806,21
2022-12-14,521341.3217984658,535748.147306661,20
2022-12-15,520360.89138746203,561760.8921533601,21
2022-12-16,520665.3419173567,636932.8958042484,21
2022-12-19,521014.12833734544,651510.878399185,21
2022-12-20,521555.2918653223,645918.0365314834,21
2022-12-21,522268.38473889045,615600.8381905262,21
2022-12-22,520949.9837866097,649831.8920215148,21
2022-12-23,521506.991038279,635012.9242899915,21
2022-12-27,521904.9881862134,628698.2340274545,21
2022-12-28,521495.3213589883,645135.2653512685,21
2022-12-29,521526.2962048333,611843.0087049432,21
2022-12-30,521797.1190403061,625438.6189110844,18
2023-01-03,521798.1831711837,613389.7396372498,19
2023-01-04,522721.8997323137,589874.8705268945,21
2023-01-05,522240.7164533811,616077.387921216,21
2023-01-06,522857.04206986283,567691.170579757,21
2023-01-09,522970.85036648635,562196.4394336898,21
2023-01-10,523426.824936814,554709.163327243,21
2023-01-11,523481.2239104478,545714.6352818285,21
2023-01-12,523966.4706923013,544135.0624481561,21
2023-01-13,524227.2602954181,544759.9537565059,21
2023-01-17,524287.3384282171,541024.3999237688,21
2023-01-18,524048.8916817033,549720.0104898935,20
2023-01-19,524069.48047006794,555603.3436825044,20
2023-01-20,524189.529461222,570182.5481859649,20
2023-01-23,524165.25041917886,546114.4593720287,21
2023-01-24,524340.8436598121,540029.8774089327,21
2023-01-25,524373.7074401085,538776.2382728404,21
2023-01-26,524579.4639771141,534556.2713653748,20
2023-01-27,524808.0119697958,537421.1763820825,20
2023-01-30,524576.7115977275,539751.873217076,21
2023-01-31,524816.3061029648,531202.927763477,21
2023-02-01,525098.9575277767,529356.5180023572,21
2023-02-02,525111.5644834391,527896.9622593847,21
2023-02-03,525419.5390560227,575205.3004877208,21
2023-02-06,525543.0985429153,554399.8343139003,20
2023-02-07,525746.3331711125,537893.0574927852,21
2023-02-08,525591.367494759,543661.3835474952,21
2023-02-09,525287.5800688778,552722.0387181963,21
2023-02-10,525689.5144124784,542541.5506890625,20
2023-02-13,525948.5876686726,528306.5157636602,21
2023-02-14,526224.762061816,528315.7891318852,21
2023-02-15,526324.4485646335,529076.0489287844,21
2023-02-16,526052.1425226638,535858.2377954645,20
2023-02-17,526494.1978438972,572594.5217468584,20
2023-02-21,526086.9593998329,588706.13199369,20
2023-02-22,526402.6418279461,606218.8681007646,21
2023-02-23,526186.2049905239,615390.7374614693,20
2023-02-24,527127.290091358,647896.8695487011,21
2023-02-27,526739.037176157,610958.5451307124,20
2023-02-28,527020.5089574622,592329.3532475771,21
2023-03-01,527264.9489243332,582001.596365936,21
2023-03-02,526796.406170626,606472.2494165953,20
2023-03-03,525672.1645177886,709975.837007726,20
2023-03-06,524919.6776884173,565331.2412487743,20
2023-03-07,525274.8775424918,564225.441047577,18
2023-03-08,525381.6670425828,544610.9488970198,16
2023-03-09,523520.8507089921,704947.8607655256,21
2023-03-10,525053.1092908231,599526.1007112055,21
2023-03-13,525393.6756694734,577032.8240399817,19
2023-03-14,524921.7663372067,598681.2033205925,21
2023-03-15,525219.6538111975,565739.8698826798,20
2023-03-16,525053.132092172,588420.9001811245,21
2023-03-17,525963.708501544,568606.6648488608,21
2023-03-20,526033.3305274147,534208.236519691,20
2023-03-21,526067.6318543545,526663.9974092897,21
2023-03-22,526400.0496058839,527389.9209384029,18
2023-03-23,526565.475672484,535314.0857875182,21
2023-03-24,526886.6961209974,532679.1722435912,21
2023-03-27,527007.1212936247,527764.0630310206,19
2023-03-28,527144.4256883969,530661.6366258746,21
2023-03-29,527178.0151113406,528552.5817612574,21
2023-03-30,527292.2762822736,528186.1887104022,21
2023-03-31,527502.7848692836,540398.4086628105,20
2023-04-03,527649.3353538678,588721.369593521,21
2023-04-04,527984.0719349692,581414.9093421637,21
2023-04-05,528115.4560609539,570172.0874443845,21
2023-04-06,528033.516338918,574118.5929292076,21
2023-04-10,527874.4864746546,531199.758408775,20
2023-04-11,527782.7886903486,530664.4998136767,17
2023-04-12,527771.443232929,538731.3521905512,20
2023-04-13,527655.7690923904,589241.5775125024,21
2023-04-14,527915.8923511135,646387.4398978007,20
2023-04-17,527416.9271631952,616875.4383403467,21
2023-04-18,527308.5892028883,602942.9003471476,19
2023-04-19,527293.8203250207,590451.7972315071,21
2023-04-20,527607.1768884013,558644.1890321851,21
2023-04-21,527662.0188327096,551890.4848553283,20
2023-04-24,527572.550547406,530745.9003812291,20
2023-04-25,527435.8954563693,540620.1190885922,18
2023-04-26,527446.3674365801,554894.7163032572,20
2023-04-27,527117.6784458975,532524.7976343794,21
2023-04-28,527298.9842904186,534914.1802173569,20
2023-05-01,527325.6191910912,528722.280338282,20
2023-05-02,527250.1595863992,530726.2852771324,21
2023-05-03,527381.4001735338,531613.077248183,18
2023-05-04,527503.2923395965,532457.0936767537,16
2023-05-05,527736.9688627776,612858.404058779,20
2023-05-08,527652.1431509296,575188.5881784171,21
2023-05-09,527858.310681704,557143.2252843598,20
2023-05-10,527779.1608368888,561101.8111698233,20
2023-05-11,527850.6640621524,552048.6999742629,21
2023-05-12,528004.8555209541,545226.1366997056,18
2023-05-15,527919.830981942,534768.1921867074,21
2023-05-16,527970.9127256265,530689.6275817273,20
2023-05-17,527967.605484388,532741.6733480009,20
2023-05-18,527985.5601811995,535020.5996809223,21
2023-05-19,528108.6029439318,535672.3284580254,20
2023-05-22,528139.29747581,530943.4235786871,20
2023-05-23,528142.1427162815,530356.5922253955,19
2023-05-24,528137.0320904572,531798.1591303447,16
2023-05-25,528228.2237765292,531986.1251709416,21
2023-05-26,528474.1182949882,531980.5006154957,21
2023-05-30,528538.620190729,529696.2189883719,21
2023-05-31,528608.2274690529,529861.1521377295,18
2023-06-01,528751.5770438411,531377.1847827224,21
2023-06-02,528958.7837031075,534943.8613044772,21
2023-06-05,529016.3574947487,532343.1002547519,21
2023-06-06,529038.1985377375,530731.7695269657,21
2023-06-07,529093.6977743574,531670.9279646033,18
2023-06-08,529151.8590031726,530752.6694011173,19
2023-06-09,529241.6816857909,530721.505006204,20
2023-06-12,529270.1949666563,529594.4258245409,21
2023-06-13,529306.101791421,529607.8424262238,21
2023-06-14,529427.284708006,530923.2284343588,21
2023-06-15,529542.7322575769,530434.0447086483,21
2023-06-16,529669.735504576,627314.6619711893,21
2023-06-20,529960.1874253755,561503.9463829256,21
2023-06-21,530067.7864280482,561753.679177679,21
2023-06-22,529916.4218172833,579076.8838543069,20
2023-06-23,530208.848945485,612400.7071864499,21
2023-06-26,530436.731795537,583742.4401611941,21
2023-06-27,529852.0196923666,615311.0816931323,21
2023-06-28,529788.5688853039,610055.0780084828,21
2023-06-29,529466.0090502445,620561.2597101504,21
2023-06-30,528651.9002177978,688970.441783186,20
2023-07-03,528323.8582063569,646958.4283994668,21
2023-07-05,528330.947096183,597190.1583396216,21
2023-07-06,528745.3338355089,562305.3420001195,21
2023-07-07,528769.15851078,560295.731648964,21
2023-07-10,528723.1622371984,545703.5330060964,21
2023-07-11,528655.0005244913,548368.9877292621,21
2023-07-12,528516.067086379,557372.8990057217,21
2023-07-13,528384.16692415,572168.4545767086,21
2023-07-14,528279.8867130501,546306.5285072986,21
2023-07-17,528256.2076337078,529519.5229172761,21
2023-07-18,528304.3483447437,529887.0465817588,21
2023-07-19,528343.8662689112,530128.8669121498,21
2023-07-20,528367.2379429637,531421.7697379716,21
2023-07-21,528418.6195735332,533501.2815773122,21
2023-07-24,528431.9151681012,529877.8988763513,21
2023-07-25,528448.7138565534,529368.0064270262,21
2023-07-26,528476.9429902352,544086.794916877,21
2023-07-27,528626.3432148171,543077.3630026163,20
2023-07-28,528536.796424721,611042.9812792776,19
2023-07-31,528376.4687369037,599041.5538011676,21
2023-08-01,528552.5274042863,579375.068823364,20
2023-08-02,529146.4495593915,552394.5659435609,20
2023-08-03,529320.9443726685,543663.8619833443,21
2023-08-04,529536.309963477,545068.5176109425,19
2023-08-07,529365.2412119238,537611.3139068835,20
2023-08-08,529384.4054352669,535933.9208292633,21
2023-08-09,529433.5829965745,522548.0792454623,21
2023-08-10,529601.4491855446,535300.5239214643,21
2023-08-11,529725.9107829795,571891.2638044283,20
2023-08-14,529461.5861272544,562068.2695212344,21
2023-08-15,529806.0734314113,542535.362301922,20
2023-08-16,529915.1614181863,560684.1378722988,21
2023-08-17,530145.1371829726,557177.6264176964,21
2023-08-18,530116.154698404,618790.3461076489,20
2023-08-21,529476.4336695435,619758.1706479552,21
2023-08-22,529674.2161268566,606405.6860278801,21
2023-08-23,528856.1034725255,647524.1369958107,21
2023-08-24,530441.9867187785,582393.8268193525,20
2023-08-25,530098.9704292248,633049.8467948267,21
2023-08-28,529340.366314692,640045.6695164187,20
2023-08-29,528116.0542283944,752732.4658717547,21
2023-08-30,527254.7087254439,776427.4932929373,21
2023-08-31,527157.7308707993,743613.1662615729,20
2023-09-01,526481.9949253842,767481.0442496485,19
2023-09-05,527185.8662802724,623814.3573555496,21
2023-09-06,527728.207095214,576449.6108105588,21
2023-09-07,527883.4141197468,561332.222732707,20
2023-09-08,527813.340857755,564911.7705040462,19
2023-09-11,527537.8926295224,559748.7331149651,21
2023-09-12,527703.5570660377,546807.6835374248,20
2023-09-13,527677.1258854228,544373.4345505611,21
2023-09-14,527523.1974015025,550967.2713363459,21
2023-09-15,528023.0689259385,553098.4116077465,21
2023-09-18,528001.8791894971,549615.828829786,21
2023-09-19,528034.8877371113,552043.6382894787,21
2023-09-20,528255.3659437564,542362.9947210938,21
2023-09-21,528205.1438933845,544041.3182079163,21
2023-09-22,528346.950434046,646161.9355906469,21
2023-09-25,527809.4781696759,620893.8933220244,21
2023-09-26,529122.5403957189,563638.4337688901,21
2023-09-27,529111.3426208452,564161.9604416814,21
2023-09-28,528902.640582891,567976.6940930985,21
2023-09-29,528944.9128978357,593765.7241553868,21
2023-10-02,528905.8285832017,565560.1881193146,21
2023-10-03,529301.4797655001,543692.3340081406,21
2023-10-04,529166.7117953091,545469.2818342329,21
2023-10-05,529148.1281148349,540439.5078026063,21
2023-10-06,528991.8296762713,594360.268075655,21
2023-10-09,528510.2866644338,586056.5586515829,21
2023-10-10,528201.4727443816,589302.1477577363,21
2023-10-11,527866.0258660394,529699.0689531681,21
2023-10-12,527896.4102319054,528989.0211376663,20
2023-10-13,527948.007493308,529180.8618896496,17
2023-10-16,527947.0558877325,528386.7253462432,21
2023-10-17,528131.4467247509,528527.2720582163,19
2023-10-18,528223.8041294297,529741.9879765814,18
2023-10-19,528217.8396388189,533011.5233085281,15
2023-10-20,528563.3258621723,613759.3489099076,21
2023-10-23,528686.0742869782,604353.3457193606,20
2023-10-24,528103.2284676685,636230.8165856185,19
2023-10-25,529558.5597474899,584095.9427258004,21
2023-10-26,530167.2484614773,548061.9510369035,21
2023-10-27,530224.7532496451,561312.4910608506,21
2023-10-30,529697.4339123954,541720.5509457784,21
2023-10-31,529514.4257128712,542865.0630540174,21
2023-11-01,529326.3269630461,572664.4064267918,21
2023-11-02,528780.5770461138,658642.6948819314,21
2023-11-03,528230.7332045493,713800.4998570284,21
2023-11-06,527570.8788221771,658441.9908245109,21
2023-11-07,527279.6309300526,665683.9617762393,21
2023-11-08,527039.0365863275,659782.7675353676,21
2023-11-09,527785.6261230685,593944.1552825985,21
2023-11-10,527088.0747462576,664060.8357947699,21
2023-11-13,526765.3854418845,559383.3537910787,21
2023-11-14,526933.9973610524,557329.1747895695,21
2023-11-15,526827.0236385016,559905.3210626473,21
2023-11-16,526805.4755140005,585335.2860256959,21
2023-11-17,526681.1807566844,690681.8409483258,21
2023-11-20,525606.4441914018,710873.2156941098,21
2023-11-21,525792.6994693361,674303.3058416566,21
2023-11-22,525142.8843412367,697623.8753809461,21
2023-11-24,524856.5305755168,681637.9025190399,21
2023-11-27,524967.3180432488,583236.7588914545,21
2023-11-28,524852.9353625324,573365.0964909791,19
2023-11-29,524868.8108107727,561499.8277743065,18
2023-11-30,524735.2318123266,559947.0956993906,20
2023-12-01,524498.4094291928,568371.817653024,21
2023-12-04,524663.7963018579,546137.7777499299,21
2023-12-05,524689.0824449153,542241.3278950402,21
2023-12-06,524762.1198170915,539081.3737188458,21
2023-12-07,524736.387830784,538720.5541860025,21
2023-12-08,524795.2747978662,541366.7490966067,18
2023-12-11,524761.7745923223,540224.6110681273,21
2023-12-12,524692.1025080928,541435.4689729951,21
2023-12-13,524603.6117753305,554037.9021296063,21
2023-12-14,524508.9935828464,557105.30087719,21
2023-12-15,524876.523411602,564492.6062506626,21
2023-12-18,524643.9609883091,578755.8595172847,21
2023-12-19,524480.6840071833,594146.9362490084,21
2023-12-20,525160.8473001245,552134.5828538449,21
2023-12-21,525008.0238855451,566294.8903359214,21
2023-12-22,524806.130829085,580384.423584242,21
2023-12-26,524561.601310417,561215.073885811,20
2023-12-27,524529.493881958,571940.6403714746,21
2023-12-28,524499.0222355499,578745.1433622577,19
2023-12-29,524619.3231811977,551461.444983816,21
2024-01-02,524747.1665456687,527474.7591329246,21
2024-01-03,524726.8393419713,555038.2167106248,21
2024-01-04,524830.4678049674,553633.997443965,21
2024-01-05,524755.7140617004,602130.641389395,21
2024-01-08,524121.90954258176,661935.9558316073,21
2024-01-09,524062.43433639663,619879.6060731055,21
2024-01-10,523686.45676025335,639451.52168542,21
2024-01-11,523602.96564921364,629123.2518313355,20
2024-01-12,523531.21008112805,625544.2630500753,21
2024-01-16,523767.8192282902,546411.5970269069,21
2024-01-17,523847.86488410906,536727.5721083239,21
2024-01-18,523754.214007654,539198.7655463538,21
2024-01-19,523589.411984169,557798.6842495862,21
2024-01-22,523549.2661066585,544742.7132062647,19
2024-01-23,523523.73695976986,545969.8093932337,21
2024-01-24,523503.7767783618,543840.4749661221,20
2024-01-25,523456.4621287768,548908.6623891261,21
2024-01-26,523495.95550881274,531712.4864395545,20
2024-01-29,523440.96794681944,529869.5491588579,21
2024-01-30,523441.5555659247,525688.8436832742,21
2024-01-31,523512.13121782243,525166.4790238531,19
2024-02-01,523546.98159629223,502201.19816276705,21
2024-02-02,523824.2726775454,591944.8574570311,21
2024-02-05,523952.6644428091,556957.9926594703,21
2024-02-06,523872.59428975894,556584.2787789492,21
2024-02-07,523639.2357029093,572713.7073437991,21
2024-02-08,523600.676692363,564575.0768195614,20
2024-02-09,523407.03332753177,573432.3540008197,21
2024-02-12,523392.5766816043,552013.0865443358,21
2024-02-13,523763.91143456596,533177.6918371251,21
2024-02-14,523675.06550866767,538682.6181399103,21
2024-02-15,523633.5778041759,543474.0803897798,20
2024-02-16,523792.18258697935,547313.512561857,18
2024-02-20,523904.1754447622,533225.0117957952,20
2024-02-21,523925.64873454574,530229.3600824485,21
2024-02-22,523870.303165765,538515.6845784438,21
2024-02-23,523939.3439310851,567398.7730943855,20
2024-02-26,524060.8313615572,544519.2557679905,21
2024-02-27,524017.1500745761,538562.7617270827,21
2024-02-28,524028.24857536773,531330.2770850152,21
2024-02-29,524078.508246484,539440.7035699378,21
2024-03-01,523972.48099908384,617034.3928619267,21
2024-03-04,523970.41070429835,562829.1069534526,21
2024-03-05,524311.4602843156,538113.7086339697,21
2024-03-06,524260.9381241376,539399.5629544375,21
2024-03-07,524102.7500492603,554263.1273757541,21
2024-03-08,524346.3492184022,536264.1437033084,21
2024-03-11,524357.289304546,525681.7609170062,18
2024-03-12,524367.4099361143,528338.4032394498,21
2024-03-13,524413.9376627367,525941.2722718279,21
2024-03-14,524491.9596981478,524827.1879655876,18
2024-03-15,524675.7711335516,535487.0312158789,20
2024-03-18,524687.3457162948,527922.3746632861,21
2024-03-19,524695.7876929732,525535.8111823706,21
2024-03-20,524700.0142278819,525396.3332613955,21
2024-03-21,524746.4373263193,526009.044417155,21
2024-03-22,524808.8607550615,616784.1483725759,21
2024-03-25,524996.2263969053,552295.5640421672,21
2024-03-26,525029.1920590545,542355.2283573588,20
2024-03-27,524877.8412192267,550995.3901073552,20
2024-03-28,524835.319393621,577838.9963575003,21
2024-04-01,524854.7143435635,543486.0818516769,21
2024-04-02,524869.9193408085,535780.2625716791,21
2024-04-03,524881.3161907217,532264.4986142239,20
2024-04-04,524547.0452370575,543776.3415331122,18
2024-04-05,524865.7732532992,533673.3451392631,17
2024-04-08,524854.3302072815,529266.7711802232,20
2024-04-09,524854.2984572424,526653.1674739777,20
2024-04-10,524923.865515963,531789.4571360153,19
2024-04-11,524938.6874187018,619881.600242976,21
2024-04-12,526509.3045846333,569195.4233872613,21
2024-04-15,526991.7812092006,538473.6923584769,21
2024-04-16,527099.0247172227,535987.8378564459,20
2024-04-17,527159.2977946108,563204.3820375552,21
2024-04-18,527221.3362558509,578086.2166186613,19
2024-04-19,527654.4036615094,602880.6625543154,21
2024-04-22,526833.4710134324,611924.4836760872,20
2024-04-23,526008.3631425898,668278.4205172019,21
2024-04-24,525863.889793924,645553.6732120947,21
2024-04-25,526267.2028041868,561929.3359009312,20
2024-04-26,525920.7065617689,606235.3643120942,21
2024-04-29,525424.2896791721,554987.3307540059,21
2024-04-30,525534.879966972,552081.1955878383,19
2024-05-01,525727.4519252906,579537.4546444553,21
2024-05-02,525289.507088885,575203.7111062763,21
2024-05-03,524971.2939982691,681146.3379161082,21
2024-05-06,523706.68679344514,778084.8239794576,21
2024-05-07,523226.7709664635,760038.5194066335,20
2024-05-08,522889.64984423947,745197.3965667642,20
2024-05-09,521777.22613911924,809469.9319565197,21
2024-05-10,521131.91951497074,816594.231912447,20
2024-05-13,520577.0358453245,600521.9179776374,21
2024-05-14,520141.52846897324,577398.5227785179,20
2024-05-15,519618.9200424643,686664.5038429155,21
2024-05-16,519845.53468107,690854.6912655883,18
2024-05-17,519514.3062263988,776972.2389632623,18
2024-05-20,519051.9157384343,762093.9097137804,20
2024-05-21,518432.76964480634,783944.154835596,20
2024-05-22,519099.5299291507,739413.6523043587,20
2024-05-23,520589.35705694,645754.5613355106,21
2024-05-24,519716.69166306965,700138.2167604822,21
2024-05-28,519448.0341713099,602894.9161214179,21
2024-05-29,519952.8536634733,556396.1858220315,21
2024-05-30,520173.98855352186,541409.8893038185,21
2024-05-31,519674.7507947461,656940.2372197926,21
2024-06-03,519522.49220542517,610575.8800712528,21
2024-06-04,519401.95499281696,603908.1674665421,20
2024-06-05,518784.48981961294,664939.817272799,21
2024-06-06,518671.36549947486,652599.1206812146,20
2024-06-07,518637.7652155561,679735.8016401696,20
2024-06-10,517975.6296682997,640088.9475645457,21
2024-06-11,517693.8854138886,636846.660441448,21
2024-06-12,516847.18179046415,699026.289159962,20
2024-06-13,516432.66758926935,732460.2768325248,21
2024-06-14,516190.67959450313,780927.0565437356,20
2024-06-17,514682.6186513814,861681.419704334,21
2024-06-18,513857.2870562671,890831.8236430581,21
2024-06-20,514281.03591134987,787930.795530703,21
2024-06-21,515173.6374086698,685793.9940787209,21
2024-06-24,515405.64910216857,592882.4540616766,21
2024-06-25,515092.93017843243,600472.3585189463,21
2024-06-26,514922.057577621,585641.4185883265,21
2024-06-27,514791.10652146215,565412.378459501,21
2024-06-28,514693.981028247,640872.8899571142,21
2024-07-01,514405.21849342104,613021.818062982,21
2024-07-02,513685.65238242707,662034.6884295252,21
2024-07-03,513041.7600680968,702228.308781956,20
2024-07-05,511859.6217960564,796639.5475905989,17
2024-07-08,511218.9528299799,709787.1887410902,20
2024-07-09,510863.58930145844,633051.4006187081,19
2024-07-10,510664.19240325456,703608.6274594669,21
2024-07-11,511783.14915141324,592269.4101012981,21
2024-07-12,511251.73914669873,629080.0857341571,21
2024-07-15,510797.88806600583,545997.6809383574,21
2024-07-16,510636.9045722939,557240.7484536208,21
2024-07-17,511134.92523351015,527951.0071588127,20
2024-07-18,511141.57330897095,523084.03332859074,21
2024-07-19,511251.1789809732,545919.65411931,20
2024-07-22,511029.92534360447,539314.6084281768,21
2024-07-23,511090.3291017941,534997.1340153938,20
2024-07-24,510949.70186556294,563260.9173941517,21
2024-07-25,510931.14401865157,556716.2130127689,20
2024-07-26,510789.210214771,601315.991912138,21
2024-07-29,510558.6094039475,548905.4639306087,21
2024-07-30,510651.26004568633,534997.4558034411,20
2024-07-31,510475.54464413814,565158.6326042407,21
2024-08-01,510849.782047754,547577.5913861492,21
2024-08-02,510932.9123628225,526495.554539472,21
2024-08-05,506070.00663003174,651490.4230276365,19
2024-08-06,509267.55506132834,531253.1944738391,21
2024-08-07,509815.2171092326,534657.0781508102,19
2024-08-08,509785.93888790417,602290.4646291117,21
2024-08-09,509724.16176970646,692614.4245522813,20
2024-08-12,509423.8930541859,580679.3586071553,21
2024-08-13,508340.72637250327,633623.5050773935,21
2024-08-14,507839.4933071947,620868.7018526135,21
2024-08-15,506681.20134337794,789427.649995515,21
2024-08-16,505754.4806751353,829340.6018178859,18
2024-08-19,504209.9539584805,842460.9792181216,19
2024-08-20,504656.90833903773,796090.4955665556,21
2024-08-21,503766.5592396737,781686.015854872,20
2024-08-22,505461.9070237303,634890.3221184894,21
2024-08-23,504046.07122860185,731535.4234762207,21
2024-08-26,504316.8359985829,568464.8256207076,21
2024-08-27,504069.5647787817,552043.3615981967,21
2024-08-28,504306.8536164973,514807.3236630908,21
2024-08-29,504260.00600318616,538625.2448724805,21
2024-08-30,503968.26986106124,603498.1726144108,20
2024-09-03,504913.2899548891,552420.5743798936,21
2024-09-04,504728.80984342686,552387.0208315724,20
2024-09-05,504955.5943389178,558612.5565510471,18
2024-09-06,505795.8534871014,546445.0743633916,21
2024-09-09,505408.52997765783,560112.9705743066,21
2024-09-10,505214.2335635408,565514.3982100693,21
2024-09-11,504672.78312698053,588563.0947546335,21
2024-09-12,504092.9532132025,616074.6688414871,21
2024-09-13,503807.4427651854,655311.6917180163,21
2024-09-16,503424.71245470986,561841.7858375962,20
2024-09-17,503399.66264673433,531576.1809187207,17
2024-09-18,503501.58674747555,521536.6800813761,19
2024-09-19,503370.49970522453,563090.1663667031,21
2024-09-20,503772.6507128572,556149.061021015,21
2024-09-23,503727.7352016925,528401.1367062998,20
2024-09-24,503654.8228455724,519278.6995314937,21
2024-09-25,503684.2324699907,510709.6313797969,21
2024-09-26,503684.09937463014,510501.1180185284,21
2024-09-27,503822.4599685978,508675.6129684782,20
2024-09-30,503813.58873131993,504196.4046537204,21
2024-10-01,503725.3206021514,504435.29227085697,21
2024-10-02,503863.11586564285,505342.62865500926,19
2024-10-03,503912.3581732945,504980.37255020713,19
2024-10-04,504179.2655330067,508708.4681208543,21
2024-10-07,504272.99262849323,506433.9635461936,20
2024-10-08,504402.36790220725,504795.97214743873,19
2024-10-09,504485.4145581538,505049.68803004746,21
2024-10-10,504684.75650611427,507794.6611973454,21
2024-10-11,504930.4045447781,507642.19508531,20
2024-10-14,505009.1091284353,505350.82042407664,21
2024-10-15,505028.5075764538,505361.88715994306,21
2024-10-16,505105.22184562025,506019.1838144927,21
2024-10-17,505213.1062645431,506245.25440781214,21
2024-10-18,505354.0886752147,515307.1615958387,20
2024-10-21,505447.8949639861,511017.61497263185,21
2024-10-22,505465.1115415092,509473.7180986297,21
2024-10-23,505440.45814193453,514247.3975313306,19
2024-10-24,505508.6510109251,510290.7408332237,21
2024-10-25,505657.3157350084,509762.84787669725,17
2024-10-28,505785.6186508646,506293.8035643804,20
2024-10-29,505877.0270263467,526590.4915240414,21
2024-10-30,505768.6063966443,527943.4401741305,20
2024-10-31,504787.63276464865,611771.1706173958,11
2024-11-01,505244.98240282387,573502.5637959469,21
2024-11-04,505604.7432321047,553048.0681884858,21
2024-11-05,506116.65819834155,519262.8178709458,21
2024-11-06,506639.141567033,508623.881657226,21
2024-11-07,506831.4077168985,507701.2785719283,21
2024-11-08,507233.7631580189,509149.00634844374,21
2024-11-11,507261.28603936714,507632.92359091697,21
2024-11-12,507299.6222100122,508183.0783923649,21
2024-11-13,507329.66823514766,508529.5280009541,21
2024-11-14,507391.61456818826,509495.048411019,21
2024-11-15,507469.8765690711,520904.6467090187,21
2024-11-18,507430.7326742311,508104.8000845409,21
2024-11-19,507440.4177198238,508060.8988495952,21
2024-11-20,507629.04259902233,510907.108856339,21
2024-11-21,507846.1192804823,512489.40512786084,21
2024-11-22,508039.2243113545,519603.94817092683,20
2024-11-25,508130.5886410888,512289.07697117626,19
2024-11-26,508171.3549731247,510595.9591424767,20
2024-11-27,508270.45015803515,524798.6421821188,21
2024-11-29,508314.27746736654,569018.5996632024,21
2024-12-02,508193.31815551093,526256.4836632235,20
2024-12-03,508188.7879812956,526684.0883121361,18
2024-12-04,508075.43840698013,560210.7433064355,21
2024-12-05,508143.3384064939,550160.9716694296,21
2024-12-06,508172.6471824328,562964.4271903295,21
2024-12-09,508419.4549465382,531511.4457552907,21
2024-12-10,508507.65799381235,526090.8264846624,21
2024-12-11,508481.70087613864,533044.4456069508,19
2024-12-12,508596.82940783224,523873.60935774655,21
2024-12-13,508699.8077500989,522523.3968728614,19
2024-12-16,508632.0691674954,520237.96083039156,21
2024-12-17,508739.5767509166,515770.8689237247,18
2024-12-18,505164.123544072,533381.1799584364,18
2024-12-19,508936.6293380846,513834.6463230231,19
2024-12-20,509839.99952055805,542149.1852361724,21
2024-12-23,510387.2598511383,518858.0058125965,19
2024-12-24,510255.2330889299,574092.439351436,21
2024-12-26,510276.26435238234,548008.6575103427,21
2024-12-27,510734.7134798369,527240.6549389181,21
2024-12-30,510903.2185444301,514502.7915953861,21
2024-12-31,511071.4141837762,585295.4750813886,21
2025-01-02,511271.4545106169,560414.9706022573,20
2025-01-03,510606.1217816579,681288.7368917207,21
2025-01-06,509689.95541198086,646755.1529462961,21
2025-01-07,510906.649372395,558250.0008544445,21
2025-01-08,510836.03056393616,556726.047112218,21
2025-01-10,511252.9495920705,545227.4878437548,21
2025-01-13,511448.5949008245,522315.0245757495,20
2025-01-14,511546.50156742963,517347.0666656522,21
2025-01-15,511438.53864006716,539167.8873057208,21
2025-01-16,511538.11306389415,534992.7485060262,21
2025-01-17,511405.49087428546,690149.2756677801,19
2025-01-21,509696.2993640471,693563.5618061103,19
2025-01-22,508623.9426418062,765887.0563244275,20
2025-01-23,507220.4397192799,853636.8625128915,18
2025-01-24,507878.02496273885,856966.904563155,21
2025-01-27,512256.447989465,522454.84084289544,21
2025-01-28,511987.4654389968,529364.7185381498,21
2025-01-29,511997.2551482093,527008.7772105326,21
2025-01-30,512012.1662960085,532047.9396130685,21
2025-01-31,512332.0534901185,525456.4056621115,19
2025-02-03,512317.1641335477,516496.7721429802,21
2025-02-04,512293.56508603017,516487.82446575264,21
2025-02-05,512253.8753139621,519719.19678818516,21
2025-02-06,512337.8350163507,532058.9005171701,21
2025-02-07,513011.11256454454,628317.8676568586,21
2025-02-10,512233.2236145572,635102.0330545701,21
2025-02-11,512164.3358911124,633105.9129499153,21
2025-02-12,512442.5842125324,612857.17150779,20
2025-02-13,511578.1981528553,697167.4867559053,21
2025-02-14,511479.67323956586,737388.074000945,21
2025-02-18,510705.1663095469,702713.7059321183,21
2025-02-19,510235.15628649085,708867.5616745928,21
2025-02-20,510898.3832749943,623766.4474258801,21
2025-02-21,512701.65671023994,535299.9706284688,21
2025-02-24,512795.20935066836,520215.4845617084,21
2025-02-25,512825.3000212966,517068.6743990762,20
2025-02-26,512877.79312211677,515828.4036179585,21
2025-02-27,512975.7865330621,516435.0843327805,16
2025-02-28,512846.2260522941,701985.5789389363,21
2025-03-03,516018.8874890094,555323.2723533388,21
2025-03-04,516433.1737828506,528733.1317786752,21
2025-03-05,516288.63627889,536736.3111025459,21
2025-03-06,516646.516419503,520875.5101182837,21
2025-03-07,516560.24629238364,586501.4851719398,20
2025-03-10,518291.2102382844,525204.8191422289,21
2025-03-11,518339.83093430276,529000.16555275,21
2025-03-12,518320.70850105374,553993.0564935218,21
2025-03-13,518745.9951009561,575604.4389643867,21
2025-03-14,517390.6520437882,711212.7428957844,19
2025-03-17,515570.1245493958,668407.650763773,19
2025-03-18,516995.03301239025,578658.7981191438,21
2025-03-19,516299.96180723445,602826.5123215222,21
2025-03-20,516574.21088883566,582099.8432314242,21
2025-03-21,516884.12352211477,632267.18287995,21
2025-03-24,515367.54814737925,674482.7221971485,21
2025-03-25,514650.6124542228,641989.4881574123,21
2025-03-26,515915.01989768475,547339.9202081638,20
2025-03-27,515945.04919172433,529904.2221303569,20
2025-03-28,516204.67880367895,526483.7070444445,21
2025-03-31,516223.9868870563,516629.3184600029,21
2025-04-01,516328.8858950346,517245.35023462184,21
2025-04-02,516543.4752616165,516810.75777061196,21
2025-04-03,509779.58631178795,708666.7549750177,7
2025-04-04,506486.1369597509,601532.4662351793,22
2025-04-07,512089.941429852,534475.0638193915,18
2025-04-08,512890.10397172766,563609.0860369467,21
2025-04-09,507077.6811978448,633481.9054365705,21
2025-04-10,506343.7651180238,673786.1799760151,7
2025-04-11,508036.31857913506,573088.8241366011,22
2025-04-14,510658.80709914246,515956.4482440256,21
2025-04-15,512765.9873113434,517272.54093291116,21
2025-04-16,512876.84963524475,528651.2571182838,21
2025-04-17,513554.48362372955,663569.3755274325,22
2025-04-21,516701.72202358727,519555.84563274076,21
2025-04-22,516533.83307297254,525554.7718739912,21
2025-04-23,516545.8029752299,520825.00102058117,21
2025-04-24,516774.09652153496,519305.14495231526,20
2025-04-25,517125.1917140874,672374.4211215645,22
2025-04-28,516730.3885501517,541398.0915263776,21
2025-04-29,516566.79221916525,535330.2431980012,21
2025-04-30,516607.34860726364,531632.7637459374,21
2025-05-01,516789.5020793705,526995.8278250154,15
2025-05-02,517156.4063145434,553362.9796394089,21
2025-05-05,517567.4541215065,524092.410403834,21
2025-05-06,517628.4494714555,526106.0764615904,20
2025-05-07,517891.678350021,519439.94152910594,19
2025-05-08,518113.28083907795,521244.96261608857,21
2025-05-09,518392.12737110927,524212.2622587817,20
2025-05-12,518317.32051709585,518759.4050713372,21
2025-05-13,518479.92013359437,518998.4980389762,21
2025-05-14,518586.3196398909,519078.8275985773,21
2025-05-15,518752.6228878703,520966.65937990067,21
2025-05-16,519021.9638270739,523240.67723415483,20
2025-05-19,519068.70070304326,519921.11077310424,20
2025-05-20,519109.35206015536,519943.2600975015,19
2025-05-21,518678.53997085185,525186.2907720282,19
2025-05-22,518967.8832771587,522789.7466606581,19
2025-05-23,519195.4857727213,552878.6158239407,19
2025-05-27,518884.9749201061,521251.0912252497,21
2025-05-28,518987.2510852566,521484.5721466259,21
2025-05-29,519237.17112285824,522181.2427517914,21
2025-05-30,519877.4210023842,528503.4250171195,21
2025-06-02,519953.8749617666,521136.1271488064,21
2025-06-03,520022.89824723976,520646.25983734935,21
2025-06-04,520108.65509270964,521187.84270996676,21
2025-06-05,520134.08510270086,520782.7823263691,19
2025-06-06,520449.58476402523,526317.137591324,21
2025-06-09,520482.64786115143,521348.89562789816,21
2025-06-10,520511.75850106217,520897.1044190018,21
2025-06-11,520560.5223504133,520938.35781573073,21
2025-06-12,520674.03007079306,521006.8765269167,21
2025-06-13,520757.85290536634,521600.61756696587,19
2025-06-16,520888.62007767195,521474.8339494481,21
2025-06-17,520885.66613793944,521614.082032813,17
2025-06-18,521449.1891267995,522181.04167108337,17
2025-06-20,521716.60078188044,527348.0863093272,21
2025-06-23,522125.6556100855,522702.74736068025,21
2025-06-24,522185.10259419825,522553.94564017927,21
2025-06-25,522297.4797113515,522957.6441062753,21
2025-06-26,522321.86171513825,522871.2315204237,21
2025-06-27,522569.3195681392,527890.312486658,20
2025-06-30,522562.97333311505,523978.2077141251,21
2025-07-01,522629.2698882773,525559.4090266232,21
2025-07-02,522678.8070121913,526538.3754522019,21
2025-07-03,522856.0176282115,530127.3765904583,21
2025-07-07,522930.98276478256,524180.71411642764,21
2025-07-08,522985.6088120622,523650.9561795564,20
2025-07-09,523059.30138522916,525829.7972940425,21
2025-07-10,523143.63052205817,524722.0992503045,20
2025-07-11,523271.04436546366,527192.5728433436,15
2025-07-14,523253.2391195636,563472.7845129967,19
2025-07-15,523397.8681242991,562285.457257658,21
2025-07-16,523325.76793357293,590551.8580986331,20
2025-07-17,523008.94511701877,632539.880100563,20
2025-07-18,523071.6606534313,742876.2074569333,21
2025-07-21,522513.9087389609,653755.4096937523,21
2025-07-22,522413.22603284987,616421.7293303667,21
2025-07-23,521553.2839505139,694429.858736315,20
2025-07-24,521439.9724262246,685860.3099169753,20
2025-07-25,520674.1870779535,806716.0023606279,21
2025-07-28,520360.2073176957,563471.0330003708,20
2025-07-29,520215.0652960788,526728.7153991039,20
2025-07-30,520246.55435415363,524095.9504124105,18
2025-07-31,520383.0312748651,522515.3211084155,21
2025-08-01,520596.2810659878,526056.0143088719,20
2025-08-04,520822.3068580207,522453.1470637416,20
2025-08-05,521011.7954382224,523067.45996194845,20
2025-08-06,521022.52854361257,521815.86356385256,21
2025-08-07,521135.1543447502,524985.0736761605,21
2025-08-08,521358.3487219708,533901.1263240387,21
2025-08-11,521298.76883140864,523142.18456300034,21
2025-08-12,521400.3866501537,521718.751238027,21
2025-08-13,521476.80621428497,521769.52405853715,21
2025-08-14,521576.91918012046,521941.4771124282,21
2025-08-15,521785.39342987107,529490.307696695,21
2025-08-18,521885.85660755495,523198.34128358425,20
2025-08-19,521931.9976360401,523531.75927860895,17
2025-08-20,521978.85398460284,546190.9927467642,19
2025-08-21,522074.43395900645,560829.9272584785,21
2025-08-22,521713.67560332466,637671.0377031127,21
2025-08-25,522149.6095404461,576809.743527548,20
2025-08-26,521907.52598496655,586598.1151761203,19
2025-08-27,521739.49444176606,599798.2591896828,20
2025-08-28,521443.410234498,666227.833297543,21
2025-08-29,522359.2584773213,592705.0682195476,21
2025-09-02,522764.1546037873,525105.5373585167,21
2025-09-03,522674.5841699189,527078.8050982115,21
2025-09-04,522656.6331634587,527831.7589381904,21
2025-09-05,522873.1642711935,531177.0871539267,21
2025-09-08,522873.6294596767,525358.0698271219,21
2025-09-09,522888.86990761344,525285.2676226452,21
2025-09-10,522940.8035328123,525453.8725591449,21
2025-09-11,523029.8809764765,527388.4992217752,21
2025-09-12,523219.02230120887,526851.1370808606,19
2025-09-15,523262.5488527787,525562.8982874977,21
2025-09-16,523414.0360717561,524422.3220262423,18
2025-09-17,523570.8236335775,524056.76099147036,21
2025-09-18,523803.94303230394,524072.35358834604,16
2025-09-19,524053.02153245336,524926.5025490473,22
2025-09-22,524071.34446382406,524369.8036095302,21
2025-09-23,524200.71381495113,524609.5294618392,20
2025-09-24,524293.398496879,525364.9005229336,21
2025-09-25,524353.5002796077,525577.0306195716,21
2025-09-26,524484.9709599147,525965.9077634906,21
2025-09-29,524490.3784534732,524764.1876720727,21
2025-09-30,524572.3316552932,524860.5347349868,19
2025-10-01,524649.3303656494,524957.1317836783,21
2025-10-02,524800.4300250793,525204.2037697209,21
2025-10-03,524992.7033745775,525406.880898237,20
2025-10-06,525052.152549553,525365.4855952661,21
2025-10-07,525136.411701879,525464.2892059973,18
2025-10-08,525201.8589493744,546472.2464670131,21
2025-10-09,525398.9354605406,541636.3530150253,21
2025-10-10,525277.7971033844,534276.1145759495,21
2025-10-13,525483.2443188751,528317.131512772,21
2025-10-14,525821.840004208,527510.820423242,18
2025-10-15,526090.594877637,528071.0016214933,21
2025-10-16,526151.1043845364,527141.1002690089,17
2025-10-17,526593.7479839703,540005.3623083975,21
2025-10-20,526688.7305759378,527661.6758759109,21
2025-10-21,526786.8577055206,527353.9099700465,21
2025-10-22,526929.6577783951,527295.0399258019,21
2025-10-23,527141.5596273547,527648.3898012891,21
2025-10-24,527322.9267150096,527816.8491382808,21
2025-10-27,527364.211000265,527740.4473738585,21
2025-10-28,527504.460257255,527865.8124569283,20
2025-10-29,527617.4593863995,527943.0134378454,21
2025-10-30,527822.3564972503,528709.8949154279,21
2025-10-31,527990.1961772507,528707.1926683554,19
2025-11-03,528014.5284375047,533348.8971859888,21
2025-11-04,528125.639113941,529028.611792363,18
2025-11-05,528162.1118244241,555989.3423314199,20
2025-11-06,528573.4283545875,536868.6597401433,20
2025-11-07,528788.9724145192,566645.1072315428,20
2025-11-10,528703.6268990451,537155.5488170054,21
2025-11-11,528763.0390188101,532183.1173370654,21
2025-11-12,528801.4013061781,530596.7653697088,21
2025-11-13,528633.3346819701,538549.0808666045,20
2025-11-14,528953.9012709882,546168.3130207945,19
2025-11-17,528863.497062924,541003.075649133,20
2025-11-18,528868.5454468966,546823.4376680526,21
2025-11-19,529625.1870879281,539719.1155350237,19
2025-11-20,529962.1855624194,536386.7848131857,20
2025-11-21,530555.917901775,554943.7021688771,21
2025-11-24,530313.872406338,538731.0648075687,21
2025-11-25,530350.7722281903,631709.0439139074,21
