date,underlying_price,day_type,historical_iv,vol_surface_iv
2023-01-20,395.8800048828125,option_trading,0.2,0.269621780944023
2023-01-23,400.6300048828125,option_trading,0.2,0.506090080405776
2023-01-25,400.3500061035156,option_trading,0.2,0.5153964602381712
2023-01-27,405.67999267578125,option_trading,0.2,0.1308402527810276
2023-01-30,400.5899963378906,option_trading,0.2,0.2143915968203495
2023-02-01,410.79998779296875,option_trading,0.2,0.1936929963541473
2023-02-03,412.3500061035156,option_trading,0.2,0.13276029280376864
2023-02-06,409.8299865722656,option_trading,0.2,0.1848166880422735
2023-02-08,410.6499938964844,option_trading,0.2,0.1871228618649347
2023-02-10,408.0400085449219,option_trading,0.2,0.18843662949338613
2023-02-13,412.8299865722656,option_trading,0.2,0.19970317322164072
2023-02-15,413.9800109863281,option_trading,0.16402833255103746,0.18783226470971567
2023-02-17,407.260009765625,option_trading,0.1653408474877943,0.11732301544398352
2023-02-20,407.260009765625,option_trading,0.1540056547686339,0.19724978183033323
2023-02-22,398.5400085449219,option_trading,0.16697370678841134,0.18332180118490227
2023-02-24,396.3800048828125,option_trading,0.16275899752430353,0.13899483151953426
2023-02-27,397.7300109863281,option_trading,0.1657130032884968,0.20038803231537916
2023-03-01,394.739990234375,option_trading,0.16588919653539477,0.20047337237970458
2023-03-03,404.19000244140625,option_trading,0.1589600262557062,0.5277977295205276
2023-03-06,404.4700012207031,option_trading,0.1565736271973604,0.2049378612163486
2023-03-08,398.9200134277344,option_trading,0.15969723662774893,0.19221484460963287
2023-03-10,385.9100036621094,option_trading,0.1650402507406114,0.21627834605043786
2023-03-13,385.3599853515625,option_trading,0.16928725752964843,0.2415395412050391
2023-03-15,389.2799987792969,option_trading,0.16761270255778063,0.2501868635059306
2023-03-17,389.989990234375,option_trading,0.1670519033331892,0.28537922221283474
2023-03-20,393.739990234375,option_trading,0.16999721773806906,0.22354914654002733
2023-03-22,392.1099853515625,option_trading,0.1728152899177179,0.22210979660873323
2023-03-24,395.75,option_trading,0.17590292048280964,0.14159613698555779
2023-03-27,396.489990234375,option_trading,0.177097029095143,0.1296370768691927
2023-03-29,401.3500061035156,option_trading,0.1730629908724942,0.1875794319345256
2023-03-31,409.3900146484375,option_trading,0.1755547758043472,0.13104838066514282
2023-04-03,410.95001220703125,option_trading,0.1804363229760204,0.10436070312748716
2023-04-05,407.6000061035156,option_trading,0.17048709627151445,0.11591020635659172
2023-04-07,409.19000244140625,option_trading,0.16689602023648784,0.16895263764671128
2023-04-10,409.6099853515625,option_trading,0.16689602023648784,0.1684283653383183
2023-04-12,408.04998779296875,option_trading,0.16614643495500536,0.1636131792691096
2023-04-14,412.4599914550781,option_trading,0.16891514857162743,0.19030088652938823
2023-04-17,413.94000244140625,option_trading,0.1632274036937259,0.146081178053061
2023-04-19,414.1400146484375,option_trading,0.15575600264146203,0.145059333696277
2023-04-21,412.20001220703125,option_trading,0.14514897713929664,0.09562315073566918
2023-04-24,412.6300048828125,option_trading,0.13645073685057157,0.1637761135557868
2023-04-26,404.3599853515625,option_trading,0.13943358576732093,0.1664411724600117
2023-04-28,415.92999267578125,option_trading,0.14114249744382434,0.10816644944909082
2023-05-01,415.510009765625,option_trading,0.13269125002040405,0.1440242889491611
2023-05-03,408.0199890136719,option_trading,0.13201373598525962,0.13900649413310767
2023-05-05,412.6300048828125,option_trading,0.12479583824998278,0.10278550560246524
2023-05-08,412.739990234375,option_trading,0.13399448796311794,0.19710074421888313
2023-05-10,412.8500061035156,option_trading,0.13470333355715083,0.13952212577045797
2023-05-12,411.5899963378906,option_trading,0.12846462787920337,0.08883796980982815
2023-05-15,413.010009765625,option_trading,0.12198042034912081,0.1942549086393172
2023-05-17,415.2300109863281,option_trading,0.12241786870345954,0.1401288764411281
2023-05-19,418.6199951171875,option_trading,0.12941254447106082,0.0896051529480158
2023-05-22,418.7900085449219,option_trading,0.1295864571777835,0.15366707471382743
2023-05-24,411.0899963378906,option_trading,0.1336775614741119,0.15214491413487452
2023-05-26,420.0199890136719,option_trading,0.13210637252774857,0.17147478783503964
2023-05-29,420.0199890136719,option_trading,0.13700184988047398,0.1527200658914028
2023-06-02,427.9200134277344,option_trading,0.1395342222265804,0.08870390505749186
2023-06-07,426.54998779296875,option_trading,0.13563786102972772,0.14467235276694423
2023-06-09,429.8999938964844,option_trading,0.12467317051568838,0.1683797584070099
2023-06-12,433.79998779296875,option_trading,0.12277500662400663,0.17697925345309537
2023-06-14,437.17999267578125,option_trading,0.11926081172275424,0.15679510311911618
2023-06-16,439.4599914550781,option_trading,0.11595293964818376,0.17962885768349285
2023-06-19,439.4599914550781,option_trading,0.10986286771044985,0.12334023783068769
2023-06-21,434.94000244140625,option_trading,0.11188055471843807,0.12367291132439484
2023-06-23,433.2099914550781,option_trading,0.11209577675417742,0.1155527131981211
2023-06-26,431.44000244140625,option_trading,0.1150993370438314,0.11803181652480017
2023-06-28,436.3900146484375,option_trading,0.11914237714411018,0.12224189116526699
2023-06-30,443.2799987792969,option_trading,0.11248355342601948,0.06001411243205593
2023-07-05,443.1300048828125,option_trading,0.11354150662936977,0.058766280417647226
2023-07-07,438.54998779296875,option_trading,0.11074175758026315,0.07058816300666117
2023-07-10,439.6600036621094,option_trading,0.1079908898586496,0.12817267637284027
2023-07-12,446.0199890136719,option_trading,0.10188145082626707,0.13288038202088026
2023-07-14,449.2799987792969,option_trading,0.10208292758836258,0.06075740283142069
2023-07-17,450.8399963378906,option_trading,0.10022837586608518,0.14220186225966094
2023-07-19,455.20001220703125,option_trading,0.09391185810424998,0.23209094082583173
2023-07-21,452.17999267578125,option_trading,0.09606830692798067,0.07832484039180948
2023-07-24,454.20001220703125,option_trading,0.09544083627451569,0.08117809137335646
2023-07-26,455.510009765625,option_trading,0.09330491813307934,0.12115673359115252
2023-07-28,456.9200134277344,option_trading,0.09523991998486656,0.05983683149011134
2023-07-31,457.7900085449219,option_trading,0.09279866725929152,0.1129073182367839
2023-08-02,450.1300048828125,option_trading,0.08805575399774683,0.06071117189111229
2023-08-04,446.80999755859375,option_trading,0.09786787172015624,0.08510114921319663
2023-08-07,450.7099914550781,option_trading,0.09585941293478287,0.1464718221282735
2023-08-09,445.75,option_trading,0.09415133498072037,0.1353943330097039
2023-08-11,445.6499938964844,option_trading,0.0963497895251405,0.09001975911443155
2023-08-14,448.1099853515625,option_trading,0.09019693301008033,0.1300266926207401
2023-08-16,439.6400146484375,option_trading,0.09808545217819274,0.06899349594123926
2023-08-18,436.5,option_trading,0.10006805557881951,0.336281975560196
2023-08-21,439.3399963378906,option_trading,0.09975130728305114,0.09548454640972595
2023-08-23,443.0299987792969,option_trading,0.09680989103634682,0.16647204846812483
2023-08-25,439.9700012207031,option_trading,0.1073261671669723,0.09041153807897989
2023-08-28,442.760009765625,option_trading,0.10914568762083182,0.07710216669746907
2023-08-30,451.010009765625,option_trading,0.11712332086035877,0.053283531465772735
2023-09-01,451.19000244140625,option_trading,0.11636454687417715,0.47423982289917693
2023-09-04,451.19000244140625,option_trading,0.11569154001459903,0.17347366244102785
2023-09-06,446.2200012207031,option_trading,0.11593917469008391,0.16068170849869087
2023-09-08,445.5199890136719,option_trading,0.11621668059133611,0.21088743319734402
2023-09-11,448.45001220703125,option_trading,0.11209054023306926,0.16965256244790522
2023-09-13,446.510009765625,option_trading,0.11466141591240235,0.16579611769828667
2023-09-15,443.3699951171875,option_trading,0.1102123868815746,0.18447145984443247
2023-09-18,443.6300048828125,option_trading,0.1189498384027496,0.11942717346119386
2023-09-20,438.6400146484375,option_trading,0.11533345172829135,0.12274321012552558
2023-09-22,430.4200134277344,option_trading,0.12601681437028517,0.3524910414029513
2023-09-25,432.2300109863281,option_trading,0.12604621799084909,0.15954970920732006
2023-09-27,426.04998779296875,option_trading,0.12809537413097963,0.08842494128674178
2023-09-29,427.4800109863281,option_trading,0.12677385042798503,0.368632848652615
2023-10-02,427.30999755859375,option_trading,0.12683676199365035,0.11191125155233315
2023-10-04,424.6600036621094,option_trading,0.1302053347389342,0.15715496047969735
2023-10-06,429.5400085449219,option_trading,0.12155346334272348,0.11015767136484378
2023-10-09,432.2900085449219,option_trading,0.12515225000936217,0.10845294294781893
2023-10-11,436.32000732421875,option_trading,0.11788854544805483,0.1594863233006194
2023-10-13,431.5,option_trading,0.11878780900118259,0.08550733965155018
2023-10-16,436.0400085449219,option_trading,0.11886284694717446,0.19861343725345543
2023-10-18,430.2099914550781,option_trading,0.12242536228690018,0.15302271934585177
2023-10-20,421.19000244140625,option_trading,0.1295135528257161,0.09901737790081758
2023-10-23,420.4599914550781,option_trading,0.13091040049240188,0.20833287947464565
2023-10-25,417.54998779296875,option_trading,0.1332279981559621,0.17977805614787412
2023-10-27,410.67999267578125,option_trading,0.1316010159853237,0.12148382761105958
2023-10-30,415.5899963378906,option_trading,0.13139233480157012,0.19348573940266456
2023-11-03,434.69000244140625,option_trading,0.14710615937036328,0.4808894738000561
2023-11-06,435.69000244140625,option_trading,0.14904456632681035,0.13653277018966342
2023-11-09,433.8399963378906,option_trading,0.14124262175608884,0.1319110295299714
2023-11-10,440.6099853515625,option_trading,0.14320114073099413,0.0831415942106448
2023-11-13,440.19000244140625,option_trading,0.14979703052302146,0.12644935605474264
2023-11-16,450.2300109863281,option_trading,0.15153197907759117,0.12972517492260094
2023-11-17,450.7900085449219,option_trading,0.14854394676493723,0.08918271491409419
2023-11-20,454.260009765625,option_trading,0.14783274053288012,0.1261125704934757
2023-11-21,453.2699890136719,option_trading,0.1485760592251217,0.11372072133058153
2023-11-22,455.0199890136719,option_trading,0.1487541656971696,0.116699321469958
2023-11-24,455.29998779296875,option_trading,0.14716737775382333,0.061126469012734386
2023-11-27,454.4800109863281,option_trading,0.1458084631480594,0.10376914365430472
2023-11-29,454.6099853515625,option_trading,0.1436920514385707,0.10813183712255348
2023-12-01,459.1000061035156,option_trading,0.13265736622304378,0.04730306308678209
2023-12-04,456.69000244140625,option_trading,0.12514721310534044,0.11294818129114065
2023-12-06,454.760009765625,option_trading,0.12624801389997786,0.17894020161115462
2023-12-08,460.20001220703125,option_trading,0.10834733370279347,0.09292982622566223
2023-12-11,461.989990234375,option_trading,0.10544696388938089,0.1647258948428285
2023-12-13,470.5,option_trading,0.10234368120448156,0.16369666829058385
2023-12-15,469.3299865722656,option_trading,0.09364384909646419,0.18660853333732316
2023-12-18,471.9700012207031,option_trading,0.09533928488316411,0.11633419488345975
2023-12-20,468.260009765625,option_trading,0.09622489322141956,0.11142424794446214
2023-12-22,473.6499938964844,option_trading,0.10545817308379693,0.227719970579283
2023-12-25,473.6499938964844,option_trading,0.09829059841482032,0.1474260090031102
2023-12-27,476.510009765625,option_trading,0.09783889657857818,0.14620381062815055
2023-12-29,475.30999755859375,option_trading,0.08394552814261655,0.07440116803923831
2024-01-01,475.30999755859375,option_trading,0.08516454246365805,0.01
2024-01-03,468.7900085449219,option_trading,0.08796942376719243,0.11419483827340364
2024-01-05,467.9200134277344,option_trading,0.09096029598791483,0.07187477342615757
2024-01-08,474.6000061035156,option_trading,0.09056504820533903,0.11724656506116961
2024-01-10,476.55999755859375,option_trading,0.0984824353279671,0.13147079404793344
2024-01-12,476.67999267578125,option_trading,0.0991894642474742,0.060892247257128634
2024-01-15,476.67999267578125,option_trading,0.09896711454042016,0.10140717242850064
2024-01-17,472.2900085449219,option_trading,0.0991618376427223,0.13590028885847122
2024-01-19,482.42999267578125,option_trading,0.10178857670807971,0.14831147035143832
2024-01-22,483.45001220703125,option_trading,0.10524772555158686,0.11858975666117337
2024-01-24,485.3900146484375,option_trading,0.1036581695338996,0.12143281701185847
2024-01-26,487.4100036621094,option_trading,0.1037264115515811,0.2307904349169179
2024-01-29,491.2699890136719,option_trading,0.09738100280687761,0.09934346182961773
2024-01-31,482.8800048828125,option_trading,0.09708313546657406,0.1821985748630504
2024-02-02,494.3500061035156,option_trading,0.11454034834807923,0.07921504379469346
2024-02-05,492.54998779296875,option_trading,0.10824589245142925,0.12509950803246378
2024-02-07,498.1000061035156,option_trading,0.10695309295909881,0.11902606722288703
2024-02-09,501.20001220703125,option_trading,0.1086231344847619,0.06503670635765195
2024-02-12,500.9800109863281,option_trading,0.10926115775994433,0.11572314918058231
2024-02-14,498.57000732421875,option_trading,0.1161106546291113,0.136753697629012
2024-02-16,499.510009765625,option_trading,0.11384219317122979,0.07346616396704976
2024-02-19,499.510009765625,option_trading,0.11592240475739742,0.1404312135715826
2024-02-21,497.2099914550781,option_trading,0.11217036294207706,0.1497254775997636
2024-02-23,507.8500061035156,option_trading,0.12440803811273692,0.1262175047351649
2024-02-26,505.989990234375,option_trading,0.12423915523762145,0.12463523902369027
2024-02-28,506.260009765625,option_trading,0.12415498617251078,0.12128640999622545
2024-03-01,512.8499755859375,option_trading,0.12083744423901423,0.2523055881599337
2024-03-04,512.2999877929688,option_trading,0.11884688872739974,0.1708968569789662
2024-03-06,509.75,option_trading,0.12433122439222466,0.15884522650931912
2024-03-08,511.7200012207031,option_trading,0.1266241431470799,0.3158261891527555
2024-03-11,511.2799987792969,option_trading,0.12843595747413872,0.1386170918555829
2024-03-13,515.969970703125,option_trading,0.12993388754321686,0.17111536389015125
2024-03-15,509.8299865722656,option_trading,0.1139543896452874,0.2521114861024934
2024-03-18,512.8599853515625,option_trading,0.11583980160317783,0.12788051895545746
2024-03-20,520.47998046875,option_trading,0.11634329709705632,0.1307489987391256
2024-03-22,521.2100219726562,option_trading,0.11691519076029734,0.0670413067261176
2024-03-25,519.77001953125,option_trading,0.1166491790594128,0.12980074561378183
2024-03-27,523.1699829101562,option_trading,0.10820899721206204,0.11120002410206875
2024-03-29,523.0700073242188,option_trading,0.1067422932300657,0.06159836337986871
2024-04-01,522.1599731445312,option_trading,0.1067422932300657,0.12093014413792358
2024-04-03,519.4099731445312,option_trading,0.1059524673233166,0.11824660784894715
2024-04-05,518.4299926757812,option_trading,0.09674899042210462,0.07596299078991098
2024-04-08,518.719970703125,option_trading,0.10115928618320673,0.13727216809689652
2024-04-10,514.1199951171875,option_trading,0.10023396968157679,0.13360763814957313
2024-04-12,510.8500061035156,option_trading,0.10677253774607356,0.3875290878208997
2024-04-15,504.45001220703125,option_trading,0.11164451327055593,0.09722297375719559
2024-04-17,500.54998779296875,option_trading,0.11399627762246328,0.1877883841104479
2024-04-19,495.1600036621094,option_trading,0.10943723304325624,0.11693081311591319
2024-04-22,499.7200012207031,option_trading,0.11085245190302423,0.1701818704672263
2024-04-24,505.4100036621094,option_trading,0.11596863327445604,0.16559135608747194
2024-04-26,508.260009765625,option_trading,0.11624830471458876,0.49153354979724706
2024-04-29,510.05999755859375,option_trading,0.11648804945916243,0.08094496500245678
2024-05-01,500.3500061035156,option_trading,0.12313130559669588,0.1329990671200637
2024-05-03,511.2900085449219,option_trading,0.12269817087993769,0.4557565622459037
2024-05-06,516.5700073242188,option_trading,0.12892080329069433,0.1274190133671739
2024-05-08,517.1900024414062,option_trading,0.132639410799003,0.15033292740167678
2024-05-10,520.8400268554688,option_trading,0.1313520635240558,0.49885271400445363
2024-05-13,520.9099731445312,option_trading,0.1313339023744839,0.11505216310375341
2024-05-15,529.780029296875,option_trading,0.13055671968895108,0.14295690752820062
2024-05-17,529.4500122070312,option_trading,0.12655022372131028,0.23708328860489333
2024-05-20,530.0599975585938,option_trading,0.12656937376514188,0.12143668406622359
2024-05-22,529.8300170898438,option_trading,0.12228945396417545,0.11228244248617403
2024-05-24,529.4400024414062,option_trading,0.1154976598064472,0.06312736218246091
2024-05-27,529.4400024414062,option_trading,0.10880617690954181,0.09687825738136549
2024-05-29,526.0999755859375,option_trading,0.1083303235210284,0.10241134008963919
2024-05-31,527.3699951171875,option_trading,0.11132317530232833,0.12581302463878177
2024-06-03,527.7999877929688,option_trading,0.10882164366608466,0.06949365407671763
2024-06-05,534.6699829101562,option_trading,0.10238470414729758,0.11535726804867286
2024-06-07,534.010009765625,option_trading,0.10529665062797612,0.13220096283523836
2024-06-10,535.6599731445312,option_trading,0.1032580568509559,0.1637982728997824
2024-06-12,541.3599853515625,option_trading,0.08799526209395978,0.148221052794867
2024-06-14,542.780029296875,option_trading,0.08560577946204209,0.18296183154341486
2024-06-17,547.0999755859375,option_trading,0.08026725018441574,0.1993322431078777
2024-06-19,548.489990234375,option_trading,0.07835194543425751,0.1560150975605934
2024-06-21,544.510009765625,option_trading,0.07941020645916844,0.19390975648873937
2024-06-24,542.739990234375,option_trading,0.08075768768459952,0.11098970964576532
2024-06-26,545.510009765625,option_trading,0.08221039434910228,0.1183297094272037
2024-06-28,544.219970703125,option_trading,0.07465673880750887,0.48843649417521573
2024-07-01,545.3400268554688,option_trading,0.07556658068903352,0.07596603313302883
2024-07-03,551.4600219726562,option_trading,0.07745915917478571,0.10703191139263478
2024-07-05,554.6400146484375,option_trading,0.07797074567096432,0.06444408528153238
2024-07-08,555.280029296875,option_trading,0.07797476631408698,0.5026745591272813
2024-07-10,561.3200073242188,option_trading,0.0717050407725509,0.1096526293006323
2024-07-12,559.989990234375,option_trading,0.07743389574599718,0.11387159014788249
2024-07-15,561.530029296875,option_trading,0.07382487672177292,0.1113438750707238
2024-07-17,556.9400024414062,option_trading,0.07168502798068195,0.12299905202915669
2024-07-19,548.989990234375,option_trading,0.08538457262267732,0.33868092524472465
2024-07-22,554.6500244140625,option_trading,0.08839016924366175,0.15801202733381742
2024-07-24,541.22998046875,option_trading,0.09250153372091231,0.14019725925248824
2024-07-26,544.4400024414062,option_trading,0.11494098370438693,0.16267591363642167
2024-07-29,544.760009765625,option_trading,0.119567991122841,0.14836870671157176
2024-08-12,533.27001953125,option_trading,0.18537804259252627,0.2576560147276277
2024-08-14,543.75,option_trading,0.19079710540053638,0.1717554940430451
2024-08-16,554.3099975585938,option_trading,0.1966328500248207,0.4743055460411823
2024-08-19,559.6099853515625,option_trading,0.19672109948189312,0.20209785007434777
2024-08-21,560.6199951171875,option_trading,0.1965987249385746,0.1764667793556782
2024-08-23,562.1300048828125,option_trading,0.19564665135426748,0.14514417298138263
2024-08-26,560.7899780273438,option_trading,0.19806294245322503,0.06997169514246496
2024-08-28,558.2999877929688,option_trading,0.19278801482680544,0.15924315795667
2024-08-30,563.6799926757812,option_trading,0.19097039874428934,0.637335313202199
2024-09-02,563.6799926757812,option_trading,0.1906382764340473,0.12666721935005942
2024-09-04,550.9500122070312,option_trading,0.20072414886395276,0.1239506336565237
2024-09-06,540.3599853515625,option_trading,0.18782392275651968,0.4256307702879961
2024-09-09,546.4099731445312,option_trading,0.19201116036222948,0.22023579949419075
2024-09-11,554.4199829101562,option_trading,0.19464876452586877,0.178012212367056
2024-09-12,559.0900268554688,option_trading,0.1911040572228924,0.18266597315740152
2024-09-13,562.010009765625,option_trading,0.18727586712322775,0.26902726589457326
2024-09-16,562.8400268554688,option_trading,0.17754994455961834,0.14275446665002
2024-09-17,563.0700073242188,option_trading,0.1495265038030718,0.16691717833847713
2024-09-18,561.4000244140625,option_trading,0.14844587324328093,0.1713605261460751
2024-09-19,570.97998046875,option_trading,0.1467361353090666,0.15805980097507918
2024-09-20,568.25,option_trading,0.14031424388273717,0.2935040736120949
2024-09-23,569.6699829101562,option_trading,0.14181787960928552,0.1119426129313794
2024-09-24,571.2999877929688,option_trading,0.14172626325161372,0.14073278422461305
2024-09-25,570.0399780273438,option_trading,0.13513088653204933,0.1467716950055172
2024-09-26,572.2999877929688,option_trading,0.1355760618100512,0.13862186600480206
2024-09-27,571.469970703125,option_trading,0.1274819895856967,0.0627189155104934
2024-09-30,573.760009765625,option_trading,0.12766968902320516,0.08333348794255233
2024-10-01,568.6199951171875,option_trading,0.12539322262922373,0.18243946833894578
2024-10-02,568.8599853515625,option_trading,0.12855281199149227,0.15415329775944336
2024-10-03,567.8200073242188,option_trading,0.1282636438386538,0.14636819601517037
2024-10-04,572.97998046875,option_trading,0.12592370140076542,0.10048084228998702
2024-10-07,567.7999877929688,option_trading,0.12492677406210632,0.07695110908048527
2024-10-08,573.1699829101562,option_trading,0.12791886663567484,0.1646735900298855
2024-10-09,577.1400146484375,option_trading,0.13062037695689105,0.16437611062288224
2024-10-10,576.1300048828125,option_trading,0.13028252056828102,0.16358645609903966
2024-10-11,579.5800170898438,option_trading,0.1305294934862973,0.08423419987442299
2024-10-14,584.3200073242188,option_trading,0.1288844625603168,0.1498947677099127
2024-10-15,579.780029296875,option_trading,0.1120594920853914,0.1513862302633646
2024-10-16,582.2999877929688,option_trading,0.11514965840296795,0.16728059250023605
2024-10-17,582.3499755859375,option_trading,0.11465919733349833,0.16599815764279774
2024-10-18,584.5900268554688,option_trading,0.09925654745654504,0.06218511828013221
2024-10-21,583.6300048828125,option_trading,0.09587049282867396,0.0890119227840642
2024-10-22,583.3200073242188,option_trading,0.09636091161412691,0.08643934637590406
2024-10-23,577.989990234375,option_trading,0.09340681170403944,0.14456788651698305
2024-10-24,579.239990234375,option_trading,0.09647922402036631,0.15141465344467858
2024-10-25,579.0399780273438,option_trading,0.09573952051944153,0.09945640985228933
2024-10-29,581.77001953125,option_trading,0.09599729713540481,0.1747637920270853
2024-10-30,580.010009765625,option_trading,0.09520851701371351,0.1719509816598951
2024-10-31,568.6400146484375,option_trading,0.08299635433165493,0.10570663215600123
2024-11-01,571.0399780273438,option_trading,0.101417474869897,0.1160440880837034
2024-11-04,569.8099975585938,option_trading,0.10191880434288941,0.18480743178829206
2024-11-05,576.7000122070312,option_trading,0.10176191739764669,0.19356926898691187
2024-11-06,591.0399780273438,option_trading,0.10757331405318366,0.17609321601517358
2024-11-07,595.6099853515625,option_trading,0.12876403702398737,0.1401931344562854
2024-11-08,598.1900024414062,option_trading,0.12994650148771442,0.08549169345705938
2024-11-11,598.760009765625,option_trading,0.13000754530029288,0.1275483464147741
2024-11-13,597.1900024414062,option_trading,0.12683823748716602,0.13492833405022217
2024-11-14,593.3499755859375,option_trading,0.12644805032608492,0.1189566998148382
2024-11-15,585.75,option_trading,0.12663995529463015,0.16008471938132104
2024-11-18,588.1500244140625,option_trading,0.12988142849843298,0.13478507433769674
2024-11-19,590.2999877929688,option_trading,0.12773511739485732,0.15799564786201942
2024-11-20,590.5,option_trading,0.12671264274136765,0.13785376231633706
2024-11-21,593.6699829101562,option_trading,0.12648678531682922,0.13950191954472424
2024-11-22,595.510009765625,option_trading,0.1262750466146705,0.09253348318180799
2024-11-25,597.530029296875,option_trading,0.1245065460920034,0.12048205655230036
2024-11-26,600.6500244140625,option_trading,0.12201220780944402,0.12477581309564043
2024-11-27,598.8300170898438,option_trading,0.12225079695609085,0.1098581638622533
2024-11-28,598.8300170898438,option_trading,0.12282160290292275,0.107593453706563
2024-11-29,602.5499877929688,option_trading,0.12282160290292275,0.08394206860072513
2024-12-02,603.6300048828125,option_trading,0.12351180857974646,0.054762473388677686
2024-12-03,603.9099731445312,option_trading,0.12325401942078701,0.11351723891285923
2024-12-04,607.6599731445312,option_trading,0.12316587092353434,0.11099736274338935
2024-12-05,606.6599731445312,option_trading,0.1198003474632637,0.12046968785698624
2024-12-06,607.8099975585938,option_trading,0.1202012200331844,0.13631379734437069
2024-12-09,604.6799926757812,option_trading,0.12005707332767404,0.1129690393564651
2024-12-10,602.7999877929688,option_trading,0.1216348341746034,0.14905731658636007
2024-12-11,607.4600219726562,option_trading,0.12235190818302205,0.12913964594356514
2024-12-12,604.3300170898438,option_trading,0.12308068725378526,0.1306339160782773
2024-12-13,604.2100219726562,option_trading,0.10665396721058407,0.08852680019725305
2024-12-16,606.7899780273438,option_trading,0.10666010386824673,0.08935384885697353
2024-12-17,604.2899780273438,option_trading,0.10611435015641618,0.24503478787654748
2024-12-18,586.280029296875,option_trading,0.10326085643971215,0.13991918613790444
2024-12-19,586.0999755859375,option_trading,0.11886995413033893,0.20501170943713534
2024-12-20,591.1500244140625,option_trading,0.11634802200366624,0.5937804285132605
2024-12-23,594.6900024414062,option_trading,0.11860895914393312,0.17994468448616283
2024-12-24,601.2999877929688,option_trading,0.1200408001492476,0.14317298973344073
2024-12-25,601.2999877929688,option_trading,0.1241774160169954,0.11313993394800738
2024-12-26,601.3400268554688,option_trading,0.1241774160169954,0.1216487017170804
2024-12-27,595.010009765625,option_trading,0.12417650139836425,0.3252604341671441
2024-12-30,588.219970703125,option_trading,0.1267501626001944,0.12346623333192283
2024-12-31,586.0800170898438,option_trading,0.1255085658260746,0.09960079331106508
2025-01-01,586.0800170898438,option_trading,0.12539182856918282,0.0976448769291938
2025-01-02,584.6400146484375,option_trading,0.12539182856918282,0.08509183476520174
2025-01-03,591.9500122070312,option_trading,0.1250312068182892,0.42416853704366275
2025-01-06,595.3599853515625,option_trading,0.1305692780099942,0.13652859553037314
2025-01-07,588.6300048828125,option_trading,0.13071594960243477,0.12972533155216634
2025-01-08,589.489990234375,option_trading,0.13462630146319407,0.14824042403489607
2025-01-09,589.489990234375,option_trading,0.13425785420997818,0.14328479905452027
2025-01-10,580.489990234375,option_trading,0.13425785420997818,0.09108928408686034
2025-01-13,581.3900146484375,option_trading,0.14002371981692216,0.37324525322225605
2025-01-14,582.1900024414062,option_trading,0.14012842206536352,0.16305190127618213
2025-01-15,592.780029296875,option_trading,0.13860823393213914,0.12292325400456203
2025-01-16,591.6400146484375,option_trading,0.14957463034131874,0.1401147632587652
2025-01-17,597.5800170898438,option_trading,0.1495838322877077,0.1034448530847745
2025-01-20,597.5800170898438,option_trading,0.1515669451187557,0.13260410923546784
2025-01-21,603.0499877929688,option_trading,0.1515669451187557,0.13580449667722744
2025-01-22,606.4400024414062,option_trading,0.1541789386811521,0.13291454277514364
2025-01-23,609.75,option_trading,0.15501985250949848,0.12641525336993054
2025-01-24,607.969970703125,option_trading,0.1550414585679706,0.07828315258273591
2025-01-27,599.3699951171875,option_trading,0.15500487348074213,0.12426129822095162
2025-01-28,604.52001953125,option_trading,0.15901653852728515,0.09827696339141256
2025-01-29,601.8099975585938,option_trading,0.16050119002558919,0.1438648236896251
2025-01-30,605.0399780273438,option_trading,0.1610499172598309,0.1342046604738652
2025-01-31,601.8200073242188,option_trading,0.1613501655364049,0.08788627473107898
2025-02-03,597.77001953125,option_trading,0.16166051533231904,0.08932646925848468
2025-02-04,601.780029296875,option_trading,0.13488361759876966,0.16112020690545384
2025-02-05,604.219970703125,option_trading,0.13599864191119915,0.14789851120671269
2025-02-06,606.3200073242188,option_trading,0.13434445032811745,0.13316466598171803
2025-02-07,600.77001953125,option_trading,0.1336711025051199,0.25391101336554006
2025-02-10,604.8499755859375,option_trading,0.1328364699251546,0.1315024348736147
2025-02-11,605.3099975585938,option_trading,0.13434098698847205,0.12933767259856552
2025-02-12,603.3599853515625,option_trading,0.1302456671122879,0.12346557937795298
2025-02-13,609.72998046875,option_trading,0.12555109718840435,0.13118573762784708
2025-02-14,609.7000122070312,option_trading,0.12787077307397665,0.0738375863089956
2025-02-17,609.7000122070312,option_trading,0.1274185587003004,0.06701647739857887
2025-02-18,611.489990234375,option_trading,0.1274185587003004,0.07266255011517715
2025-02-19,612.9299926757812,option_trading,0.12305514573045041,0.12102818465655407
2025-02-20,610.3800048828125,option_trading,0.12231196969626142,0.1418745043578945
2025-02-21,599.9400024414062,option_trading,0.11750497748699325,0.07423122658519868
2025-02-24,597.2100219726562,option_trading,0.12953644964962333,0.15157531557166834
2025-02-25,594.239990234375,option_trading,0.1211699035193279,0.15475613351580464
2025-02-26,594.5399780273438,option_trading,0.12241802869236762,0.15772290243294776
2025-02-27,585.0499877929688,option_trading,0.12240516444177012,0.15635352061695582
2025-02-28,594.1799926757812,option_trading,0.12029914954751832,0.13879539157280263
2025-03-03,583.77001953125,option_trading,0.12901308446618476,0.09819755795809021
2025-03-04,576.8599853515625,option_trading,0.13562431226456484,0.19711132035212586
2025-03-05,583.0599975585938,option_trading,0.13594358725297034,0.19416377750283176
2025-03-06,572.7100219726562,option_trading,0.13913495343349938,0.18114666857671474
2025-03-07,575.9199829101562,option_trading,0.14573884805919646,0.17096891040527576
2025-03-10,560.5800170898438,option_trading,0.14748791070700829,0.20876161931423956
2025-03-11,555.9199829101562,option_trading,0.1612650348058308,0.2440656808249853
2025-03-12,558.8699951171875,option_trading,0.15869503990517245,0.23788949327496417
2025-03-13,551.4199829101562,option_trading,0.16041775250715154,0.21456516165112513
2025-03-14,562.8099975585938,option_trading,0.16163219884741148,0.18476505114752115
2025-03-17,567.1500244140625,option_trading,0.1758109987231671,0.181851056159083
2025-03-18,561.02001953125,option_trading,0.17766822303259658,0.1948991392344901
2025-03-19,567.1300048828125,option_trading,0.1776458802259178,0.19824706691724125
2025-03-20,565.489990234375,option_trading,0.18096350960753627,0.18764350938755897
2025-03-21,563.97998046875,option_trading,0.18014454346222597,0.1911114452910735
2025-03-24,574.0800170898438,option_trading,0.17895351994770767,0.17360260885995255
2025-03-25,575.4600219726562,option_trading,0.18665735659764449,0.16372868581545802
2025-03-26,568.5900268554688,option_trading,0.18692240071721752,0.15642473121441597
2025-03-27,567.0800170898438,option_trading,0.18932727828502402,0.16458456193756502
2025-03-28,555.6599731445312,option_trading,0.18541079495610335,0.10394210015411233
2025-03-31,559.3900146484375,option_trading,0.19251159362181303,0.2322658329003823
2025-04-01,560.969970703125,option_trading,0.19390298879521922,0.1909928855496416
2025-04-02,564.52001953125,option_trading,0.19402573819908606,0.18954412532278253
2025-04-03,536.7000122070312,option_trading,0.1959330109030791,0.19102187051664535
2025-04-04,505.2799987792969,option_trading,0.23819968342319403,0.16831308713627566
2025-04-07,504.3800048828125,option_trading,0.2906627640537145,0.39315675203506384
2025-04-08,496.4800109863281,option_trading,0.29089320671329894,0.4142178664997689
2025-04-09,548.6199951171875,option_trading,0.29175212547208895,0.4396803924110047
2025-04-10,524.5800170898438,option_trading,0.42584280605557817,0.28129172699323807
2025-04-11,533.9400024414062,option_trading,0.44013601315334094,0.35547040105681654
2025-04-14,539.1199951171875,option_trading,0.44279715733117325,0.16308816511131424
2025-04-15,537.6099853515625,option_trading,0.44348840940175993,0.25772228589609386
2025-04-16,525.6599731445312,option_trading,0.44170228325670147,0.254037777710817
2025-04-17,526.4099731445312,option_trading,0.4433112722219495,0.18554806437131863
2025-04-18,526.4099731445312,option_trading,0.44275852826888173,0.17920409218626832
2025-04-21,513.8800048828125,option_trading,0.44275852826888173,0.18705688984567917
2025-04-22,527.25,option_trading,0.44142769508399143,0.3091058204217644
2025-04-23,535.4199829101562,option_trading,0.4490508803627997,0.2678478185399358
2025-04-24,546.6900024414062,option_trading,0.45146696816605586,0.25654365757009423
2025-04-25,550.6400146484375,option_trading,0.45459202070397825,0.6539792695731028
2025-04-28,550.8499755859375,option_trading,0.45081369661471193,0.22104965091487844
2025-04-29,554.3200073242188,option_trading,0.4500973340507946,0.22701882761601158
2025-04-30,554.5399780273438,option_trading,0.44955394980423025,0.11667212058104603
2025-05-01,558.469970703125,option_trading,0.4482550314607736,0.21689462228510648
2025-05-02,566.760009765625,option_trading,0.44879161754337304,0.4435682166189077
2025-05-05,563.510009765625,option_trading,0.450937472149056,0.1998724360239698
2025-05-06,558.7999877929688,option_trading,0.4480033553446039,0.20583741076304107
2025-05-07,561.1500244140625,option_trading,0.4484735313565257,0.2150344664665364
2025-05-08,565.0599975585938,option_trading,0.4474403273097839,0.20113556168780602
2025-05-09,564.3400268554688,option_trading,0.4479096065434714,0.12217175063932234
2025-05-12,582.989990234375,option_trading,0.4436689936787439,0.19497668917451993
2025-05-13,586.8400268554688,option_trading,0.45331869395531216,0.16923200915965278
2025-05-14,587.5900268554688,option_trading,0.4535584853984168,0.16077155901248574
2025-05-15,590.4600219726562,option_trading,0.45332631429326453,0.16557443884028147
2025-05-16,594.2000122070312,option_trading,0.4247382837714927,0.10679578989543617
2025-05-19,594.8499755859375,option_trading,0.37773123813231996,0.1070355716517115
2025-05-20,592.8499755859375,option_trading,0.3773209523389148,0.10570918193268736
2025-05-21,582.8599853515625,option_trading,0.3727071557975963,0.15469222441189837
2025-05-22,583.0900268554688,option_trading,0.245735214924554,0.17590846654432496
2025-05-23,579.1099853515625,option_trading,0.19996158801152675,0.10889570514801976
2025-05-26,579.1099853515625,option_trading,0.1975230137667155,0.19178637952386776
2025-05-27,591.1500244140625,option_trading,0.1975230137667155,0.19518312265651552
2025-05-28,587.72998046875,option_trading,0.20346916677464133,0.16337536249077086
2025-05-29,590.0499877929688,option_trading,0.2044517262500063,0.1651413609710812
2025-05-30,589.3900146484375,option_trading,0.1889823674822993,0.17044123043155643
2025-06-02,592.7100219726562,option_trading,0.1894408292007071,0.11000903852476875
2025-06-03,596.0900268554688,option_trading,0.16908855031418688,0.09022492518035129
2025-06-04,595.9299926757812,option_trading,0.15681793438461583,0.10110789187326163
2025-06-05,593.0499877929688,option_trading,0.15355864921554432,0.08940458224190496
2025-06-06,599.1400146484375,option_trading,0.14624651267448924,0.09837241757813861
2025-06-09,599.6799926757812,option_trading,0.14732860370992307,0.15499811478062608
2025-06-10,603.0800170898438,option_trading,0.14725625295682668,0.17092847481520862
2025-06-11,601.3599853515625,option_trading,0.14713957464578684,0.1763219523025961
2025-06-12,603.75,option_trading,0.14794929344840563,0.1476838519652634
2025-06-13,597.0,option_trading,0.14742628307257097,0.08606989115760763
2025-06-16,602.6799926757812,option_trading,0.14820819850856015,0.39826440376521244
2025-06-17,597.530029296875,option_trading,0.14802723947913424,0.15961306900934258
2025-06-18,597.4400024414062,option_trading,0.14815087258710935,0.20654821878282795
2025-06-19,597.4400024414062,option_trading,0.14820707000305747,0.18515674884907082
2025-06-20,594.280029296875,option_trading,0.14820707000305747,0.40037239010132486
2025-06-23,600.1500244140625,option_trading,0.14904473526636236,0.1695860695529529
2025-06-24,606.780029296875,option_trading,0.15061020468836056,0.16538416685573046
2025-06-25,607.1199951171875,option_trading,0.12220520265330329,0.1484341130983195
2025-06-26,611.8699951171875,option_trading,0.1211827061505024,0.14374825310645611
2025-06-27,614.9099731445312,option_trading,0.1227461231566068,0.09667125355504456
2025-06-30,617.8499755859375,option_trading,0.12276767142324771,0.07647921546727057
2025-07-01,617.6500244140625,option_trading,0.12229474539610512,0.05735199142524626
2025-07-02,620.4500122070312,option_trading,0.12239237440523128,0.08937886186764989
2025-07-03,625.3400268554688,option_trading,0.12189499102794965,0.08534734634399962
2025-07-04,625.3400268554688,option_trading,0.10918106882665919,0.08319537498435615
2025-07-07,620.6799926757812,option_trading,0.10918106882665919,0.14217468453126753
2025-07-08,620.3400268554688,option_trading,0.1129036699606297,0.15655228909096455
2025-07-09,624.0599975585938,option_trading,0.10986842673839554,0.14306632202389613
2025-07-10,625.8200073242188,option_trading,0.09559790234376872,0.13874133110142617
2025-07-11,623.6199951171875,option_trading,0.09270645273657734,0.08530943258502616
2025-07-14,624.8099975585938,option_trading,0.09402100601624272,0.13676774149272988
2025-07-15,622.1400146484375,option_trading,0.09356619835075777,0.1507049229022523
2025-07-16,624.219970703125,option_trading,0.09467784432597688,0.1529848198545285
2025-07-17,628.0399780273438,option_trading,0.09403228109650456,0.14946286844081863
2025-07-18,627.5800170898438,option_trading,0.09477093536862653,0.07358666272282144
2025-07-21,628.77001953125,option_trading,0.09292981343359423,0.07636119432896964
2025-07-22,628.8599853515625,option_trading,0.08944086955342828,0.07782268377983327
2025-07-23,634.2100219726562,option_trading,0.08952695149433039,0.14048224580724042
2025-07-24,634.4199829101562,option_trading,0.0910369867841185,0.13144906676953325
2025-07-25,637.0999755859375,option_trading,0.09006987769014055,0.0841834896390106
2025-07-28,636.9400024414062,option_trading,0.09012561239733739,0.12964573248456698
2025-07-29,635.260009765625,option_trading,0.08112463423487311,0.12887104328738092
2025-07-30,634.4600219726562,option_trading,0.07923535563861585,0.13482245437893164
2025-07-31,632.0800170898438,option_trading,0.07330625118268405,0.08413290054419366
2025-08-01,621.719970703125,option_trading,0.07503978750627303,0.06456700127111925
2025-08-04,631.1699829101562,option_trading,0.09049542224202785,0.08703234560264307
2025-08-05,627.969970703125,option_trading,0.09598030879364468,0.14311524767135742
2025-08-06,632.780029296875,option_trading,0.09370641152809983,0.1449650513328858
2025-08-07,632.25,option_trading,0.09558208718909064,0.14322047486795342
2025-08-08,637.1799926757812,option_trading,0.09377782534010154,0.08092712508066864
2025-08-11,635.9199829101562,option_trading,0.09516602483096616,0.13263728931534105
2025-08-12,642.6900024414062,option_trading,0.09498408133070238,0.14194400309159977
2025-08-13,644.8900146484375,option_trading,0.09898527928008284,0.06544714804410964
2025-08-14,644.9500122070312,option_trading,0.09872163034186575,0.07232016045064497
2025-08-15,643.4400024414062,option_trading,0.0967404469161573,0.07141884568370402
2025-08-18,643.2999877929688,option_trading,0.09379769287552656,0.1281943671662551
2025-08-19,639.8099975585938,option_trading,0.09374601781867758,0.1284360675214079
2025-08-20,638.1099853515625,option_trading,0.09460473920909314,0.12337310704025699
2025-08-21,635.5499877929688,option_trading,0.09496211516599569,0.13318933949371675
2025-08-22,645.3099975585938,option_trading,0.09517123334340653,0.14408461230394812
2025-08-25,642.469970703125,option_trading,0.10441833812053335,0.12319014071094625
2025-08-27,646.6300048828125,option_trading,0.10466927747832427,0.1286865856185212
2025-08-28,648.9199829101562,option_trading,0.10363915192178175,0.12295794049747691
2025-08-29,645.0499877929688,option_trading,0.1037583440684858,0.0708906096702258
2025-09-02,640.27001953125,option_trading,0.10582875350103561,0.12909578796820226
2025-09-03,643.739990234375,option_trading,0.10862723501711367,0.1409911435879555
2025-09-04,649.1199951171875,option_trading,0.10699625969760293,0.13341521674586607
2025-09-05,647.239990234375,option_trading,0.1094386344156507,0.1386546003963958
2025-09-08,648.8300170898438,option_trading,0.10944430925271097,0.12896559690175627
2025-09-09,650.3300170898438,option_trading,0.10955770895346995,0.1344534839948807
2025-09-11,657.6300048828125,option_trading,0.10917277346038293,0.1257782580914258
2025-09-12,657.4099731445312,option_trading,0.11025848777373307,0.07743917817914625
2025-09-15,660.9099731445312,option_trading,0.09602236656598577,0.1282211604403715
2025-09-16,660.0,option_trading,0.0879484794723788,0.1487786412985386
2025-09-17,659.1799926757812,option_trading,0.08607761884726997,0.14543534699342855
2025-09-18,662.260009765625,option_trading,0.08455062127783175,0.14205043441055912
2025-09-19,663.7000122070312,option_trading,0.08478887371668048,0.07572036779495302
2025-09-22,666.8400268554688,option_trading,0.08270411019694739,0.14102802840766804
2025-09-23,663.2100219726562,option_trading,0.08259365646923995,0.1393338409527837
2025-09-24,661.0999755859375,option_trading,0.08045851343977842,0.14233030503037258
2025-09-25,658.0499877929688,option_trading,0.08108734192671446,0.1348676551409141
2025-09-26,661.8200073242188,option_trading,0.08266382052939424,0.09030737315940228
2025-09-29,663.6799926757812,option_trading,0.08340787864511427,0.12883180123961147
2025-09-30,666.1799926757812,option_trading,0.08349628783323021,0.06436323217376805
2025-10-01,668.4500122070312,option_trading,0.08141352411593797,0.13159896227677534
2025-10-02,669.219970703125,option_trading,0.08065493040619859,0.13310503378833147
2025-10-03,669.2100219726562,option_trading,0.07883094303850759,0.06637146785271657
2025-10-06,671.6099853515625,option_trading,0.0673835890959472,0.1388449064862486
2025-10-07,669.1199951171875,option_trading,0.06542636861890534,0.13689838556274203
2025-10-08,673.1099853515625,option_trading,0.06667556637944703,0.13986213253342455
2025-10-09,671.1599731445312,option_trading,0.06804340269636303,0.13764397947589008
2025-10-10,653.02001953125,option_trading,0.0688524744592842,0.05412403774336811
2025-10-13,663.0399780273438,option_trading,0.10714929559883725,0.09826172050536755
2025-10-14,662.22998046875,option_trading,0.11286180128705738,0.17002842241237812
2025-10-15,665.1699829101562,option_trading,0.11233180087642233,0.16629467181979002
2025-10-16,660.6400146484375,option_trading,0.11061353094614525,0.17157978325699252
2025-10-17,664.3900146484375,option_trading,0.11240436733101507,0.11886872423254277
2025-10-20,671.2999877929688,option_trading,0.11324720821565015,0.26285179208772236
2025-10-21,671.2899780273438,option_trading,0.11662830413898337,0.15996511775833894
2025-10-22,667.7999877929688,option_trading,0.11654059680048155,0.1475442482262602
2025-10-23,671.760009765625,option_trading,0.11573581082237755,0.15895209614562614
2025-10-24,677.25,option_trading,0.11677656438537916,0.07470403863549196
2025-10-27,685.239990234375,option_trading,0.11806290920388368,0.06274347423564226
2025-10-28,687.0599975585938,option_trading,0.122097602620776,0.14732393214463807
2025-10-29,687.3900146484375,option_trading,0.12190889790990661,0.1505681522393956
2025-10-30,679.8300170898438,option_trading,0.12153339138060855,0.15032671453028015
2025-10-31,682.0599975585938,option_trading,0.12680756378941632,0.08553468343016052
2025-11-03,683.3400268554688,option_trading,0.12647952541815724,0.08810303578190981
2025-11-04,675.239990234375,option_trading,0.12506455979547457,0.14856550629811613
2025-11-05,677.5800170898438,option_trading,0.13026107413771582,0.1571498336574121
2025-11-06,670.3099975585938,option_trading,0.12944785816866888,0.1508190829047643
2025-11-07,670.969970703125,option_trading,0.13313666651268538,0.1010493456865118
2025-11-10,681.4400024414062,option_trading,0.1329533340433945,0.16684994040357787
2025-11-11,683.0,option_trading,0.1399462420355072,0.1500030302934576
2025-11-12,683.3800048828125,option_trading,0.13979682890518957,0.14757072808352073
2025-11-13,672.0399780273438,option_trading,0.13979217721133597,0.15331197564748722
2025-11-14,671.9299926757812,option_trading,0.14897113222159727,0.102746652642078
2025-11-17,665.6699829101562,option_trading,0.14860268350029393,0.16965381843128635
2025-11-18,660.0800170898438,option_trading,0.1507941424289832,0.19195244548398857
2025-11-19,662.6300048828125,option_trading,0.15149419406343032,0.19922541421338444
2025-11-20,652.530029296875,option_trading,0.1519090129247737,0.19090947066683572
2025-11-21,659.030029296875,option_trading,0.13599080167470812,0.11655116032098731
2025-11-24,668.72998046875,option_trading,0.13145182025900812,0.22574386208892586
