date,historical_equity,vol_surface_equity
2023-01-20,99988.83208127874,99994.62635173276
2023-01-23,100096.47197703505,100001.65107492368
2023-01-24,100106.82808147086,100002.87787541217
2023-01-25,100108.31878095999,99992.15151948562
2023-01-26,99991.17709375313,99945.92168710678
2023-01-27,100012.07513593073,99940.73357804074
2023-01-30,100145.54060106889,100002.31502579882
2023-01-31,100296.68192934632,100065.44980358533
2023-02-01,100181.26222817015,99975.03609804087
2023-02-02,100335.69610172763,100081.34440199005
2023-02-03,100575.33007176571,100373.06902304773
2023-02-06,100507.0638992365,100340.22328239417
2023-02-07,100364.29948130948,100224.57328595428
2023-02-08,100243.04569230431,100148.71895372115
2023-02-09,100334.29017381955,100213.29660950309
2023-02-10,100357.07657007096,100227.54268745566
2023-02-13,100229.27657295737,100137.31635802536
2023-02-14,100222.12688147833,100132.5368576023
2023-02-15,100184.80873341807,100106.5263398012
2023-02-16,100033.10401784244,100001.31805217425
2023-02-17,100708.67163533476,100022.05467144621
2023-02-20,100705.00196815706,100020.9883267542
2023-02-21,100950.88942866471,100102.62873981595
2023-02-22,100933.30614779909,100092.5790745578
2023-02-23,100870.05461679379,100067.14252342167
2023-02-24,100764.22443469273,99953.34101965002
2023-02-27,100726.37054720162,99930.68123124995
2023-02-28,100688.99751845063,99896.12293480041
2023-03-01,100727.66824111505,99919.54163944937
2023-03-02,100804.07526440638,99983.01683945426
2023-03-03,100685.59269257501,99932.52856664499
2023-03-06,100692.21461120273,99937.76694743203
2023-03-07,100850.70745393564,100093.63348511406
2023-03-08,100864.9328923358,100108.47886513674
2023-03-09,101056.26664761263,100291.69737283021
2023-03-10,100914.55159500624,100160.41126258964
2023-03-13,100926.35998269194,100171.8154565718
2023-03-14,101083.39723996524,100322.55962840625
2023-03-15,101142.58105238994,100380.11506610362
2023-03-16,101311.07728150237,100543.64937930848
2023-03-17,102067.31348519234,100471.00197619878
2023-03-20,102159.61308095409,100519.95308975164
2023-03-21,102027.6407965627,99763.06527402312
2023-03-22,101854.84306168598,99352.78908172793
2023-03-23,101826.23246845476,99189.94808479823
2023-03-24,101914.08157864153,99277.8546125216
2023-03-27,101892.49878792497,99172.8836138027
2023-03-28,101868.14415789621,99108.67965659467
2023-03-29,101721.67880397818,98162.7335074899
2023-03-30,101778.7092864894,98279.68569599403
2023-03-31,101803.71073791725,97826.36098960563
2023-04-03,101840.85386324298,97900.1404098905
2023-04-04,101896.08194397674,98196.83380526598
2023-04-05,101867.1402399314,98116.23236276126
2023-04-06,101825.13726375731,97890.49349032278
2023-04-07,101823.0807843438,97881.95858667731
2023-04-10,101810.47069870436,97822.00241473589
2023-04-11,101811.17665996289,97822.37863261388
2023-04-12,101851.08271217374,97990.44128982548
2023-04-13,101985.22962175096,98295.07696552713
2023-04-14,102335.53120834903,98385.48394856829
2023-04-17,102370.66936635147,98500.04430788467
2023-04-18,102361.79935404392,98460.60686917859
2023-04-19,102357.95697903297,98446.2191952501
2023-04-20,102412.69881074732,98671.76308112951
2023-04-21,102507.67365983545,98667.77561466885
2023-04-24,102494.78937338834,98617.56887650784
2023-04-25,102328.0250777243,97974.59443533434
2023-04-26,102369.22966152643,98134.74160355114
2023-04-27,102569.60084761339,98896.92365391718
2023-04-28,102513.02258957419,98709.48390358398
2023-05-01,102499.87122802266,98668.02544425285
2023-05-02,102615.20163467077,99046.04532218922
2023-05-03,102542.23221665803,98862.68152862028
2023-05-04,102612.84481848785,99078.84746858935
2023-05-05,102799.38358724445,99488.020320934
2023-05-08,102794.54318140204,99474.24968322887
2023-05-09,102746.95801294819,99363.75151592164
2023-05-10,102696.61575845923,99206.53734381997
2023-05-11,102676.43632954125,99157.1043573707
2023-05-12,102729.9415451726,99147.78896102586
2023-05-15,102769.07585756948,99229.40290602266
2023-05-16,102836.39519460684,99417.44364973852
2023-05-17,102959.04695761512,99715.33577848687
2023-05-18,102856.38498970233,99410.61077965063
2023-05-19,102981.93884150895,99421.77161112594
2023-05-22,102975.55927745433,99403.50140756226
2023-05-23,102855.2856099289,99057.647815405
2023-05-24,102928.63146813182,99262.80789208047
2023-05-25,103016.07203639465,99508.31695645598
2023-05-26,102878.97107108828,99115.62209979912
2023-05-29,102876.85898832559,99109.52456895921
2023-05-30,102870.72399017226,99092.00384088406
2023-05-31,102810.0290760294,98916.76880340681
2023-06-01,102708.11157108449,98645.00313501629
2023-06-02,103004.3607259683,98982.42925648509
2023-06-05,103022.82602490971,99042.97528719524
2023-06-06,103044.06076088997,99129.42552970684
2023-06-07,103079.11970250114,99253.88455020048
2023-06-08,103141.8430789991,99520.99068635501
2023-06-09,103132.32568011747,99452.92514750591
2023-06-12,103228.21983596506,99891.29909077808
2023-06-13,103154.13028312422,99658.15782054378
2023-06-14,103165.00839739968,99708.35355700832
2023-06-15,103026.5369005013,99706.39979907131
2023-06-16,103154.17847507732,99490.57456059378
2023-06-19,103152.86848313716,99489.05528512519
2023-06-20,103138.89051903001,99418.31350538021
2023-06-21,103194.50472693588,99416.8080267493
2023-06-22,103211.19197871562,99448.44939220192
2023-06-23,103322.62084141678,99376.62350006856
2023-06-26,103301.5592442578,99324.18068703492
2023-06-27,103207.06264388064,99225.05181333343
2023-06-28,103208.30397777152,99228.37625234367
2023-06-29,103178.02999378131,99166.23850439311
2023-06-30,103428.4030869305,98943.8819490849
2023-07-03,103418.7726794123,98921.20675724812
2023-07-05,103406.90495324881,98916.33568666496
2023-07-06,103462.83310396431,99051.42173103003
2023-07-07,103443.8265353443,99003.69997694744
2023-07-10,103424.81907958021,98958.90446621279
2023-07-11,103467.86062929647,99075.25802610436
2023-07-12,103409.95743712461,98974.08041342392
2023-07-13,103464.72327809104,99204.56692729208
2023-07-14,103765.24004192362,99173.31325723101
2023-07-17,103788.57185852576,99275.85273311869
2023-07-18,103733.97472754675,99318.7802221634
2023-07-19,103748.56240240097,99448.07855966798
2023-07-20,103795.04664249797,99660.0275510443
2023-07-21,103879.61138198216,99789.34796087534
2023-07-24,103846.11749081782,99644.46729855124
2023-07-25,103864.35502876005,99798.60456244808
2023-07-26,103861.79837253269,99784.68957386889
2023-07-27,103812.42345580901,99488.66651563116
2023-07-28,103802.6807241313,99530.44837848582
2023-07-31,103814.53763739503,99606.004749415
2023-08-01,103833.87482850504,99653.11207243982
2023-08-02,103731.6484282608,99373.22347349083
2023-08-03,103750.69269816311,99424.82612734904
2023-08-04,103717.05103323673,99462.69818434476
2023-08-07,103653.73813689251,99299.97640744799
2023-08-08,103621.20158457458,99214.05928222535
2023-08-09,103667.3885785128,99335.57466017484
2023-08-10,103668.51305842427,99338.55322617084
2023-08-11,103696.22417291327,99445.57164087213
2023-08-14,103733.8508248196,99544.05875402581
2023-08-15,103815.2717971029,99754.49241157027
2023-08-16,103762.2870425342,99627.15168239296
2023-08-17,103814.05770878546,99761.53035287939
2023-08-18,103931.00554463005,99987.46915396034
2023-08-21,103892.04801754058,99870.81352715282
2023-08-22,103871.76763121755,99809.84772930847
2023-08-23,103792.42900149123,99680.40342799702
2023-08-24,103693.578437243,99477.12006702067
2023-08-25,103657.31091780888,99481.60727479831
2023-08-28,103709.69312016081,99569.2491329531
2023-08-29,103606.71693939425,99642.84971771562
2023-08-30,103634.15170465999,99744.91644631588
2023-08-31,103643.19471671165,99748.23787119085
2023-09-01,103749.09638930227,99889.72594393759
2023-09-04,103747.16427145508,99886.24724953879
2023-09-05,103714.7845786587,99799.7143774212
2023-09-06,103760.78724075777,99889.82078099254
2023-09-07,103737.62845652117,99830.90869036737
2023-09-08,103725.08353083869,99819.05906716555
2023-09-11,103770.17020231421,99926.58172037007
2023-09-12,103807.78844186015,100005.97064635468
2023-09-13,103814.62577428498,100032.040413447
2023-09-14,103752.10765876308,99897.6273321994
2023-09-15,103804.24231066614,99681.3370939748
2023-09-18,103798.71771554061,99672.87348609949
2023-09-19,103782.74354907095,99701.01781674917
2023-09-20,103845.90272852233,99760.75722212094
2023-09-21,103730.97886097974,99904.76853198805
2023-09-22,103745.01220100604,99955.70453449374
2023-09-25,103772.27867460623,99936.97731873314
2023-09-26,103873.27033105266,100112.22465369821
2023-09-27,103874.60893023106,100123.06448501295
2023-09-28,103833.80918328428,100078.67643207451
2023-09-29,103922.91334822585,99961.79387456484
2023-10-02,103930.25925396114,99962.67242053489
2023-10-03,103838.7264612282,100153.37135378484
2023-10-04,103787.93472329239,100181.89605092327
2023-10-05,103784.07028710771,100185.19553212353
2023-10-06,103703.22101564315,100370.15283952966
2023-10-09,103745.24906496027,100295.37152508175
2023-10-10,103708.38968766163,100373.00170523411
2023-10-11,103735.09946448034,100333.62483737705
2023-10-12,103775.6863621577,100259.03925413855
2023-10-13,103871.24242204563,100487.76996500103
2023-10-16,103798.25893506133,100662.85243503973
2023-10-17,103796.56734030925,100660.4916482024
2023-10-18,103886.8487007724,100482.17057106343
2023-10-19,103825.85900801151,100590.57656407231
2023-10-20,104066.6783333119,100434.68970786783
2023-10-23,104059.33294486572,100454.2437856782
2023-10-24,104007.99699122147,100552.24585918637
2023-10-25,103910.24354546399,100738.55405126068
2023-10-26,103987.80486257412,100577.42992041484
2023-10-27,104023.0026300284,100694.87757884101
2023-10-30,103944.24788282487,100857.99313313523
2023-10-31,103984.11159187127,100789.97150387111
2023-11-01,103912.4323979489,100975.74370049835
2023-11-02,104038.88251344899,101062.28843627118
2023-11-03,104011.52481901762,101391.72304955483
2023-11-06,104025.9290583156,101397.57024087333
2023-11-07,104004.99261294292,101505.84222766699
2023-11-08,104008.66238919344,101506.99350285366
2023-11-09,104061.07817043984,101358.7455249041
2023-11-10,104225.51100497905,100841.72872651358
2023-11-13,104230.74635984728,100824.74265339776
2023-11-14,104364.0825358831,101237.27636796387
2023-11-15,104347.68005153997,101275.4573930939
2023-11-16,104354.93819516731,101317.06941553595
2023-11-17,104533.650798926,101357.34452376302
2023-11-20,104588.85443677152,101714.6889417174
2023-11-21,104603.68934891191,101671.91152650023
2023-11-22,104630.90913614565,101868.04527124783
2023-11-24,104693.80706886105,100719.18160071784
2023-11-27,104678.83696567547,100630.92067299027
2023-11-28,104669.94308085786,100599.51427155419
2023-11-29,104663.18807856114,100562.78033656995
2023-11-30,104632.26895341072,100487.08769449925
2023-12-01,104700.14984742677,101168.6580918224
2023-12-04,104738.25489514819,101375.6812452256
2023-12-05,104735.27424289253,101352.14152217071
2023-12-06,104764.01801819814,101532.57180968393
2023-12-07,104819.56087286901,102073.53033803332
2023-12-08,104796.67269780258,101960.8513259645
2023-12-11,104824.582429378,102239.00870192092
2023-12-12,104788.38041311185,102101.45445401907
2023-12-13,104892.05412101756,104277.304049082
2023-12-14,104865.6866844997,104233.01210177608
2023-12-15,104978.08223086796,103309.52594600007
2023-12-18,104933.14666034924,103338.70599228336
2023-12-19,104978.7679539196,103681.31504774498
2023-12-20,105085.35984184543,104429.10330474647
2023-12-21,105156.79919090211,105193.18812784618
2023-12-22,105150.6307735167,105090.2984057753
2023-12-25,105149.07373150309,105076.43201550386
2023-12-26,105114.64342807281,104871.51765908377
2023-12-27,105127.21557465858,105015.77480838221
2023-12-28,105122.6906577043,104986.57743940031
2023-12-29,105232.42450581733,104818.10589260166
2024-01-01,105230.88765347339,104806.8444297844
2024-01-02,105186.93641256819,104488.7830930091
2024-01-03,105250.03048522444,104797.87927565761
2024-01-04,105224.84454122886,104610.66205849814
2024-01-05,105212.81621322797,104568.02777012964
2024-01-08,105320.89469324813,105340.04998037848
2024-01-09,105331.17772480476,105391.24637344191
2024-01-10,105373.67839096626,105709.73687074045
2024-01-11,105375.56460401864,105718.21083099335
2024-01-12,105501.34169722964,105900.42075584485
2024-01-15,105499.8924108147,105887.76222760558
2024-01-16,105473.22543214014,105663.9420485422
2024-01-17,105515.15489485559,105942.47062557258
2024-01-18,105579.84521025987,106494.57762872518
2024-01-19,105531.0250590868,106184.2067534726
2024-01-22,105545.65305280585,106311.52690222833
2024-01-23,105521.76331436296,106264.38148242855
2024-01-24,105528.6260835047,106330.31693516919
2024-01-25,105485.24413120867,106455.21041947982
2024-01-26,105742.37020218043,106242.62331677927
2024-01-29,105678.71469086318,106650.22314628854
2024-01-30,105671.14371289789,106638.32835269782
2024-01-31,105808.48323117537,106745.55051505301
2024-02-01,105907.06922366889,107439.19444982921
2024-02-02,105823.93734709772,106426.97118618578
2024-02-05,105793.8567634405,106260.32887974693
2024-02-06,105769.64302451443,106170.2708463395
2024-02-07,105833.34348295517,106734.80307065928
2024-02-08,105828.28031202675,106714.70584865374
2024-02-09,106007.32413691649,106417.87654726992
2024-02-12,106009.2212935419,106423.89226840736
2024-02-13,105898.32968159523,106055.98487722728
2024-02-14,105825.63718424125,105822.16808111
2024-02-15,105878.55122800643,106004.16276374023
2024-02-16,105940.56364393112,106148.04899991048
2024-02-19,105938.9810803296,106142.73427749502
2024-02-20,105980.96170684509,106284.26346648767
2024-02-21,105986.51608784044,106303.10025350009
2024-02-22,105821.93513903132,105813.93640280851
2024-02-23,105937.87176392126,105827.49116370805
2024-02-26,105965.72758445857,105917.91612061506
2024-02-27,105979.015218909,105962.80883871186
2024-02-28,105988.02245295582,105992.52398259354
2024-02-29,106015.24904572524,106085.88560672867
2024-03-01,105971.07717655078,105943.2022806174
2024-03-04,105960.7399049252,105911.38809681042
2024-03-05,106040.22347614238,106160.27179106338
2024-03-06,106079.32850681811,106282.45019084107
2024-03-07,105997.55727520525,106032.63541140991
2024-03-08,105968.97711475726,105955.51651082226
2024-03-11,105977.82601578439,105971.6795648301
2024-03-12,106063.33301973563,106231.00994784277
2024-03-13,106083.0280077396,106264.87712766818
2024-03-14,106065.23597065039,106211.0007656214
2024-03-15,106206.21162851145,106786.25413488237
2024-03-18,106252.59511040157,106923.48127856251
2024-03-19,106205.82231795897,106671.83851968442
2024-03-20,106279.7501788053,106830.49363681735
2024-03-21,106250.85385053421,106668.99590077388
2024-03-22,106274.51678866323,106648.59250579741
2024-03-25,106295.67680468083,106748.82426274286
2024-03-26,106278.82217410294,106694.16519125245
2024-03-27,106208.11116722625,106331.88703978546
2024-03-28,106204.86991084261,106318.44170940117
2024-03-29,106290.21270196236,107209.72574311878
2024-04-01,106274.13948026474,107142.80743322699
2024-04-02,106325.07701363762,107371.64815894328
2024-04-03,106332.4618265809,107400.67432742534
2024-04-04,106431.24874583211,107825.5423658553
2024-04-05,106527.53170535999,108167.4995050419
2024-04-08,106521.29560314147,108142.19655789019
2024-04-09,106529.15746337884,108173.95589411075
2024-04-10,106609.88645827334,108500.04907469128
2024-04-11,106669.72145599741,108742.52329154918
2024-04-12,106858.34464158406,109369.84637514027
2024-04-15,106754.84270071686,108977.20933846032
2024-04-16,106767.81858135332,109030.5300247359
2024-04-17,106719.01639275557,108845.5896676548
2024-04-18,106733.74692720787,108905.54527925284
2024-04-19,106757.09702261235,108667.08927488766
2024-04-22,106683.29250234527,108396.81063284528
2024-04-23,106775.64734580627,108758.37767594519
2024-04-24,106777.84705562604,108766.31999822741
2024-04-25,106745.83052157908,108643.54774893979
2024-04-26,106764.17261432501,108551.15935606329
2024-04-29,106791.07625542945,108680.70646360691
2024-04-30,106917.4567783228,109236.34285486111
2024-05-01,106960.54518831798,109118.30410535971
2024-05-02,106884.82336024809,108772.8941695413
2024-05-03,107019.38924080835,109179.63893211723
2024-05-06,106934.12794876276,108765.86714023119
2024-05-07,106941.52092113589,108796.05311574246
2024-05-08,106939.09063408145,108785.09579161613
2024-05-09,106984.6584576631,108973.9835645002
2024-05-10,107004.89615057598,108897.75827039778
2024-05-13,107004.35403824886,108895.19372943827
2024-05-14,106964.84302324553,108715.03404926456
2024-05-15,107065.8365816522,109144.63349238124
2024-05-16,107081.42542393989,109224.63334369817
2024-05-17,107152.7830990854,109283.30656503777
2024-05-20,107141.50171615723,109228.98656284541
2024-05-21,107160.2851125296,109305.00273377329
2024-05-22,107182.73118597093,109454.01490220217
2024-05-23,107120.27634234515,109141.24164186176
2024-05-24,107104.89293837274,108746.26625390335
2024-05-27,107103.22798780778,108736.38947625637
2024-05-28,107095.74528779145,108687.4356848299
2024-05-29,107035.76957615207,108347.52494962711
2024-05-30,107089.01208628305,108684.77361668798
2024-05-31,107217.23398233797,109258.71827197037
2024-06-03,107208.81204168484,109204.59847141939
2024-06-04,107216.43183366483,109230.46105160232
2024-06-05,107115.99708157005,108233.56173373618
2024-06-06,107114.15776613246,108221.29854599462
2024-06-07,107122.69867492966,108306.10146726861
2024-06-10,107146.96983302703,108391.46872944942
2024-06-11,107124.99484057123,108178.85180417914
2024-06-12,107192.66674917932,108204.61862197187
2024-06-13,107173.81965947617,108011.15328545793
2024-06-14,107241.30388286427,108309.13823903486
2024-06-17,107171.65149203864,107506.08204569419
2024-06-18,107191.79294694644,107580.23443886265
2024-06-19,107190.06759437261,107566.60358727894
2024-06-20,107164.90737031861,107437.78836225127
2024-06-21,107278.34978094818,107642.9560397949
2024-06-24,107248.79771836678,107441.42251310188
2024-06-25,107214.21808291484,107115.35468008419
2024-06-26,107223.19930733487,107175.37882693061
2024-06-27,107207.95730301917,107035.9327808636
2024-06-28,107326.42259498916,106595.17936460699
2024-07-01,107306.09420187098,106419.7744848591
2024-07-02,107362.10100058196,106965.6014791592
2024-07-03,107321.83971858742,106613.12281597553
2024-07-05,107370.12059926063,107109.88924934529
2024-07-08,107358.30961948626,107003.87107440433
2024-07-09,107365.05579286089,107072.02633486484
2024-07-10,107276.8022565739,106397.00225444668
2024-07-11,107198.91161200672,105706.71753591925
2024-07-12,107164.95497353302,105306.93124820275
2024-07-15,107187.41549578261,105512.32149564102
2024-07-16,107133.27489329968,105178.48512671492
2024-07-17,107006.93093379115,104285.78394805425
2024-07-18,107072.49617761973,104726.16524256447
2024-07-19,107067.0354651462,104386.38008623416
2024-07-22,106975.7863632959,103799.11379339427
2024-07-23,106960.358172134,103697.23911083107
2024-07-24,107156.00591655706,104997.23602561987
2024-07-25,107109.94974878254,104692.58762153545
2024-07-26,107059.41456890854,104053.99876145215
2024-07-29,107062.73509685835,104075.97830265106
2024-07-30,107104.43147616321,104351.83539875213
2024-07-31,107241.29198419637,105265.65809822027
2024-08-01,107362.23913874957,106066.98053079275
2024-08-02,107201.5191046218,104992.34107636308
2024-08-05,107443.94483735792,106598.09855606762
2024-08-06,107517.34118946585,107088.38701117845
2024-08-07,107570.59093391422,107441.08079518273
2024-08-08,107757.54139716577,108685.34164668818
2024-08-09,107719.06870119474,108430.18320413423
2024-08-12,107772.7964633021,108754.57017423652
2024-08-13,107633.18342432618,107980.5976564725
2024-08-14,107658.37391134341,108129.87898916789
2024-08-15,107510.07663585851,107486.15674653245
2024-08-16,107723.20621242498,107693.06005930496
2024-08-19,107648.27753538192,107383.10226106152
2024-08-20,107634.55037119356,107288.60322282184
2024-08-21,107606.84303861785,107180.90851297755
2024-08-22,107546.7060119684,106816.59103183365
2024-08-23,107465.96602967805,106601.51931918906
2024-08-26,107446.5381590436,106705.65017880424
2024-08-27,107434.72142603884,106673.31258281946
2024-08-28,107389.62763107373,106462.4165286672
2024-08-29,107387.4644703047,106455.14318701049
2024-08-30,107565.30540073429,106947.90603786975
2024-09-02,107563.79771089228,106943.16432395534
2024-09-03,107407.36470317347,106672.96500467794
2024-09-04,107421.00009759887,106699.48999643467
2024-09-05,107401.62719440722,106665.23416887385
2024-09-06,107611.62624745462,107196.63760262151
2024-09-09,107690.72865024624,107397.45447890682
2024-09-10,107657.37489951924,107328.98262085934
2024-09-11,107731.33830651687,107461.66103826684
2024-09-12,107667.280371681,107326.85722179401
2024-09-13,107881.89931062056,107352.04662477817
2024-09-16,107868.34204746698,107327.42176653427
2024-09-17,107869.90077874243,107329.89036928126
2024-09-18,107890.65674992187,107369.5456085309
2024-09-19,108016.76938015965,107577.46150593345
2024-09-20,108136.12993926264,107949.61740158784
2024-09-23,108153.53739484894,107975.3959512897
2024-09-24,108130.29751843832,107936.01823471056
2024-09-25,108111.98442164167,107901.86708858215
2024-09-26,108080.34872667246,107852.86921102561
2024-09-27,108207.76286200708,107820.99732431666
2024-09-30,108244.72371953758,107793.27844033673
2024-10-01,108174.7010641487,107670.19799604686
2024-10-02,108169.98762212378,107665.76667843135
2024-10-03,108154.61326295821,107652.85141011665
2024-10-04,108119.34045099991,107682.98694664928
2024-10-07,108048.7871196339,107669.4516754112
2024-10-08,107975.71570543185,107683.49170874445
2024-10-09,108027.09101932355,107723.2210646227
2024-10-10,108039.01181762823,107724.2178171906
2024-10-11,108279.44949105012,107816.16380332952
2024-10-14,108214.75863758952,107874.09175347918
2024-10-15,108152.72012866224,107893.14781132551
2024-10-16,108117.60438760863,107942.70455953185
2024-10-17,108116.71884274296,107940.7670714561
2024-10-18,108212.32520712099,108167.59432287258
2024-10-21,108197.97818592988,108195.81090645141
2024-10-22,108200.55295446809,108178.69480768466
2024-10-23,108127.99213492822,108368.56070720179
2024-10-24,108109.79960468489,108416.79386250641
2024-10-25,108418.09170723215,108529.20663072077
2024-10-28,108392.7019659897,108597.09427002483
2024-10-29,108402.6771352183,108557.19346999125
2024-10-30,108424.57396833319,108486.03627937143
2024-10-31,108271.55793706975,109132.69003167622
2024-11-01,108335.07057317917,109373.13595977254
2024-11-04,108326.16332111039,109414.19809104016
2024-11-05,108231.8564814814,109653.18130595532
2024-11-06,108421.35666786168,109234.2389153789
2024-11-07,108358.90035524691,109420.8283990218
2024-11-08,108622.68435043946,109373.97288624673
2024-11-11,108613.4969200537,109390.44960591532
2024-11-12,108587.12293076907,109440.77379590289
2024-11-13,108581.66947781807,109446.92945014613
2024-11-14,108528.92163106451,109568.02863069545
2024-11-15,108872.08732678948,109390.39460972395
2024-11-18,108989.49970103461,109324.30705534205
2024-11-19,108958.79090044588,109367.05912596667
2024-11-20,108959.88266494655,109359.14287529442
2024-11-21,108916.07893810507,109429.49698932657
2024-11-22,109166.50992700078,109457.12865940388
2024-11-25,109138.01314369397,109500.06351030633
2024-11-26,109177.98482040968,109441.02154505461
2024-11-27,109200.63011445687,109399.88587096595
2024-11-28,109199.03462506048,109397.50485639716
2024-11-29,109523.38256229239,109998.60151473971
2024-12-02,109536.16694304896,109972.67695590266
2024-12-03,109530.82802873601,109978.75775075663
2024-12-04,109579.18422232354,109992.49091531379
2024-12-05,109590.88909639361,109969.75461625564
2024-12-06,109692.5955637404,109986.52065801492
2024-12-09,109732.68057497131,109970.69665557999
2024-12-10,109706.01970547183,109973.82557871337
2024-12-11,109642.3222714098,110023.30663171367
2024-12-12,109598.99878620244,110046.28113704933
2024-12-13,109668.48718237803,110475.45947262034
2024-12-16,109701.2528273193,110435.82831883238
2024-12-17,109732.94624932657,110436.04918827159
2024-12-18,109491.36915133374,110549.6601740177
2024-12-19,109492.20587930887,110549.2156351004
2024-12-20,109882.43161927228,110639.0919714073
2024-12-23,109870.68913952196,110622.49473622411
2024-12-24,109956.67676391524,110675.04015016677
2024-12-25,109955.07441441742,110674.24130454542
2024-12-26,109954.00554714927,110673.78338269964
2024-12-27,110182.74451313,110693.84586686832
2024-12-30,110090.68821828457,110659.45280407877
2024-12-31,110117.6337229011,111151.80444206022
2025-01-01,110116.07192577838,111149.63337373908
2025-01-02,110133.69688757938,111156.57028261515
2025-01-03,110407.038149155,111247.23097875182
2025-01-06,110359.52617100353,111231.22411189789
2025-01-07,110268.26945654332,111124.36479912714
2025-01-08,110255.24242762726,111119.16337279874
2025-01-09,110253.67155467792,111118.06234259978
2025-01-10,110452.01714757072,111247.46628963399
2025-01-13,110462.46221931414,111271.2092132326
2025-01-14,110450.25384959213,111262.64993743076
2025-01-15,110589.80445451452,111544.61981301005
2025-01-16,110603.41441892118,111556.07199661223
2025-01-17,110998.48149663548,111776.32487668408
2025-01-20,110996.89122144712,111772.89885804955
2025-01-21,111068.09123692564,112027.97032666531
2025-01-22,111021.37384332575,112017.60582762606
2025-01-23,111063.80725947695,112237.52882720824
2025-01-24,111229.87047480413,112292.8025657744
2025-01-27,111113.78667163209,112043.57911092712
2025-01-28,111043.62418581566,111992.55985656343
2025-01-29,111005.94488040662,111943.41880296313
2025-01-30,110961.34916358042,111944.32556743958
2025-01-31,111119.8781918564,112108.31547503469
2025-02-03,111171.0302330321,112145.64562915008
2025-02-04,111221.63974012877,112220.17904270874
2025-02-05,111187.67068328636,112209.05994509875
2025-02-06,111213.92844221235,112254.20494890788
2025-02-07,111414.4584092696,112427.22571605832
2025-02-10,111489.99775230979,112522.99880438588
2025-02-11,111481.78902116655,112511.34413842708
2025-02-12,111454.30961599051,112466.00055842625
2025-02-13,111368.1902017633,112372.26301070703
2025-02-14,111510.1745579615,112509.65825487327
2025-02-17,111508.55666401534,112504.24756174514
2025-02-18,111530.68812047094,112556.82766990188
2025-02-19,111509.95957101238,112524.49181051989
2025-02-20,111474.49997726348,112455.37097323906
2025-02-21,111767.39880626115,112795.37224354928
2025-02-24,111737.0853872585,112733.04751016942
2025-02-25,111774.40720195379,112789.95519070825
2025-02-26,111776.8105709635,112794.03233492021
2025-02-27,111901.14849663529,113006.6366826677
2025-02-28,112156.73517165019,113342.18681160966
2025-03-03,112292.2855924218,113352.63196134703
2025-03-04,112199.05730268505,113388.86506018095
2025-03-05,112115.26605433016,113359.85080391627
2025-03-06,111976.41026937579,113347.45873775058
2025-03-07,112063.30404400782,113344.74408389149
2025-03-10,111877.30821396828,113229.38846119904
2025-03-11,111937.65657892825,113277.9299280647
2025-03-12,111975.32047868473,113304.8358232877
2025-03-13,112072.72548837554,113400.56519685005
2025-03-14,112439.44389642111,113593.96227652418
2025-03-17,112379.90434719998,113512.77565077158
2025-03-18,112297.15649455499,113639.80187673887
2025-03-19,112214.6820028611,113519.52186106818
2025-03-20,112191.44247817676,113546.9623578171
2025-03-21,112481.95229325928,113775.01588118837
2025-03-24,112615.3505539023,113650.85426174974
2025-03-25,112595.38116494734,113593.23056720008
2025-03-26,112502.10025591735,113540.99483505111
2025-03-27,112520.75298175667,113592.40909838355
2025-03-28,112506.41858612496,113302.65235823789
2025-03-31,112541.73266381852,113264.4747257723
2025-04-01,112561.29691980666,113299.19724215262
2025-04-02,112512.48499511874,113177.60382460785
2025-04-03,112145.13682936794,114293.0513177391
2025-04-04,113334.2920990655,122063.14946837017
2025-04-07,113312.50815974658,122097.41801092016
2025-04-08,113723.12411829835,124519.52204800065
2025-04-09,116452.44899486675,145415.12707037645
2025-04-10,117709.14169778617,157993.96750019665
2025-04-11,118381.21351916203,162461.28913708037
2025-04-14,118146.2078284033,159906.26484330016
2025-04-15,118087.03844508136,159145.401693517
2025-04-16,118668.57144849865,166224.42724067136
2025-04-17,119977.32765955466,166543.77402310158
2025-04-18,119974.66734514464,166480.81734597107
2025-04-21,120555.86007668638,159141.38320366893
2025-04-22,119587.62433977661,151644.76821917907
2025-04-23,119032.79432590716,156465.00339102582
2025-04-24,117764.53370717997,150694.18727661826
2025-04-25,118518.03399974624,153160.4137751831
2025-04-28,118505.02645304878,152991.9673973269
2025-04-29,117923.756134709,155202.64412855706
2025-04-30,117950.83271577655,154924.9700086299
2025-05-01,117289.36119569854,157582.14487975772
2025-05-02,116617.62613435235,148956.8898623658
2025-05-05,117031.48986932336,146650.46692958742
2025-05-06,117426.68351893278,149745.5671213562
2025-05-07,117113.50641200392,151290.95309269684
2025-05-08,116724.39167212471,148612.43268534372
2025-05-09,117076.12120263698,147972.18901354945
2025-05-12,113148.41189465758,136728.53910556075
2025-05-13,112410.76304135114,139375.21565676993
2025-05-14,112252.4254069436,138851.2564241378
2025-05-15,111611.50555620238,140836.6771773172
2025-05-16,115800.0706359729,136636.48697705765
2025-05-19,115675.76578994642,137017.6896670012
2025-05-20,115800.08117806676,138315.98295085516
2025-05-21,117729.50155270952,131308.9221029483
2025-05-22,117709.15019377129,131069.3051336839
2025-05-23,118324.95641447954,128168.74557428627
2025-05-26,118317.6962908048,128088.64489561564
2025-05-27,115629.32672390633,136405.72242141346
2025-05-28,115566.77750438433,138699.81658533425
2025-05-29,115053.90560570423,140237.37948085758
2025-05-30,114968.35770720325,141218.3487467218
2025-06-02,114175.78098180378,143453.24951639457
2025-06-03,114246.66911910339,141024.37777352065
2025-06-04,114267.4022639539,140829.63418734114
2025-06-05,114093.85221651512,142743.43964978185
2025-06-06,112635.66369433311,147024.6016110931
2025-06-09,112660.58823032834,146560.31637482397
2025-06-10,111813.36185062988,148936.5207087953
2025-06-11,111606.28578957701,150074.51957690698
2025-06-12,111025.95106488012,151725.17402632517
2025-06-13,109834.24548738002,156618.18126801902
2025-06-16,108509.50547801753,160697.77597059525
2025-06-17,107584.16716567408,164354.3646270053
2025-06-18,107580.24385486625,164201.84398385457
2025-06-19,107555.91952210138,164114.8786439752
2025-06-20,108112.3437705292,162856.44303497556
2025-06-23,109222.30304885001,158489.4683525539
2025-06-24,107836.16136748384,163076.72365812014
2025-06-25,107878.20102250823,162741.85971750016
2025-06-26,106877.17912303444,165967.9554825034
2025-06-27,107704.644210209,163688.24105430103
2025-06-30,107090.5501242134,165600.4804528497
2025-07-01,107026.95522842143,165661.2097142958
2025-07-02,106452.27626159797,167507.29544881958
2025-07-03,107437.1190786701,165144.34209499677
2025-07-04,107412.53432939168,165061.8530433081
2025-07-07,106471.92176303585,168072.90100427857
2025-07-08,106514.34765797347,167758.19645617838
2025-07-09,107221.19803111556,165239.78778665897
2025-07-10,106850.6966355061,166360.3329842763
2025-07-11,106475.13430408553,167765.92565048696
2025-07-14,106216.69714571134,168492.59186183586
2025-07-15,105667.29188690253,170201.04006014217
2025-07-16,105233.97379537151,171538.7634985728
2025-07-17,105960.3359356028,168920.28274230548
2025-07-18,106096.06004487368,168613.88544897485
2025-07-21,106305.30726300948,167736.54540571664
2025-07-22,106262.90299039157,167712.68443749787
2025-07-23,107289.84217944245,164181.3081662972
2025-07-24,107223.6364710967,164240.13944095303
2025-07-25,107838.50372807276,162498.34758518438
2025-07-28,107844.90273487395,162311.35584568273
2025-07-29,107489.62401536586,163309.14071542572
2025-07-30,107621.90371121647,162702.37956171203
2025-07-31,107212.12035477156,164481.61031439068
2025-08-01,109240.25583712195,157765.18545909802
2025-08-04,111070.91224115726,151632.69532099576
2025-08-05,111674.62805523485,149496.3265008735
2025-08-06,112595.4581860324,146359.8133528625
2025-08-07,112674.76935499079,145939.88600102975
2025-08-08,113646.00678839993,142804.2145912606
2025-08-11,113868.63800439294,141931.23378547205
2025-08-12,115174.42716859434,137754.40768211143
2025-08-13,114727.7016064591,139122.97278300393
2025-08-14,114714.14204800165,139005.2319671312
2025-08-15,115313.61055461963,138227.80881836294
2025-08-18,115260.29139244718,138232.40477787517
2025-08-19,115921.0316106966,135982.51434121875
2025-08-20,115561.70479926193,136957.07870770845
2025-08-21,116039.8394204263,135288.3670050993
2025-08-22,117967.38865442398,129199.15796251257
2025-08-25,118500.28586606208,127365.1779435947
2025-08-26,119003.80427432763,125631.73068257415
2025-08-27,118689.47463533322,126460.85755675862
2025-08-28,119114.19627554232,124975.4979221563
2025-08-29,120034.4135074178,122651.63776217814
2025-09-02,119108.95049042562,125532.99098814244
2025-09-03,118401.18299133907,127613.81619703013
2025-09-04,119433.42807756408,124229.41154842085
2025-09-05,119821.4629737691,122986.30299101945
2025-09-08,120108.57049520682,121928.09250281035
2025-09-09,119788.20567862254,122776.75534254778
2025-09-10,120132.19300376932,121541.68326073838
2025-09-11,119041.1401434289,124858.61061521457
2025-09-12,119128.03406904612,125064.2910259784
2025-09-15,118414.18983585328,127191.06052163994
2025-09-16,118209.33230460793,127672.44396251038
2025-09-17,118344.57462758088,127075.24610029475
2025-09-18,118924.10168390426,125103.43637514254
2025-09-19,118695.50266096798,126003.29943950794
2025-09-22,119286.64579945695,124016.49278121855
2025-09-23,119973.98338621148,121713.14153793768
2025-09-24,119533.13577159784,122921.91616190644
2025-09-25,120106.68445485512,120976.08310300682
2025-09-26,120940.89044168382,118657.27277039265
2025-09-29,120549.25223494964,119711.60680990189
2025-09-30,121024.58780824723,118353.53790162678
2025-10-01,120552.17734239248,119660.16080608859
2025-10-02,120677.24930905172,119112.00394677336
2025-10-03,120697.89508682981,119039.48946885858
2025-10-06,121143.34894762348,117502.85326235817
2025-10-07,121606.40512937031,115905.72362488916
2025-10-08,122364.41577995583,113412.50524582912
2025-10-09,122721.26894191338,112147.58563550725
2025-10-10,119212.09306666603,123099.03659430495
2025-10-13,117216.28632550503,129110.63090521208
2025-10-14,117030.99736082453,129522.18168964254
2025-10-15,116427.04294162725,131228.9099551665
2025-10-16,115510.4316858435,133901.40374137252
2025-10-17,114831.31770331343,136439.15103199505
2025-10-20,116162.99841955717,132128.4775978019
2025-10-21,116138.5744208509,132040.90547152265
2025-10-22,115426.15213637942,134086.21738567663
2025-10-23,114621.47242521419,136375.00844208774
2025-10-24,115786.23586254791,132936.55269356543
2025-10-27,114189.00953400217,137564.20715837076
2025-10-28,114519.83061791849,136357.34285391786
2025-10-29,114427.9475904502,136471.00465437613
2025-10-30,112914.84672753449,140894.53592241916
2025-10-31,112683.27013217835,142168.34919202025
2025-11-03,112908.0723280627,141318.77557003044
2025-11-04,114473.44181541714,136367.59520607995
2025-11-05,114906.87723520544,134887.8668032916
2025-11-06,116309.31620716833,130457.5708080235
2025-11-07,116510.69523686112,129992.81248786201
2025-11-10,114426.2088790003,136184.97365013906
2025-11-11,114706.06930683393,135170.90318812052
2025-11-12,114604.51961735048,135316.7110056358
2025-11-13,112348.52930785622,142024.27623971045
2025-11-14,112438.22851716456,142024.6787983371
2025-11-17,111181.27387906438,145716.50310577435
2025-11-18,112253.93036202445,142267.1345166997
2025-11-19,112729.23420121966,140650.74424875766
2025-11-20,114688.54864628061,134488.5225399029
2025-11-21,116075.60831150055,130536.34088115988
2025-11-24,114142.467098274,136287.19920865388
2025-11-25,115352.61758162631,132435.73711633828
2025-11-26,114410.06272738962,135159.77986643655
2025-11-28,115112.62542583019,132873.01901170495
