date,historical_equity,GARCH_equity,XGB_equity
2020-02-14,499856.3079960811,499838.0366529141,499978.69637974666
2020-02-18,500148.9916470859,500170.21157031803,500043.866489908
2020-02-19,499682.38420883403,499540.69005780015,500055.1050951444
2020-02-20,500094.15461940505,500146.7853146035,500040.47307988803
2020-02-21,500956.43220742187,501573.09172690747,500128.7513196312
2020-02-24,496920.6836450274,501668.8452917567,490997.63537820254
2020-02-25,496000.3887257095,501726.4526971849,491967.88509079535
2020-02-26,492574.0846335098,499355.5083538146,483076.64919371926
2020-02-27,492042.3997989523,499677.8991215184,481350.2461686458
2020-02-28,493977.91917256755,500677.16580402246,484037.3116250071
2020-03-02,494650.71504073415,500408.80143278296,483085.07302005024
2020-03-03,494526.567899518,500911.84405838524,482968.8595855284
2020-03-04,495689.7024164083,500904.1251544605,482106.99373933056
2020-03-05,494684.77590143855,501532.0706456688,483089.1909334877
2020-03-06,498044.3648142974,503678.7719598322,487400.11137871793
2020-03-09,489929.5956649474,500869.20898904646,475211.51987865847
2020-03-10,485957.8341868163,498614.09679550154,469921.4548882907
2020-03-11,483374.8376945706,499067.30003541335,465752.71808738593
2020-03-12,475783.79401324276,492385.81852373213,456963.3693355731
2020-03-13,466771.13462466636,474949.6508349255,448606.9819087172
2020-03-16,454008.99599071755,484309.9667953446,430777.54735300376
2020-03-17,450493.72790005105,480801.86325133685,426639.97604850435
2020-03-18,457005.1174684712,481956.154675795,429732.7823660002
2020-03-19,454676.77853881416,485324.5822112962,433640.0578111553
2020-03-20,456780.40880751354,495804.83586965734,437166.10005435103
2020-03-23,458551.7831497677,500249.52237421623,442473.3444509553
2020-03-24,447792.3851033955,496236.54033330944,431045.4933169668
2020-03-25,451754.57432617695,491967.0030289127,439794.65225035587
2020-03-26,450699.0646872207,493321.91571830446,436767.40846098313
2020-03-27,453410.15248263476,486907.0987365836,440329.28739830793
2020-03-30,451974.1191456387,489329.12907662685,443023.0911079806
2020-03-31,445870.6943408695,490977.8933440363,445584.4130557067
2020-04-01,451031.6761326799,485540.41824742605,442753.18089645944
2020-04-02,449015.38011975016,489883.0769902158,442524.6408940952
2020-04-03,445656.82215781603,493450.6831108306,446744.0222192279
2020-04-06,446656.04481851065,491807.3623655802,444024.7570009355
2020-04-07,447358.714489824,490367.4338059805,444366.7606576609
2020-04-08,449528.26612028794,491740.3702632326,446583.8209141633
2020-04-09,450675.9649763575,493017.78439278016,449235.04156663554
2020-04-13,449531.98662030406,492456.23208147334,451999.05620135064
2020-04-14,449516.9015696032,496312.91777515865,451798.78384244035
2020-04-15,448716.05682835204,492347.31649212324,451921.0463599039
2020-04-16,448834.53576206625,492736.73226800526,452526.04693415225
2020-04-17,450883.3789221328,495254.4825959977,453491.7216653891
2020-04-20,450465.50366302836,490451.3545178676,453226.12305223424
2020-04-21,452083.6116053708,487616.20287354535,452115.51208304544
2020-04-22,450404.16907867085,490450.1522549344,452157.0530073788
2020-04-23,448961.0970920966,490542.31916229834,452935.2059682595
2020-04-24,448203.65171892144,495040.0418845384,453733.3036163095
2020-04-27,445889.60447715194,498279.8573707504,451862.81984033645
2020-04-28,447004.93198184326,498727.23580787075,452219.05581067497
2020-04-29,443301.9482116953,501071.0322742945,451468.48841780215
2020-04-30,445144.6241804353,498851.31308299664,451765.38081276766
2020-05-01,452739.5287400639,495548.8162052046,452633.83929158933
2020-05-04,451374.8518478222,497355.031797543,453888.6177094372
2020-05-05,450265.2311862513,499541.61342998466,454658.48572611675
2020-05-06,450449.02982935053,499082.6923736082,455024.9802369914
2020-05-07,448278.4794237071,501594.71434689395,455598.37332921394
2020-05-08,444335.4604920159,503852.399866555,456128.7841633371
2020-05-11,442735.11951965897,504990.663093188,456099.3305381521
2020-05-12,446324.61931943905,500918.8383209071,455675.1570808684
2020-05-13,447642.62915448204,499228.4603676347,455939.8901789284
2020-05-14,446564.37765688304,501411.85802167986,456237.16217652016
2020-05-15,445844.4819297461,501562.4458676039,456935.1482925777
2020-05-18,442753.0277507795,504587.7355705983,456866.3717470361
2020-05-19,443907.4518368589,503933.53113919444,457175.02507210284
2020-05-20,441596.16888452676,505679.43714460725,457725.5652262151
2020-05-21,442558.6442163817,504817.76368436334,457712.75284311915
2020-05-22,442034.2699344811,505811.5716681724,458399.7857167673
2020-05-26,438498.2991961958,506884.37786046544,459258.93630159507
2020-05-27,437129.48394530406,507305.30552919663,459143.67729265767
2020-05-28,437212.8219672878,507046.414883406,458978.92805151874
2020-05-29,436476.0272181935,507757.96718065295,459361.54660636163
2020-06-01,435095.21317065676,507820.26431208313,457919.0121332773
2020-06-02,433998.1757356832,508502.27437230817,458168.2483049094
2020-06-03,432567.65407210845,509164.4327945816,458469.360656
2020-06-04,432225.48128345597,509235.24503629346,458613.5701587084
2020-06-05,431755.6542046415,509845.8292564871,459624.570829858
2020-06-08,432203.64427199896,509918.11886384914,459610.5552265246
2020-06-09,432842.0628175078,509548.98014298186,458442.677489765
2020-06-10,432405.2402842372,509515.5852009292,458589.10321498
2020-06-11,440868.10140245827,503853.17269374104,449513.1506349484
2020-06-12,440725.7797367416,506037.12024669664,450342.32481836015
2020-06-15,439991.8484927241,507420.63806638686,451880.9435819961
2020-06-16,439648.12521734886,508035.2867914805,451929.41456006945
2020-06-17,439937.9396713136,508106.8254763484,451931.0867261057
2020-06-18,439907.6650829219,508321.5810149678,451676.49263728026
2020-06-19,440244.8923388683,507680.24554092006,450579.07792425726
2020-06-22,440082.92879945214,509470.9967981179,453904.70647150313
2020-06-23,439968.81739469164,509535.6848093784,453614.1139453436
2020-06-24,440447.2743998646,509010.38306160993,453335.79069271625
2020-06-25,440233.3464743465,509416.34347264114,454003.4305556457
2020-06-26,441139.7721077892,508774.02745126304,453004.52911092085
2020-06-29,440840.4096160594,509749.923892569,454572.96177670103
2020-06-30,440762.4614401187,510187.44000159955,455418.9512807138
2020-07-01,440915.7040948449,510471.5797729256,455943.86089114595
2020-07-02,441200.8964228935,510751.2192109947,456493.3096968332
2020-07-06,439390.58272892167,510474.88158155745,455592.9120243903
2020-07-07,440737.13704730093,510422.28615453996,454785.0622168242
2020-07-08,439676.105807781,510511.98964548355,455576.7773694087
2020-07-09,440441.7390844175,510384.62887355627,455022.37129241694
2020-07-10,439195.40665622335,510725.846214191,456287.0882761699
2020-07-13,440104.947412516,510340.7485867969,454721.2365566918
2020-07-14,439903.38599723624,510681.37970725255,456202.18678064254
2020-07-15,439691.5752491382,510969.24444391544,457428.34164433443
2020-07-16,439919.10241670476,510929.1836690326,457294.93804468284
2020-07-17,440025.0550421488,511589.40447094286,458700.88368090335
2020-07-20,438534.0254308211,511998.16852438514,459637.5964923767
2020-07-21,438168.6004420743,512057.2710313006,459647.2130941934
2020-07-22,436999.94147012196,512323.80900394847,460121.4597577837
2020-07-23,439498.1020343463,512055.93754672917,459437.18608321523
2020-07-24,440309.21928838955,512678.5323734762,459814.9547728086
2020-07-27,439508.460478102,512999.90441777965,460737.08936332143
2020-07-28,439696.3101682792,512970.23656856874,460642.31972564675
2020-07-29,439340.1419247848,513342.666399456,461340.96111871843
2020-07-30,439441.672375062,513382.575632433,461335.85192952555
2020-07-31,439610.8210879923,513941.5445849982,461876.20807754435
2020-08-03,439552.19347315416,514182.9986375678,462344.0855532057
2020-08-04,439604.9669000966,514242.7437107647,462542.3108690892
2020-08-05,439771.4780964805,514487.84787760914,462898.6647563334
2020-08-06,439727.96338054154,514505.3320682369,462999.9697544236
2020-08-07,440165.30258512596,514919.50749372895,463334.99398874707
2020-08-10,440212.47948338225,515102.48667670274,463505.4638605123
2020-08-11,440134.2247442034,514855.3943225657,463215.03259491926
2020-08-12,440246.9478501609,515110.31691330776,463614.1440226313
2020-08-13,440257.9858928606,515122.5676750508,463651.855435584
2020-08-14,440838.87814166583,515684.49908890214,464026.29132074333
2020-08-17,440845.12249171047,515824.7782840042,464194.39888273086
2020-08-18,440854.6995610086,515833.3319345468,464213.754934103
2020-08-19,441031.20242762717,515968.00182850705,464276.2863558153
2020-08-20,441015.8637715861,515958.81431692286,464270.76511939976
2020-08-21,441297.1698419794,516430.49384769186,464646.23299866205
2020-08-24,441038.3676387787,516450.57477565535,464629.64223783324
2020-08-25,440972.270604319,516448.97537070373,464658.1179293445
2020-08-26,441348.5688216958,516668.68907827535,464899.7168307452
2020-08-27,441227.7569890292,516652.97829043196,464788.17194854916
2020-08-28,441622.58898818924,517086.8824585192,465031.7794802485
2020-08-31,441593.35267208354,517044.42385811196,464849.43648806727
2020-09-01,441742.78658559127,517136.34008293174,464976.826141024
2020-09-02,441931.6686382642,517337.49062581424,465163.534041469
2020-09-03,439004.22970551223,514258.8007100948,462790.84310329077
2020-09-04,440461.7349459899,515706.22784017224,464147.88290287147
2020-09-08,440618.70021818904,515797.95788938843,464202.69676492456
2020-09-09,440601.031031835,516850.4642819415,465418.35792977724
2020-09-10,440452.74129339744,516865.1475017864,465325.5343963719
2020-09-11,441657.6490663144,517750.4093904926,466177.396265439
2020-09-14,442347.86858908326,516244.93455388,464829.11183802586
2020-09-15,442531.70195299276,515702.4970467646,464373.4905582606
2020-09-16,442918.5477084838,516036.7755432419,464661.48316203064
2020-09-17,442979.5541802923,516729.4637779175,465262.3442669533
2020-09-18,443690.62558881054,517391.8229810749,465917.99773085234
2020-09-21,443653.0139915844,517082.0159811105,465280.7629574685
2020-09-22,443607.8008181453,516620.1619977185,464034.816803336
2020-09-23,443945.7883063079,516729.6402345585,465538.98329098785
2020-09-24,444292.8016552841,516942.19922621176,465585.6648526909
2020-09-25,444453.64663810283,516784.6511433163,464957.16517502954
2020-09-28,443437.0059577976,515660.9183246617,463191.24527037935
2020-09-29,443614.47190776793,516441.627995188,463767.2387423868
2020-09-30,443396.5903150202,514951.96130781295,462800.35649116605
2020-10-01,443213.74009133736,514744.9121342277,462924.79082905944
2020-10-02,444022.4425166701,515205.3326500008,462714.53368782863
2020-10-05,442220.6081813763,514714.89539960574,463194.84049879544
2020-10-06,443091.8616524242,515163.10439710505,463452.0530851305
2020-10-07,442272.5988002046,515444.3713276782,463908.0248007245
2020-10-08,441440.47926537634,515847.5227893485,464449.01053466345
2020-10-09,440744.0983250071,516080.67541436176,464837.2670625056
2020-10-12,439012.67650811863,515318.38275176764,464061.48183440644
2020-10-13,439768.87484886963,515408.16348521865,464072.218117144
2020-10-14,440133.8631020666,515270.2748360245,463896.68738464784
2020-10-15,440187.5964303453,515113.51027391455,463751.1515634786
2020-10-16,440110.25654399,514792.3075305972,463477.97976487956
2020-10-19,441148.64258762513,514446.3820226976,463237.2794140051
2020-10-20,441122.632931077,514563.49650459806,463315.37249185145
2020-10-21,441034.76619686163,515374.58488282724,464028.7866425944
2020-10-22,441275.9363804789,515519.67675633205,464098.26468767226
2020-10-23,441553.4586033847,515730.4898293052,464295.09042505815
2020-10-26,440313.1597917582,514115.9136353467,461894.7364659463
2020-10-27,440287.9712813422,513843.66171230236,461693.5197351253
2020-10-28,435787.6515614936,508102.235233646,456381.5559356166
2020-10-29,436047.43915812514,509091.8697398015,457094.3265144475
2020-10-30,438071.1012673716,509925.62061718246,458770.13152059505
2020-11-02,438107.3075191574,509526.6038806037,457881.5972636199
2020-11-03,437774.6514242174,510154.45848720765,458389.6187217933
2020-11-04,441868.4595645545,513440.2633735619,461151.63023980526
2020-11-05,441941.9532035375,513979.86509104766,461722.32774243614
2020-11-06,443323.608578879,515567.5781738937,463234.9756123743
2020-11-09,442658.8836258013,515524.2614519942,463685.1431687047
2020-11-10,442428.45470600575,515726.47212347627,464095.50827272097
2020-11-11,442056.4989004537,515855.6760583805,464773.3662299671
2020-11-12,443009.36045612005,515950.7824940439,464182.2678366771
2020-11-13,442566.1755232927,516263.6786281368,465080.36104048794
2020-11-16,440345.077642415,515799.14520879585,465664.0913794641
2020-11-17,440813.39501957525,515893.63258504804,465675.3875081154
2020-11-18,441497.8703074098,515678.7538375491,465542.25450748706
2020-11-19,441328.60552452196,515940.9140453703,465806.221258954
2020-11-20,441867.3883577796,516010.04984207446,465986.43306862126
2020-11-23,441059.8342845851,516268.1902372141,466425.20744946157
2020-11-24,439807.2311873728,516480.7392218951,466717.6017624462
2020-11-25,439705.5004630353,516789.5596292449,467138.95729129884
2020-11-27,438694.62218886777,516965.2279145662,467408.7421164052
2020-11-30,439033.61959171353,517228.7838625425,467673.3218843522
2020-12-01,438218.8792219679,517212.2754650857,467651.183151317
2020-12-02,437752.7518115087,517281.36562150065,467730.44413684885
2020-12-03,437694.0589835456,517306.7297847007,467693.6082495502
2020-12-04,436284.0755246568,517721.91526846046,467597.9033889923
2020-12-07,436262.6084120165,517908.30848223285,467464.92694995075
2020-12-08,435790.6386373085,517988.36646301264,467257.7960476689
2020-12-09,436970.1670995802,517958.9696829564,468220.51628813177
2020-12-10,436970.3807654688,517967.2938412001,467817.07376422785
2020-12-11,437139.0034194917,518211.28083568095,467878.68861973856
2020-12-14,437324.7195920524,518270.32140511,468106.41609768465
2020-12-15,437008.11125331215,518369.9764369618,467649.43654761044
2020-12-16,437469.24878362904,518855.93157463666,467748.9954820788
2020-12-17,437266.1156374745,518906.936060112,467376.2475716494
2020-12-18,437914.57789839397,519357.26134365617,468388.5354789595
2020-12-21,437871.26166048757,519270.80652068125,468438.4351931048
2020-12-22,437964.4417354788,519332.8075971423,468413.4195587747
2020-12-23,438261.6077792209,519672.09827778727,468566.2495610371
2020-12-24,438540.1314731069,520007.08276171994,468657.6327894487
2020-12-28,438578.71946371574,520054.1898606022,468254.7321730997
2020-12-29,438571.2961973161,520062.18885276496,468304.7517625483
2020-12-30,438649.66489488917,520150.02711997915,468304.64948222495
2020-12-31,438927.96827802877,520637.06801801955,468520.01126891695
2021-01-04,439591.96839163336,520346.0913662451,468514.5748998086
2021-01-05,440069.2452126309,521133.55120298406,469189.4465142889
2021-01-06,440855.36712989846,521848.29537704657,469840.90329742926
2021-01-07,440839.1880192257,521805.7798958798,469831.14156241214
2021-01-08,441485.10083910916,522506.4080201266,470494.03984054376
2021-01-11,441891.18724722276,522785.1580424358,470739.23357279075
2021-01-12,441973.66769819387,522884.98142763245,470819.58881752705
2021-01-13,442289.5048394496,523250.44766727084,471206.21893883246
2021-01-14,442314.10689612187,523249.72471701197,471220.55243538995
2021-01-15,442856.43242155877,523826.80149682297,471667.9522112786
2021-01-19,442883.6460757901,523972.2758408877,471930.7554534041
2021-01-20,443138.53307270946,524309.6862442705,472241.08908556384
2021-01-21,443167.32587125635,524323.7628488252,472247.2941228281
2021-01-22,443659.37040950014,524821.9562076882,472777.8920027274
2021-01-25,443645.6758655957,524905.9525904089,472843.93186862936
2021-01-26,443762.33914975805,525015.1788322503,472939.45376837463
2021-01-27,441069.14371934114,520849.58048115857,469239.5396789091
2021-01-28,442834.61487295525,524325.5457460338,472000.75241891795
2021-01-29,447309.69611037034,528070.0329520885,476481.81935833255
2021-02-01,448518.0311597903,528657.0871830584,477387.9573028828
2021-02-02,448503.1725848576,528597.5966852851,477298.1698067803
2021-02-03,449711.87542533,529719.5448488742,478509.80806853296
2021-02-04,449659.8782244205,528743.9522045641,478377.15602891677
2021-02-05,450138.25129601173,528168.230464097,478808.672344978
2021-02-08,449827.62497261126,526168.5970278031,478732.5455607072
2021-02-09,449826.2296000676,526103.9057131272,478727.5477971868
2021-02-10,449966.2072282076,526032.1110590118,478922.83247817424
2021-02-11,449916.99038173107,525519.1476342126,478864.60155574704
2021-02-12,450036.4230756194,524062.51354183786,479063.33683678205
2021-02-16,449930.19186757796,523710.14799860463,478974.5157428073
2021-02-17,449931.7769227192,523590.9626070502,479107.6285072316
2021-02-18,450027.1175167206,523665.05590667785,479128.1791526684
2021-02-19,450298.9897166488,523926.190358507,479589.5789783519
2021-02-22,450486.03325705224,524062.3336902349,479767.4889430927
2021-02-23,450582.062462669,524140.53284770367,479853.1124670954
2021-02-24,450650.95880628884,524320.622140292,480042.4816347883
2021-02-25,448772.4592268282,521937.10939115204,477502.7668747988
2021-02-26,450484.97084095736,524132.71912591497,479387.26053413237
2021-03-01,450891.18418767524,524577.0093086427,480075.64630491997
2021-03-02,450988.67559704295,524754.9084306548,480191.6474302693
2021-03-03,451630.52171207673,525207.2670677738,480776.30781626893
2021-03-04,451656.37717376667,525358.6818420312,480789.9476473106
2021-03-05,451944.0659228153,525334.1526700539,481207.90090012376
2021-03-08,452520.6474504612,525987.6734648452,481794.8846420572
2021-03-09,452158.7284642869,525527.0817022142,481473.24161139614
2021-03-10,451824.91884000145,525241.755028169,481244.82899285364
2021-03-11,450424.4607147197,523943.0147080289,480189.73707505234
2021-03-12,449604.820772714,523307.9369426769,479570.1502686664
2021-03-15,447905.2519408239,521670.90102541517,478139.617204529
2021-03-16,448105.5816821142,521864.5581666274,478271.90387401276
2021-03-17,447067.9482129682,521100.80714917986,477855.6675176659
2021-03-18,450383.59982862574,523771.86859775084,479805.7690565353
2021-03-19,450690.2647486431,524087.8601055952,480274.90769745817
2021-03-22,449824.3660493642,523487.1224661802,479905.0519538222
2021-03-23,450220.48791770067,523569.09000916075,480022.4040130862
2021-03-24,450058.02811062505,523595.0045584808,480027.76549504674
2021-03-25,450006.49573144614,523572.3368345039,480052.3050513126
2021-03-26,450018.8081399686,523777.75260017894,480311.0624137247
2021-03-29,449795.60883249476,523837.5558376686,480266.5124761223
2021-03-30,449785.11677622836,523831.7948068812,480274.4029841772
2021-03-31,449723.55058732553,523892.7116431827,480429.4743375322
2021-04-01,449191.7052678544,523738.23535405437,480703.5236099181
2021-04-05,448200.43311387266,522987.5288811711,480578.0667711243
2021-04-06,447621.2241828941,522562.69157078484,480577.0481588377
2021-04-07,446757.9250627775,522025.6340849332,480425.5448412485
2021-04-08,445477.54548658093,521031.3788918213,480306.00879586424
2021-04-09,443075.6161925823,519326.8518840208,480562.2546081734
2021-04-12,442661.7040946906,518564.87877260806,480476.0791665182
2021-04-13,441850.44490603165,517726.77735442936,480263.3410978388
2021-04-14,442533.31191182265,518366.4878627205,480441.8425235846
2021-04-15,440381.7891728499,515870.31148547906,479865.8548779964
2021-04-16,438835.6603748796,514255.9069528345,479571.6533029947
2021-04-19,440264.1448653078,516042.20333691646,480204.3663376237
2021-04-20,441210.2971840244,517831.128900625,480703.92664700816
2021-04-21,440564.6298162852,516327.59333003714,480229.39125865436
2021-04-22,441721.9586446282,518305.76595697796,480803.03603392054
2021-04-23,441284.5935254308,517109.46501504607,480756.9262849648
2021-04-26,440727.46501641674,516382.4697071877,480519.03241141833
2021-04-27,440723.31270739145,516381.13876987016,480513.88233046734
2021-04-28,440782.0338218955,516338.3907797941,480544.0651803284
2021-04-29,440688.2916992783,515796.2378096392,480420.63848092855
2021-04-30,441063.61876276095,516677.7642289877,480939.1877174363
2021-05-03,441052.4822727925,516277.55689171853,480879.89523787564
2021-05-04,441081.9446621394,516451.7409681948,480926.9931005374
2021-05-05,441205.58974148193,516528.7362055515,481019.70584975777
2021-05-06,440958.4701323822,516400.15115777095,480962.383451976
2021-05-07,440718.2488820862,516528.6543945568,481207.57186792995
2021-05-10,441846.2744461213,516618.7916902265,481188.14709018066
2021-05-11,442066.4339538246,516647.0821193217,481214.0942990594
2021-05-12,442397.7243224835,516552.90557559655,481218.6744785516
2021-05-13,442392.24858765805,516823.3505427907,481368.78210095374
2021-05-14,443247.7182133705,517601.20311473793,482206.75223496795
2021-05-17,443378.42470813845,517892.6585430449,482465.7190160505
2021-05-18,443320.7686397362,518598.44676161837,482487.9567485065
2021-05-19,443693.1879990032,518917.4623500228,482880.0009564749
2021-05-20,443404.1593718275,518454.75268650847,482744.0405122956
2021-05-21,443796.64042177936,518810.5525201477,483195.70854063745
2021-05-24,442958.63118881953,518138.8373869171,482893.23565290764
2021-05-25,443178.8667770267,518238.8672391425,482973.3048634638
2021-05-26,442956.7653793089,518230.4929007542,483037.03713697067
2021-05-27,442834.9236749564,518157.72606368933,482980.7300751911
2021-05-28,442692.282235816,518345.4633460352,483249.011725746
2021-06-01,442738.69147133117,518381.92022125446,483219.21111820615
2021-06-02,442455.3570199829,518194.6551407478,483177.0781148119
2021-06-03,442890.88027592737,518562.7538601623,483260.643022986
2021-06-04,442083.6961627435,517856.7127040468,483281.1492962361
2021-06-07,441979.61457536696,517927.19640143425,483372.49464093044
2021-06-08,441930.8279196501,517896.3358956286,483362.7458877067
2021-06-09,441899.8265515602,517969.0117516172,483415.91374177457
2021-06-10,441830.7037600628,517729.07688726234,483324.4299766801
2021-06-11,441936.6888677855,517847.5111861685,483563.52679309575
2021-06-14,441700.64216273616,517634.8565014917,483474.96946018195
2021-06-15,441634.590027173,517677.6588014461,483504.3344425357
2021-06-16,441622.04039470037,517820.6532037488,483618.98283725244
2021-06-17,442008.65702895605,518222.53310041147,484035.92971359426
2021-06-18,443778.7110298223,519549.1148423629,485295.8377274692
2021-06-21,443368.1417356028,519205.99098407826,485052.4481326101
2021-06-22,443048.1859349851,519001.59219203045,484878.95505012147
2021-06-23,443443.2944963335,519349.629451067,485175.19411302224
2021-06-24,443040.30937251495,518625.16809771035,485003.93891371187
2021-06-25,442668.23671556707,518061.81582727644,484978.1186047761
2021-06-28,442186.5529860433,517540.17626524577,484826.886935884
2021-06-29,442051.5739136385,517370.70356861217,484793.1559073226
2021-06-30,441861.2656643389,517076.9290738264,484897.0402760742
2021-07-01,440628.18878159387,515246.8410572498,484678.5388523806
2021-07-02,438643.4081465587,512494.2671007161,484382.3424512734
2021-07-06,438395.5109366699,512826.91575135273,484426.3260853463
2021-07-07,437492.81979277346,511505.5828066178,484308.2729696486
2021-07-08,439225.10402086366,514800.8940869307,484793.6803299465
2021-07-09,438052.084429152,511433.9603701533,484440.2778626293
2021-07-12,436751.3376019205,509756.6812611922,484274.29291215586
2021-07-13,437018.1997894073,510892.57268554583,484482.68951183744
2021-07-14,437005.6639724026,510242.64628631977,484807.74218388984
2021-07-15,437223.35240404756,511297.5349643871,484942.5464466175
2021-07-16,437702.7682870875,513143.48301552393,485289.6445305144
2021-07-19,437520.7256749815,515020.8389863176,485053.5753325777
2021-07-20,437477.3295032558,514554.08642800234,485127.95225803996
2021-07-21,438099.48054103384,514033.8926907546,485794.5280736828
2021-07-22,438164.25460959726,513770.61755070696,485843.17652234173
2021-07-23,438171.9684134709,512449.0345185675,485713.1124805942
2021-07-26,437843.3708948056,511658.56462630176,485608.9534049246
2021-07-27,437921.14021317184,512382.08900826715,485620.572001765
2021-07-28,438113.3756861194,512381.56458896666,485743.56153114734
2021-07-29,437954.3655206269,511839.5015839215,485602.9204049558
2021-07-30,438551.9717921374,512610.73349173524,486286.00318518095
2021-08-02,438668.7791591578,512719.74658782396,486383.7629997202
2021-08-03,438421.79610669776,512079.5150835195,486104.8879725738
2021-08-04,438868.5893329415,512678.71140069276,486583.42914892716
2021-08-05,438580.1039638472,512124.99376484274,486239.8100536264
2021-08-06,438567.4540168456,512000.277728759,486266.4714336487
2021-08-09,438501.39321117324,512069.0766393923,486327.46570489154
2021-08-10,438468.34023610584,511914.71410747175,486247.18275857775
2021-08-11,438456.1157819108,511648.60460380657,486178.3209642563
2021-08-12,438252.45471118344,511308.43117212714,485985.3720139695
2021-08-13,438164.64539371163,511177.29024488415,485987.9757721137
2021-08-16,437614.3368348444,510764.7397952917,485780.56745080015
2021-08-17,438552.4212920151,511193.5797596436,485933.9144821302
2021-08-18,438865.50218893844,511290.9695973168,485684.5554524891
2021-08-19,438839.93886320945,511357.64970428403,485831.7110475055
2021-08-20,439559.80664915,512114.81222096464,486711.0724607132
2021-08-23,439261.74982289824,511742.18052568275,486638.3161389155
2021-08-24,439216.9733675103,511697.9365823875,486618.3741170478
2021-08-25,439172.7271543459,511691.8980992769,486648.6970984606
2021-08-26,439323.3783654253,511730.24934432586,486672.1800851464
2021-08-27,439207.0084622719,511953.67713950214,486718.3939681498
2021-08-30,438873.373995097,511896.8825642931,486621.85990749695
2021-08-31,439001.9940400566,511911.70846878475,486650.8602957043
2021-09-01,438987.5245459961,512022.0778105287,486721.19987146236
2021-09-02,438487.62043801823,511876.91667430673,486498.98877808754
2021-09-03,438481.63580392837,512056.41145275545,486643.59687669174
2021-09-07,439135.7492566176,512359.68088414415,487087.1754740006
2021-09-08,439214.45964035054,512525.1506355513,487232.6868871526
2021-09-09,439458.16699882364,513075.2863427516,487528.65885500744
2021-09-10,439446.6048698755,514243.6612288228,487764.07004684897
2021-09-13,439829.6381845404,514189.4576028488,488152.967787361
2021-09-14,439845.3934645593,514627.16518797504,488249.02805050765
2021-09-15,440208.9922498776,514226.9177419548,488395.4886791207
2021-09-16,440209.4150904993,514346.5507440541,488416.36085181683
2021-09-17,440515.1107302084,515340.4936371674,488735.9681434284
2021-09-20,440298.4819677331,515841.82785312395,488787.9012805572
2021-09-21,440695.4794568382,515844.16676796845,488786.64046681067
2021-09-22,441313.0572635354,516100.2798450871,489249.0484852926
2021-09-23,441287.8825801906,516000.898405288,489224.35745204764
2021-09-24,441530.4628326773,516033.8708215441,489342.2073811625
2021-09-27,441764.1936276836,516073.67099920165,489394.1059632138
2021-09-28,440982.5681861633,515750.54581675184,488597.8866558035
2021-09-29,441952.9493534701,516180.1577788485,489524.4272155641
2021-09-30,442450.1134420052,516233.1156024026,489656.8863285818
2021-10-01,442496.5149215523,516268.65177501895,489805.79077624035
2021-10-04,442922.988566595,516660.90130624303,490985.33337226545
2021-10-05,442907.6546143489,516601.29166449513,490560.26249568904
2021-10-06,443055.6255660675,516737.64329363185,490512.38023103867
2021-10-07,442799.5048109949,516366.04292018735,489943.91602030565
2021-10-08,443204.7456417635,516901.0460862621,490379.12585457496
2021-10-11,443517.555527217,517420.4483413065,490878.67572227196
2021-10-12,443590.82480532967,517555.5854094829,490971.95094451
2021-10-13,443720.3298414868,517563.8661528396,491017.92419977277
2021-10-14,443428.2712418248,516665.69202193234,490664.24320246466
2021-10-15,443366.3040152884,516092.5499804788,490537.20363557915
2021-10-18,443070.4019419025,515448.350941716,490223.510055051
2021-10-19,442431.991339357,514197.04224621586,489816.75379440666
2021-10-20,441734.91208108875,512980.38002440194,489420.23331598414
2021-10-21,441085.2630245892,511978.9292116416,488996.74736182136
2021-10-22,441236.89713230764,512118.3391348482,489313.9812987684
2021-10-25,439436.0043990071,510167.6482730431,488248.5644823952
2021-10-26,439177.58077344537,509948.3985335759,488074.2346134156
2021-10-27,440566.3250730549,511419.5002389312,489069.6769372341
2021-10-28,437633.0802340588,508050.28263321234,487007.38290896104
2021-10-29,436764.0990105621,507044.10450094513,486358.18349611294
2021-11-01,435838.78262960486,505896.1404000469,485626.8601552265
2021-11-02,434376.69088249863,504350.5260888574,484430.2997735252
2021-11-03,432185.9745304743,501971.0191901696,482647.50052718923
2021-11-04,430482.26221576496,500281.55351834034,481300.7196631705
2021-11-05,428838.626500453,498778.61358535674,480126.86599873623
2021-11-08,427420.2520665938,497511.5662855832,479091.63976466097
2021-11-09,428090.64669212565,498271.321316992,479815.02956015815
2021-11-10,430811.3346672069,501113.9333011436,482258.55829585507
2021-11-11,430665.4765220359,500949.77570193773,482017.49472282146
2021-11-12,428596.1270625089,498705.23418119067,480281.0408046667
2021-11-15,427887.73518969887,498034.89928787894,479556.86782526394
2021-11-16,427226.12928941136,497084.8979025204,478704.34670636134
2021-11-17,427482.08667828975,497539.1011474318,478923.7911263143
2021-11-18,427017.84994254744,496811.63294332376,478184.4277389272
2021-11-19,427157.2666006997,497119.3640916076,478483.25350439595
2021-11-22,427304.5859620889,497434.52033909835,478778.14945930045
2021-11-23,427255.01954590157,497311.6195305116,478635.2879399848
2021-11-24,427290.84998319985,497170.84816332464,478435.54842290754
2021-11-26,427269.9454780857,498595.6550872277,479998.29392383376
2021-11-29,429852.85990391637,499480.9413778532,481710.00540696376
2021-11-30,428817.5805371001,498983.6781956965,480846.57844057697
2021-12-01,427841.79975888017,498754.3805266217,480082.1355112621
2021-12-02,429422.7064503499,499294.3455492108,481206.14374653564
2021-12-03,430061.2123688332,500317.37057493365,481951.23260655697
2021-12-06,431517.8659405125,501563.39795851614,483577.60800809856
2021-12-07,431520.80350573204,501485.79065704276,483765.0188979034
2021-12-08,431544.5768997843,501628.52311747416,484006.3962359076
2021-12-09,431704.9129048349,502228.8855963042,483953.9078337776
2021-12-10,431150.64114096225,501310.3952652698,483962.40560074314
2021-12-13,432672.69822135684,503500.2475539582,484990.0229486376
2021-12-14,433384.6927595044,504415.0866726669,485153.2193798757
2021-12-15,432165.71044022375,502769.050741068,484643.4648018298
2021-12-16,433827.8972222682,504337.82141401846,485731.0791020871
2021-12-17,435664.7695304662,506019.5025368266,487325.58653910935
2021-12-20,436053.4313563977,506350.03019014205,487692.27917081065
2021-12-21,435898.6521740585,506155.2454702535,487560.079473946
2021-12-22,435680.1191782324,505856.8159119286,487409.64526454755
2021-12-23,435298.3912663701,505300.58237836557,487344.0828314139
2021-12-27,432776.2258718102,502903.4911198078,486336.6344306336
2021-12-28,432869.0737331669,502984.2169834941,486372.61430341104
2021-12-29,432340.09643668344,502104.3552165534,486328.300159298
2021-12-30,433067.6823278117,502907.24317990977,486409.9277375466
2021-12-31,433700.21498715517,503562.0111096941,486777.7154925475
2022-01-03,431947.4852726691,501847.9616213817,486583.0903003581
2022-01-04,431979.66097771464,501875.040062205,486585.1548992547
2022-01-05,436556.2646661204,506039.0709995727,487100.27502780635
2022-01-06,436599.33449728007,506077.02926443145,487341.35705562646
2022-01-07,436819.3653058812,506213.27138905186,487899.70092414704
2022-01-10,436676.4500773182,506063.97793888726,488010.5057398896
2022-01-11,436237.9494744156,505784.18198214914,487375.59742894885
2022-01-12,435993.3947613834,505643.3499094812,487189.1251560553
2022-01-13,437192.58309126453,506118.1583741899,488962.8496792827
2022-01-14,437221.17488038813,506434.7320536581,489018.555623039
2022-01-18,438143.538516191,506368.0862951303,490733.83989555726
2022-01-19,438353.32016787585,506585.9739307358,490930.85842216917
2022-01-20,437950.90370639926,505706.1166044249,490898.2173912129
2022-01-21,437874.323945616,505193.9835088748,491142.3677237445
2022-01-24,438032.1536725398,505243.5314410002,490868.1294447951
2022-01-25,438097.704825569,505191.5672071495,491337.7507950298
2022-01-26,439497.16994451213,506805.274110468,492551.00409787596
2022-01-27,440409.2999447453,508346.10298275325,493326.32309123955
2022-01-28,441613.4573191936,509655.80277132615,494120.10389110766
2022-01-31,442230.1577135171,510221.17351636424,493824.6061584603
2022-02-01,442368.89546388935,510283.2381413037,493841.22965684574
2022-02-02,442761.06317505374,511080.39516402135,494631.4871263898
2022-02-03,443544.6447684191,511399.1040846232,494808.1503869442
2022-02-04,443475.21125388594,511362.7634745738,495282.2406891867
2022-02-07,443977.0039961174,511661.8528209519,495748.7235279171
2022-02-08,443643.4722503662,510447.5059287044,495796.64998611144
2022-02-09,443158.43628842884,508552.68265406194,496072.62069244246
2022-02-10,445515.73855315277,514737.1394164008,496023.8940685727
2022-02-11,447090.93635043077,517678.7278642143,495921.12117917545
2022-02-14,447271.2515315255,516937.1126473297,496531.0434978697
2022-02-15,447096.76932794094,516756.3345619416,496565.2073234261
2022-02-16,447423.66988161614,516798.3797851322,497098.50918753503
2022-02-17,447648.20008491044,516773.9351601774,496747.26155685185
2022-02-18,448258.75424790476,517496.1847484035,497792.83152217587
2022-02-22,448878.5701305236,518011.9920349673,498240.29869898804
2022-02-23,448243.7247274782,517407.6841254891,497999.5202419903
2022-02-24,448267.4595375648,517546.36236478144,498439.8475139915
2022-02-25,448841.2394535055,518211.29192039766,498982.1036720422
2022-02-28,449233.57343379455,518625.13033544226,499087.78554146166
2022-03-01,449779.80955938913,519174.5526864821,499700.96346113464
2022-03-02,450318.827517695,519703.56083344587,500349.5378283918
2022-03-03,450655.55226049904,519984.17315397505,500636.3878113339
2022-03-04,451411.54156686936,520833.09878535575,501191.74502523604
2022-03-07,451345.64356327575,520409.02079610294,500086.36836572335
2022-03-08,452332.54860636336,521492.82678532065,501247.50309517176
2022-03-09,451703.5001713815,520761.3143111977,501401.1210475526
2022-03-10,452588.223990942,521796.3827026576,502366.9031149795
2022-03-11,453586.0083395359,522557.8363205099,503199.7837375747
2022-03-14,453854.7602479493,522781.31344819756,503708.7820588701
2022-03-15,453981.6122125182,522314.7252187885,504029.892589005
2022-03-16,454028.3354531752,522969.32446143357,505190.72927606315
2022-03-17,452073.1943972688,521280.15551677765,505370.64724153816
2022-03-18,451855.4691864318,522465.37155733316,505758.29161827324
2022-03-21,449514.2199644223,519651.4848968182,505727.92757221276
2022-03-22,447620.9161206262,519044.7811494193,505604.65459697397
2022-03-23,451151.5682306457,520442.49474408117,506339.67393692344
2022-03-24,448481.45734752633,519593.66502918187,506061.3747649802
2022-03-25,446658.9769127328,519018.5161303495,506318.5714402216
2022-03-28,443659.3246323033,517563.2549045219,505687.45696423255
2022-03-29,441031.15263317124,516515.916096119,505224.5121794359
2022-03-30,442621.8246133598,517459.75507255865,505738.54898855806
2022-03-31,446049.6923725487,519242.7335851586,507120.7740867042
2022-04-01,445581.07099216833,519156.0377109094,507342.7593225257
2022-04-04,443950.7035293438,519062.91944961104,506238.53470423736
2022-04-05,446514.9598764224,519439.3497905545,507825.4248451605
2022-04-06,447544.64376962173,519480.2100027881,508404.64192242187
2022-04-07,447045.0846883545,519626.63743714127,508066.79339975974
2022-04-08,447208.70702047995,519902.8324468866,508500.7822926245
2022-04-11,448967.5937815885,519602.20568222995,508803.3004425543
2022-04-12,449094.97459418955,519770.7773872302,509047.99807860126
2022-04-13,448777.95435381786,520476.1187153142,508979.2285484065
2022-04-14,449838.3747159039,520964.1912409158,509700.9114940625
2022-04-18,449558.8057244299,521633.16298526875,509606.29237964714
2022-04-19,448048.6972930974,521148.8724598214,509145.575906374
2022-04-20,448151.59022427385,522057.29337061115,509148.89358669263
2022-04-21,451137.7790352685,521576.57819896727,509564.26594918396
2022-04-22,452251.29440559977,518441.16940448806,505986.14964053046
2022-04-25,452166.1422071197,519431.75928433565,507097.5993002539
2022-04-26,450086.15457799804,515899.79889252246,502978.93463618425
2022-04-27,451937.0203967143,518279.96720355505,506065.4875761881
2022-04-28,451642.46051439835,517188.593668142,503052.1011673985
2022-04-29,451492.81845097186,517165.5575665317,513613.4806380042
2022-05-02,452324.4778453298,516392.58794889983,512539.4105326667
2022-05-03,452829.83706497366,517251.3345733868,512644.19239270326
2022-05-04,453505.3378421746,515541.35663968977,512844.18346963834
2022-05-05,451371.34972447716,527513.5396827965,510101.81801218423
2022-05-06,454469.4484221769,527512.5201598052,513681.2651168591
2022-05-09,458886.08886288997,529226.8827324822,517907.2637329021
2022-05-10,459085.20316313463,529374.3815614174,518233.4344174822
2022-05-11,459643.2994717231,530652.6320278565,518623.251837878
2022-05-12,459715.32526300574,530111.190602201,518764.5926193338
2022-05-13,460044.1721724528,529085.0984635133,519169.1210234991
2022-05-16,460019.06386987725,530361.36607279,519555.37489143875
2022-05-17,459218.87806276884,530132.1214539116,519494.40988501784
2022-05-18,464318.9671204164,532353.3301730053,515699.99531301315
2022-05-19,464639.21712083364,534604.9503283139,517302.94724354247
2022-05-20,464586.3436221852,534160.2067712654,518438.9090238008
2022-05-23,462074.5867061345,531345.6389924212,515146.1196728471
2022-05-24,462521.33911506983,531775.0607709147,515590.8101107665
2022-05-25,461336.49448978924,530744.0652871381,514292.49536934437
2022-05-26,459482.9099823538,529279.7950552108,512634.26451553265
2022-05-27,459430.0369883277,528996.9974873977,513058.905747593
2022-05-31,456658.3739798752,528460.4115471067,510789.6894853915
2022-06-01,456708.280553652,528726.2042165033,510736.2675891196
2022-06-02,454539.619142094,527220.2264598315,508931.7489894695
2022-06-03,457863.1482089361,530390.5776727933,512073.6055282799
2022-06-06,456391.68223104684,529470.1653626714,510773.4292209053
2022-06-07,455094.6116141345,528899.5723745661,509645.9511802899
2022-06-08,456608.87091818155,530005.0173884819,511098.9137081875
2022-06-09,460718.75161918433,530892.6604635679,514230.75217498146
2022-06-10,462080.21287607454,528995.2641559944,514478.4487600393
2022-06-13,463905.77477543923,525733.4774116483,516350.0136403998
2022-06-14,464997.35036209645,526830.3537875344,517268.7778883865
2022-06-15,465763.950462579,527835.2327871948,517878.02753324766
2022-06-16,463598.30323407456,526893.3310080776,518936.49701230973
2022-06-17,468149.92214265175,530829.1194421486,521324.973195154
2022-06-21,464122.3663838882,526535.3418581729,517316.570416474
2022-06-22,463864.3767261531,526395.8400771611,517199.7478049459
2022-06-23,462354.1995671048,524788.4254341772,515339.3083691919
2022-06-24,459956.0009395231,521225.0481357743,510834.184129153
2022-06-27,455817.3082308406,517521.4265136568,507167.92669553705
2022-06-28,458375.37028228573,519282.7164272348,508769.0497704521
2022-06-29,458301.14750390727,519180.4473873426,508816.71084794326
2022-06-30,459262.33205892437,519895.5985757706,509270.44040021044
2022-07-01,458161.64482660696,519252.0572766616,509090.8233661846
2022-07-05,457195.6912811944,518393.5052171491,508487.493783035
2022-07-06,456626.64550161455,518243.18356614053,508306.1108747999
2022-07-07,454490.0722067482,517860.09987149545,507981.9447703595
2022-07-08,454391.47232252045,518500.98945029604,508461.9424063789
2022-07-11,456640.15517192305,518922.98183665186,508583.1346121319
2022-07-12,457326.3354065235,518083.31884247507,508073.58937950234
2022-07-13,457640.44755069836,519126.52699931356,508623.19804550754
2022-07-14,457725.36682662583,520015.42768798873,509265.60603126464
2022-07-15,457171.68460541405,520215.2113052166,509000.13686528866
2022-07-18,457911.6101016655,520535.0245736151,509694.09341262013
2022-07-19,457474.2476380915,520164.78774364875,509697.10328687937
2022-07-20,455578.6589864044,520728.5541019569,509596.48354717466
2022-07-21,452208.03055933886,520927.5902239235,509539.5545629659
2022-07-22,453881.69914897025,521308.04881614423,510523.5313461354
2022-07-25,452105.85480213433,520999.9107200658,510823.1095136719
2022-07-26,453424.0905684224,520955.35069510335,510574.94686659373
2022-07-27,451586.37837029586,520770.7643462006,510364.1898082538
2022-07-28,450052.6088700652,520762.9441686817,510750.03130696877
2022-07-29,446753.62977962196,521300.1654819711,511400.4944694626
2022-08-01,445688.4555048947,521419.6405700975,510870.59457423916
2022-08-02,446171.65415735147,522065.0446070673,509983.60516390146
2022-08-03,444637.71023780014,520944.03169840726,511145.25241673127
2022-08-04,444513.65017093404,520958.52362180495,511450.60699525906
2022-08-05,444614.1748562253,521172.5013862903,511676.9449680039
2022-08-08,444161.84077023476,520793.54808353254,511886.84495440876
2022-08-09,444318.25390313525,520909.7010767899,511769.025154019
2022-08-10,443747.5325090282,520621.9886371321,512792.3155716379
2022-08-11,443665.1703735491,520587.76849121024,512919.5779507919
2022-08-12,442015.4002011613,520204.5754343928,513579.3534430467
2022-08-15,439688.901855859,518948.62087529636,513888.9996159104
2022-08-16,439255.40020539484,518667.4966625454,514029.10637221107
2022-08-17,440274.4906956024,519269.95713822264,514115.74207323964
2022-08-18,439887.2025164275,519050.36794399,514262.6305418494
2022-08-19,441690.4079577966,520035.70908165147,514017.3647160721
2022-08-22,442878.7915396283,521086.4075623563,512397.3685878152
2022-08-23,442917.1948611096,521119.2279255068,512302.4394419426
2022-08-24,442878.73765888053,521167.13164360437,513324.13958099706
2022-08-25,442649.992561007,520785.62859511864,513245.1795388116
2022-08-26,442792.9408349809,522811.94470452657,514196.08967042493
2022-08-29,443399.2561563245,523147.5966985323,514317.5318194082
2022-08-30,443625.9119323753,523253.6065717932,514677.7748240413
2022-08-31,444167.6947247436,523520.21306307736,514857.69131459924
2022-09-01,444264.8335368521,523418.57457725203,514843.5175766556
2022-09-02,445050.4624328355,524076.8469814908,515204.445364737
2022-09-06,444847.80339211866,523902.9999899025,514806.66563264094
2022-09-07,444628.2264121553,523670.6067392812,515648.1808588303
2022-09-08,444629.2574402517,523732.2278441064,516356.0961350442
2022-09-09,444996.8137639992,524099.41391690075,516671.9759453657
2022-09-12,444162.91988110094,523452.0665274224,516770.7946081695
2022-09-13,443440.68106377625,522569.0611029287,512822.71434951434
2022-09-14,444612.113704528,523533.4743661111,513853.8399817388
2022-09-15,444827.528173487,523718.5637232348,513871.7107028961
2022-09-16,445142.2468770033,524130.5700198577,514378.69769273885
2022-09-19,444165.4440186592,523366.7289948496,514694.40644693054
2022-09-20,443860.91483430826,524012.94655388,514027.39680663985
2022-09-21,444794.4835709992,525137.1916488527,513492.16123278206
2022-09-22,445581.3283961726,525417.0213606268,514205.3290669556
2022-09-23,445662.6539921325,525770.1333995921,514976.495540876
2022-09-26,445982.639662144,525794.2150655857,514090.5592108912
2022-09-27,446897.5716364482,526236.0364319119,514807.78081887495
2022-09-28,447453.50323004933,526503.0953742805,514707.52548399975
2022-09-29,446816.90520142554,526044.909216785,514212.27387057943
2022-09-30,448619.9233206119,527235.815312604,515505.35858940706
2022-10-03,448946.5289066241,527088.7765034271,515448.9366586531
2022-10-04,448228.5122284261,527191.0067123679,515561.3723838873
2022-10-05,448566.9725342152,527508.8842995717,516002.3230422457
2022-10-06,448779.79109494045,527295.3202025685,515162.72898960725
2022-10-07,449324.5700531761,527064.2330592966,513997.88846178516
2022-10-10,449201.30876019766,527274.8607485027,514465.8280708451
2022-10-11,449026.57119458745,526862.6235662769,513918.17980733444
2022-10-12,449355.1270283407,527344.248058518,514431.3133811365
2022-10-13,449261.2067556836,527267.1554971691,514638.33125312027
2022-10-14,449595.045192011,527900.1006418843,514563.195066114
2022-10-17,449617.79619960545,527956.6378729378,514883.6021919773
2022-10-18,449317.36919801706,528290.9151233323,515498.37862063333
2022-10-19,449069.98567034054,528379.8727473431,515273.8955544016
2022-10-20,449568.84016703255,528878.7271539504,515550.4582445825
2022-10-21,448543.5442318659,528425.0450120214,515705.1723080049
2022-10-24,445782.42138891097,526932.0196027497,516108.2722246472
2022-10-25,444339.9345407727,526877.8790118003,516493.97436006845
2022-10-26,444866.045915394,527211.6288014397,517012.5121371822
2022-10-27,444885.6702262391,527125.6703202396,516516.1011409703
2022-10-28,443726.2280564442,527375.3085034991,517605.95416200726
2022-10-31,443252.480787347,527232.4344538522,517825.3371444577
2022-11-01,442965.18679631467,527246.7098405485,517795.3184937373
2022-11-02,445150.1824214339,527223.5844866713,517129.38076050265
2022-11-03,445659.0801875936,527381.757698555,517403.8913045842
2022-11-04,444757.3858624419,527412.4569709676,517522.41789380705
2022-11-07,443737.8034384034,526675.8276176627,518356.9173749781
2022-11-08,443339.42524014076,526511.8081162852,518236.80073692475
2022-11-09,444748.42303411715,526248.5623265216,517598.75955427246
2022-11-10,444465.90924401395,522551.68566970807,516579.1337250073
2022-11-11,443032.3405506138,523967.14585645887,517527.750559511
2022-11-14,443241.94273744803,524528.5968230956,517890.7624827487
2022-11-15,442193.01873716037,523981.426964947,517769.3526444672
2022-11-16,442430.12681419903,524300.0720284994,518167.6377237074
2022-11-17,441842.7460135635,524579.4446920427,518222.69166933664
2022-11-18,440841.59083737124,524173.9877499041,518539.30578388553
2022-11-21,440572.49538906314,524216.5743106226,519396.10848886205
2022-11-22,438907.0914739177,523152.0970853686,519957.6463780161
2022-11-23,437393.6947456905,522080.87082534295,520461.75626419735
2022-11-25,436890.92494144174,521938.81431511336,520587.2868521924
2022-11-28,439329.0940904067,524151.4905334365,519805.98058015644
2022-11-29,439226.6403142895,523997.63982560305,519877.0179007858
2022-11-30,439309.4864519734,524001.98265496537,520394.81324404187
2022-12-01,438402.87825395836,523709.88111271145,520632.75346444134
2022-12-02,437744.9339349746,523559.0851567198,520843.2061437508
2022-12-05,441330.660386829,526193.7578863297,520030.3751661687
2022-12-06,442067.4389794343,527091.9688876881,518654.6152787865
2022-12-07,441928.2926135523,527050.3256081613,518605.01362324244
2022-12-08,441282.7063071107,526998.2363231718,519410.02501941315
2022-12-09,442046.08746135567,527091.9740640866,519192.843462839
2022-12-12,440238.25717454596,526840.7661628004,519457.62464331335
2022-12-13,441097.8026765226,527380.7197911072,520942.61858442705
2022-12-14,441679.48478833534,527650.4657413061,521341.3217984658
2022-12-15,443613.5874295378,526903.4385999213,520360.89138746203
2022-12-16,444826.01819304226,527532.2816684879,520665.3419173567
2022-12-19,445464.6525022136,528001.4872397117,521014.12833734544
2022-12-20,445364.0307239366,527871.0485589899,521555.2918653223
2022-12-21,444717.60245327733,527045.4442674613,522268.38473889045
2022-12-22,445714.6153560885,528853.9440457792,520949.9837866097
2022-12-23,445231.1031702988,528526.2324511864,521506.991038279
2022-12-27,445267.78569448064,528383.9115544198,521904.9881862134
2022-12-28,445720.27264964924,528822.4573629395,521495.3213589883
2022-12-29,445231.0232886499,528047.4321055576,521526.2962048333
2022-12-30,445148.6335244762,528208.6184305026,521797.1190403061
2023-01-03,445051.33575546136,528250.781494379,521798.1831711837
2023-01-04,444943.0487494937,528102.8148050472,522721.8997323137
2023-01-05,444935.1141100532,528003.1918500708,522240.7164533811
2023-01-06,444768.3910176871,527879.9084977986,522857.04206986283
2023-01-09,444394.5700951205,528085.7399076605,522970.85036648635
2023-01-10,444241.8964919791,528407.9852372293,523426.824936814
2023-01-11,443956.4921856643,528393.9515082152,523481.2239104478
2023-01-12,444278.90076564666,528678.6516297666,523966.4706923013
2023-01-13,443797.37914885127,528481.3216374683,524227.2602954181
2023-01-17,443820.47629504174,528532.7358580522,524287.3384282171
2023-01-18,444907.79846532544,529209.4026149294,524048.8916817033
2023-01-19,445021.8065612613,529386.3745270774,524069.48047006794
2023-01-20,444584.5253743741,528923.3431943158,524189.529461222
2023-01-23,443755.11273464566,528063.8296618704,524165.25041917886
2023-01-24,443739.4460643822,527978.8557048268,524340.8436598121
2023-01-25,443509.49794835114,527879.2443505042,524373.7074401085
2023-01-26,442681.2726037571,527306.154481527,524579.4639771141
2023-01-27,442212.64711618924,527143.5763921143,524808.0119697958
2023-01-30,443969.2558152169,528094.8972363945,524576.7115977275
2023-01-31,443503.915721774,528011.9854442088,524816.3061029648
2023-02-01,443655.4645620188,528087.3614175188,525098.9575277767
2023-02-02,443726.76651292347,528206.6811041076,525111.5644834391
2023-02-03,444115.12890506804,528618.3263151126,525419.5390560227
2023-02-06,444357.26451040036,528851.1730631011,525543.0985429153
2023-02-07,443995.829082546,528247.161947328,525746.3331711125
2023-02-08,444494.1244456098,529366.7919170992,525591.367494759
2023-02-09,444544.75903426955,529541.895782295,525287.5800688778
2023-02-10,444743.6650003891,529705.3906979338,525689.5144124784
2023-02-13,444512.8680203993,529276.1397220568,525948.5876686726
2023-02-14,444779.52341354406,529465.1945030901,526224.762061816
2023-02-15,444861.57083050703,529556.2607984373,526324.4485646335
2023-02-16,445227.596775207,529946.1882907888,526052.1425226638
2023-02-17,445548.4550137281,530290.5651971304,526494.1978438972
2023-02-21,447252.39665686275,531514.4348107822,526086.9593998329
2023-02-22,447217.0167125563,531585.9269800378,526402.6418279461
2023-02-23,447165.9335343091,531535.9146272673,526186.2049905239
2023-02-24,447309.53310017777,531861.9928004432,527127.290091358
2023-02-27,447027.6007497103,531585.5192709585,526739.037176157
2023-02-28,447071.60400244343,531661.2094926134,527020.5089574622
2023-03-01,447128.8385845781,531763.0270434371,527264.9489243332
2023-03-02,446774.4513777267,531450.8809093019,526796.406170626
2023-03-03,446056.0664696273,530770.5487281677,525672.1645177886
2023-03-06,445250.9330605577,530246.9642861595,524919.6776884173
2023-03-07,445527.82710502733,530352.2312445291,525274.8775424918
2023-03-08,445600.3557299835,530410.1328549426,525381.6670425828
2023-03-09,444099.7002258655,528711.5069406375,523520.8507089921
2023-03-10,444920.2172595669,530037.8616545274,525053.1092908231
2023-03-13,445306.43721615174,530367.609152739,525393.6756694734
2023-03-14,445754.94583657547,530820.7248451312,524921.7663372067
2023-03-15,446093.87501323957,531003.7749841119,525219.6538111975
2023-03-16,446355.53344860516,531133.632317057,525053.132092172
2023-03-17,446757.27216132835,531711.3113063273,525963.708501544
2023-03-20,447575.5836720744,532367.541859298,526033.3305274147
2023-03-21,447591.5757161413,532343.6489205856,526067.6318543545
2023-03-22,447910.1774340965,532684.1322611806,526400.0496058839
2023-03-23,448109.5231099394,532866.0350902092,526565.475672484
2023-03-24,448422.4328244009,533077.583924719,526886.6961209974
2023-03-27,448527.44089442794,532777.9164652479,527007.1212936247
2023-03-28,448623.72092097864,532963.7693931663,527144.4256883969
2023-03-29,448486.02538737265,532158.5462809001,527178.0151113406
2023-03-30,448380.7265799062,531591.3276014314,527292.2762822736
2023-03-31,448000.9008500255,530787.3631591554,527502.7848692836
2023-04-03,446896.7504388179,529518.050542075,527649.3353538678
2023-04-04,447471.1860964476,529941.2524006988,527984.0719349692
2023-04-05,447719.97719573445,530013.2150138074,528115.4560609539
2023-04-06,447293.32425604516,529656.7463375037,528033.516338918
2023-04-10,446810.18280518695,529337.6626362043,527874.4864746546
2023-04-11,446629.25474296714,529207.559797308,527782.7886903486
2023-04-12,446752.4038729516,529288.565539958,527771.443232929
2023-04-13,446296.73114155896,529183.2712539888,527655.7690923904
2023-04-14,446489.96432506986,529390.1797379252,527915.8923511135
2023-04-17,445904.52452605544,529115.5870612202,527416.9271631952
2023-04-18,445736.6934331013,529106.7951066529,527308.5892028883
2023-04-19,445704.9569328351,529099.9949013095,527293.8203250207
2023-04-20,446414.31702874776,529272.2041947711,527607.1768884013
2023-04-21,446313.00350994914,529414.7560515287,527662.0188327096
2023-04-24,446056.2031699854,529424.6056696104,527572.550547406
2023-04-25,446304.84303529334,529261.1670042276,527435.8954563693
2023-04-26,446307.8703575467,529370.4908129579,527446.3674365801
2023-04-27,446134.964082004,529004.6128193012,527117.6784458975
2023-04-28,446030.5823558313,529100.8916086154,527298.9842904186
2023-05-01,445963.74855866766,529092.056286503,527325.6191910912
2023-05-02,445876.64588108094,529655.457020924,527250.1595863992
2023-05-03,445988.4240210292,529934.3451510564,527381.4001735338
2023-05-04,446111.1723159789,530141.4705072999,527503.2923395965
2023-05-05,446402.55178380513,530008.2033119603,527736.9688627776
2023-05-08,446468.17817560234,529891.9472891744,527652.1431509296
2023-05-09,446500.7132780873,530178.1303420821,527858.310681704
2023-05-10,446589.95565325796,529761.8407067651,527779.1608368888
2023-05-11,446682.13901826617,529905.2977284074,527850.6640621524
2023-05-12,446858.9840217933,530005.9765182552,528004.8555209541
2023-05-15,446854.3427621373,529709.2699381474,527919.830981942
2023-05-16,446900.0895924297,530004.1707500473,527970.9127256265
2023-05-17,446908.21095850586,529603.4427876906,527967.605484388
2023-05-18,446933.85887418943,529128.5075227036,527985.5601811995
2023-05-19,447165.7624552576,529103.7892415192,528108.6029439318
2023-05-22,447121.17348486086,528932.373585484,528139.29747581
2023-05-23,447202.7753985118,529724.2339133149,528142.1427162815
2023-05-24,447209.6289319052,529927.2277870941,528137.0320904572
2023-05-25,447212.772629012,529784.5792740028,528228.2237765292
2023-05-26,447459.01362856064,529592.3935221503,528474.1182949882
2023-05-30,447441.2904781775,529565.9967946715,528538.620190729
2023-05-31,447501.6896377572,529607.175238677,528608.2274690529
2023-06-01,447629.3522590471,529592.7127303864,528751.5770438411
2023-06-02,447691.15502153785,529268.9973562163,528958.7837031075
2023-06-05,447739.8711866826,529329.9698591384,529016.3574947487
2023-06-06,447585.3597511742,529011.5683882965,529038.1985377375
2023-06-07,447764.9819609945,529344.025225062,529093.6977743574
2023-06-08,447546.9005194449,528591.2809104691,529151.8590031726
2023-06-09,447477.2794703853,528324.7169129689,529241.6816857909
2023-06-12,447061.7748623926,527347.60940182,529270.1949666563
2023-06-13,446874.6962358389,526621.2843274489,529306.101791421
2023-06-14,446830.61939875135,526255.3116888481,529427.284708006
2023-06-15,446614.7463277374,525026.9848316892,529542.7322575769
2023-06-16,446912.7845567166,526419.9919982678,529669.735504576
2023-06-20,447230.1336998521,526848.0939858397,529960.1874253755
2023-06-21,447432.8539252649,527330.4430052389,530067.7864280482
2023-06-22,447297.13260479347,526823.07265581,529916.4218172833
2023-06-23,447424.21218809497,527509.2559229839,530208.848945485
2023-06-26,447441.1496820029,527954.6891619557,530436.731795537
2023-06-27,447266.8532325482,527047.6668193396,529852.0196923666
2023-06-28,447251.9566767944,526947.9485114987,529788.5688853039
2023-06-29,447160.98923734727,526467.6779233912,529466.0090502445
2023-06-30,447051.9502207405,525207.8986943599,528651.9002177978
2023-07-03,446855.2474412739,524739.4517918169,528323.8582063569
2023-07-05,446873.36909597006,524807.0772080421,528330.947096183
2023-07-06,446962.248614608,525595.0810007928,528745.3338355089
2023-07-07,447103.8523162727,525563.4038924455,528769.15851078
2023-07-10,447096.3639127889,525302.6830600032,528723.1622371984
2023-07-11,447091.97928845196,524918.5364564201,528655.0005244913
2023-07-12,447121.1537839737,524223.6308695433,528516.067086379
2023-07-13,447206.5765452068,523463.745328116,528384.16692415
2023-07-14,447272.25051544356,523043.61443226424,528279.8867130501
2023-07-17,447304.23235516844,522231.7666661105,528256.2076337078
2023-07-18,447349.8863582292,521746.3772615768,528304.3483447437
2023-07-19,447391.505601524,521343.72459611855,528343.8662689112
2023-07-20,447446.5497861362,522051.13418860326,528367.2379429637
2023-07-21,447511.8917641079,521866.34090065036,528418.6195735332
2023-07-24,447514.68710355606,521284.19743148633,528431.9151681012
2023-07-25,447516.16519577784,521110.24700714427,528448.7138565534
2023-07-26,447567.93301465514,521043.3488742473,528476.9429902352
2023-07-27,447596.25438632735,521455.52152678906,528626.3432148171
2023-07-28,447625.79255764117,521124.30351795367,528536.796424721
2023-07-31,447660.8260470768,520865.0348862426,528376.4687369037
2023-08-01,447695.84500411345,521023.673165061,528552.5274042863
2023-08-02,447564.7260767133,521648.7514526209,529146.4495593915
2023-08-03,447714.58069600235,521822.5150548802,529320.9443726685
2023-08-04,447895.36609976273,521915.12742936105,529536.309963477
2023-08-07,447818.9303159086,521505.54556090495,529365.2412119238
2023-08-08,447864.3334260224,521688.70144346805,529384.4054352669
2023-08-09,447980.4955090058,521910.5320696653,529433.5829965745
2023-08-10,448161.1846129681,522005.088411886,529601.4491855446
2023-08-11,448278.67512439063,522015.5804788706,529725.9107829795
2023-08-14,448305.2654386162,521681.27015243407,529461.5861272544
2023-08-15,448311.2498325371,522253.7534776324,529806.0734314113
2023-08-16,448398.450468317,522416.3978958487,529915.1614181863
2023-08-17,448392.483777142,522507.7985850794,530145.1371829726
2023-08-18,448612.75087877095,522514.46223021596,530116.154698404
2023-08-21,448653.27443370095,522423.29675416066,529476.4336695435
2023-08-22,448684.6971732684,522413.9919399191,529674.2161268566
2023-08-23,448772.8831049069,522432.9820488425,528856.1034725255
2023-08-24,448816.6720397643,522523.04313467536,530441.9867187785
2023-08-25,448971.27217584464,522537.0502520657,530098.9704292248
2023-08-28,449013.2401280166,521837.6953584485,529340.366314692
2023-08-29,449029.3566942808,520961.8732056902,528116.0542283944
2023-08-30,449087.1315561966,520253.3297223942,527254.7087254439
2023-08-31,449141.9702085054,520066.5545295243,527157.7308707993
2023-09-01,449160.48120436195,519141.61202592234,526481.9949253842
2023-09-05,449434.61981616524,519935.06788813975,527185.8662802724
2023-09-06,449613.7047452149,520657.1936531435,527728.207095214
2023-09-07,449707.48943200684,520846.24954817083,527883.4141197468
2023-09-08,449772.9524116695,520675.2692098145,527813.340857755
2023-09-11,449668.5886202901,520209.5148160328,527537.8926295224
2023-09-12,449654.4489279033,520494.2819815061,527703.5570660377
2023-09-13,449650.4693735071,520440.1954648213,527677.1258854228
2023-09-14,449654.8525132723,520141.80113294505,527523.1974015025
2023-09-15,449839.7087340284,520817.7559121505,528023.0689259385
2023-09-18,449801.10507560306,520713.7064372911,528001.8791894971
2023-09-19,449820.01139375404,520851.0386125741,528034.8877371113
2023-09-20,449920.3190922908,521409.78528779146,528255.3659437564
2023-09-21,449415.6310740114,521873.30254102586,528205.1438933845
2023-09-22,449911.29253333644,521903.6067045914,528346.950434046
2023-09-25,449979.12650961254,521858.07146506885,527809.4781696759
2023-09-26,449851.6829629432,521924.0038568314,529122.5403957189
2023-09-27,450062.88601391186,521926.93469972257,529111.3426208452
2023-09-28,450201.3170609708,521952.3013579587,528902.640582891
2023-09-29,450527.6176169452,521921.0554504988,528944.9128978357
2023-10-02,450623.73595737916,521914.5336150998,528905.8285832017
2023-10-03,450552.61459332006,522525.2124919332,529301.4797655001
2023-10-04,450613.2903787676,522420.0541612877,529166.7117953091
2023-10-05,450695.91364945367,522436.39067992655,529148.1281148349
2023-10-06,450965.2051484557,522204.34018717764,528991.8296762713
2023-10-09,450961.0460183627,521756.02015315765,528510.2866644338
2023-10-10,451048.7695856282,521546.27872203634,528201.4727443816
2023-10-11,451096.89185060933,521376.46017632587,527866.0258660394
2023-10-12,451172.6228642721,521574.9723407826,527896.4102319054
2023-10-13,451242.21725005517,521642.5904276869,527948.007493308
2023-10-16,451265.5759772634,521498.17918702046,527947.0558877325
2023-10-17,451378.6880836713,521578.33721202816,528131.4467247509
2023-10-18,451468.047727055,521690.7403881275,528223.8041294297
2023-10-19,451506.4182056684,521726.70107498585,528217.8396388189
2023-10-20,451862.42369448615,522091.15875244455,528563.3258621723
2023-10-23,452015.10062215384,522284.423575532,528686.0742869782
2023-10-24,452075.71436049143,522310.0820857042,528103.2284676685
2023-10-25,452111.45563703927,522525.1359037019,529558.5597474899
2023-10-26,452280.68083696405,522823.6901003929,530167.2484614773
2023-10-27,452677.5546830727,523254.78250839974,530224.7532496451
2023-10-30,452660.83334623894,522895.8287253906,529697.4339123954
2023-10-31,452705.56832947076,522862.03656284366,529514.4257128712
2023-11-01,452844.60107437166,522906.02389388066,529326.3269630461
2023-11-02,452950.2663002291,522657.07011364796,528780.5770461138
2023-11-03,452982.8976444029,522240.15025834576,528230.7332045493
2023-11-06,452738.5518468858,521505.6366100227,527570.8788221771
2023-11-07,452548.77381126315,521095.97864890785,527279.6309300526
2023-11-08,452448.9146660232,520846.68624258233,527039.0365863275
2023-11-09,453323.58907530276,521871.81967439066,527785.6261230685
2023-11-10,452303.7410192257,520625.6602987924,527088.0747462576
2023-11-13,452249.26427367714,520286.7861558575,526765.3854418845
2023-11-14,451519.6114310654,519719.4244179126,526933.9973610524
2023-11-15,450551.0468722484,518916.52401867777,526827.0236385016
2023-11-16,450135.4690410114,518551.03665862384,526805.4755140005
2023-11-17,449401.345613377,517997.7040334352,526681.1807566844
2023-11-20,447823.59408863017,516488.68606577674,525606.4441914018
2023-11-21,447902.630822771,516680.6351713869,525792.6994693361
2023-11-22,446677.4562769215,515690.5950023537,525142.8843412367
2023-11-24,445954.81423767976,515077.2239276957,524856.5305755168
2023-11-27,445978.82648980775,515165.4343533195,524967.3180432488
2023-11-28,445721.110573384,514919.86286971095,524852.9353625324
2023-11-29,445745.93515049573,514958.9567064643,524868.8108107727
2023-11-30,445036.3677669064,514181.83619766927,524735.2318123266
2023-12-01,443797.99297663174,513001.05007945874,524498.4094291928
2023-12-04,445029.1073022769,514041.39365515637,524663.7963018579
2023-12-05,444989.8465319738,514010.23961446143,524689.0824449153
2023-12-06,445350.4558077643,514748.3748668182,524762.1198170915
2023-12-07,444743.2686724579,513452.86341376055,524736.387830784
2023-12-08,444311.82357678283,512373.94553983933,524795.2747978662
2023-12-11,443629.74295582727,511294.4453587819,524761.7745923223
2023-12-12,443343.8656377053,510081.18973825,524692.1025080928
2023-12-13,442779.0196380792,507686.53852543724,524603.6117753305
2023-12-14,442182.471269022,505897.22805657977,524508.9935828464
2023-12-15,443172.872939716,508327.2155173271,524876.523411602
2023-12-18,442555.17832669034,506357.6530341446,524643.9609883091
2023-12-19,442110.6765389297,505063.98898867995,524480.6840071833
2023-12-20,443915.3150783662,510045.5293098071,525160.8473001245
2023-12-21,443550.84104098676,508805.12362703786,525008.0238855451
2023-12-22,443096.2834191078,506844.58963979385,524806.130829085
2023-12-26,442907.6860714082,505364.85856940696,524561.601310417
2023-12-27,442898.3483690508,504401.11320328206,524529.493881958
2023-12-28,442877.2387284108,503636.1918713546,524499.0222355499
2023-12-29,442945.90894865885,503235.47314260656,524619.3231811977
2024-01-02,443017.05600844766,503996.83888939704,524747.1665456687
2024-01-03,442998.93086325837,504461.03696086677,524726.8393419713
2024-01-04,443075.60446126136,504505.4033542776,524830.4678049674
2024-01-05,443184.2636509784,504310.317943236,524755.7140617004
2024-01-08,443097.1428439379,503731.76503239945,524121.90954258176
2024-01-09,443120.3183667777,503752.1509971836,524062.43433639663
2024-01-10,443141.767593023,503389.9817156632,523686.45676025335
2024-01-11,443210.45632915106,503320.14089349145,523602.96564921364
2024-01-12,443331.4146357607,503175.0418234799,523531.21008112805
2024-01-16,443350.1136834583,503605.2949899916,523767.8192282902
2024-01-17,443370.7565373841,503962.2318688726,523847.86488410906
2024-01-18,443383.78472281876,503518.73274928995,523754.214007654
2024-01-19,443482.28829529893,502619.9494719653,523589.411984169
2024-01-22,443573.6425749896,502056.17808490864,523549.2661066585
2024-01-23,443636.12669921934,501558.45924643415,523523.73695976986
2024-01-24,443637.3160737499,501236.3245460772,523503.7767783618
2024-01-25,443631.05739247776,500384.45315937686,523456.4621287768
2024-01-26,443677.45494740596,500398.48328617495,523495.95550881274
2024-01-29,443479.22408226045,498798.6765185939,523440.96794681944
2024-01-30,443438.7948003507,498637.76203940884,523441.5555659247
2024-01-31,443777.03282926977,499898.40459212085,523512.13121782243
2024-02-01,443753.054164738,499136.2991566679,523546.98159629223
2024-02-02,443852.65562316263,498858.658549146,523824.2726775454
2024-02-05,443916.90858819033,499259.6610298607,523952.6644428091
2024-02-06,443873.1331334115,498886.0813393239,523872.59428975894
2024-02-07,443808.97685240954,497871.8811529615,523639.2357029093
2024-02-08,443816.0089464787,497651.9749864037,523600.676692363
2024-02-09,443797.9316231614,496348.1196266509,523407.03332753177
2024-02-12,443773.3776177276,496240.8567739731,523392.5766816043
2024-02-13,443993.6641688397,498964.58895939327,523763.91143456596
2024-02-14,443930.22454111185,498057.9993528698,523675.06550866767
2024-02-15,443907.34747170995,497146.864878656,523633.5778041759
2024-02-16,444131.213061208,497804.94483273715,523792.18258697935
2024-02-20,444330.0952613829,498615.71011620504,523904.1754447622
2024-02-21,444366.7601569788,498528.04729962914,523925.64873454574
2024-02-22,444380.40932964126,497539.8596725401,523870.303165765
2024-02-23,444375.2519724228,497013.7600127503,523939.3439310851
2024-02-26,444479.2132293122,497451.50674329395,524060.8313615572
2024-02-27,444412.6845134453,497216.51922379027,524017.1500745761
2024-02-28,444428.4355586631,497296.3730814894,524028.24857536773
2024-02-29,444355.9807821157,496830.4948830274,524078.508246484
2024-03-01,443816.14338415593,495585.08338363084,523972.48099908384
2024-03-04,443767.7492424928,495546.2799648219,523970.41070429835
2024-03-05,444106.658324188,497011.9125038259,524311.4602843156
2024-03-06,444054.90087420144,496613.3356702035,524260.9381241376
2024-03-07,443987.6232897147,495864.3515460459,524102.7500492603
2024-03-08,444117.3852438707,496481.92429734743,524346.3492184022
2024-03-11,444125.54804686975,496459.5664996323,524357.289304546
2024-03-12,444160.8964836053,496152.9869914817,524367.4099361143
2024-03-13,444232.1027372502,496194.43316426215,524413.9376627367
2024-03-14,444305.01588404976,496283.5520202568,524491.9596981478
2024-03-15,444495.22122869507,496460.4944225391,524675.7711335516
2024-03-18,444515.2832755051,495933.38376592146,524687.3457162948
2024-03-19,444554.51121934253,495460.66176501545,524695.7876929732
2024-03-20,444562.3177066609,494707.16310434934,524700.0142278819
2024-03-21,444586.72811526316,494077.8806265107,524746.4373263193
2024-03-22,444619.98013110645,494071.71514011594,524808.8607550615
2024-03-25,444751.62215745164,494407.3773605098,524996.2263969053
2024-03-26,444820.2772810709,494569.06231416506,525029.1920590545
2024-03-27,444278.8289544512,493503.4339843327,524877.8412192267
2024-03-28,444186.9601306225,493288.47425767453,524835.319393621
2024-04-01,444208.6039323993,493410.43841682747,524854.7143435635
2024-04-02,444210.9927218068,493983.86179404584,524869.9193408085
2024-04-03,444264.97077264136,493857.1706759395,524881.3161907217
2024-04-04,443660.6605934757,494173.60487223085,524547.0452370575
2024-04-05,443904.98766214546,494070.89635097666,524865.7732532992
2024-04-08,443914.44937936176,494039.11255484517,524854.3302072815
2024-04-09,443900.14794816024,494025.68093255925,524854.2984572424
2024-04-10,444087.2125135934,494143.0344627074,524923.865515963
2024-04-11,444139.1126353545,494213.54284139286,524938.6874187018
2024-04-12,444517.4750955761,494236.0635095028,526509.3045846333
2024-04-15,444514.9543677448,494271.3404180802,526991.7812092006
2024-04-16,444803.1630769592,494642.8619569557,527099.0247172227
2024-04-17,444997.007429467,494827.5225313276,527159.2977946108
2024-04-18,445125.93460573454,494980.4830114095,527221.3362558509
2024-04-19,445276.2739139289,495451.03979845915,527654.4036615094
2024-04-22,445432.8932744774,494437.3663363827,526833.4710134324
2024-04-23,445486.2606253616,493715.3935040935,526008.3631425898
2024-04-24,445493.0954848827,493534.4930791412,525863.889793924
2024-04-25,445559.58199953847,494021.0426853948,526267.2028041868
2024-04-26,445761.82478537015,493353.3596068793,525920.7065617689
2024-04-29,445737.8327474509,492518.7615720217,525424.2896791721
2024-04-30,445837.4283351759,493153.3545130197,525534.879966972
2024-05-01,446014.6820861376,493505.31969898095,525727.4519252906
2024-05-02,445965.30916456843,492991.10933542525,525289.507088885
2024-05-03,446167.83389591135,492907.02377728693,524971.2939982691
2024-05-06,445505.3579517009,491663.56461554294,523706.68679344514
2024-05-07,444869.20647469995,491225.2145854222,523226.7709664635
2024-05-08,444540.44655500224,491001.55363244726,522889.64984423947
2024-05-09,443085.66059957497,489840.1747046118,521777.22613911924
2024-05-10,442368.44224669324,489315.932429248,521131.91951497074
2024-05-13,441714.31880246394,488871.67040796357,520577.0358453245
2024-05-14,440868.09713079256,488160.15975074633,520141.52846897324
2024-05-15,439149.8548995874,486487.7915566321,519618.9200424643
2024-05-16,439577.15746436856,486807.6416292611,519845.53468107
2024-05-17,439057.8643564444,486111.8945930227,519514.3062263988
2024-05-20,438368.90606853226,485654.8737236646,519051.9157384343
2024-05-21,437662.82360768993,484944.5329407388,518432.76964480634
2024-05-22,438233.69906511554,485709.2942433656,519099.5299291507
2024-05-23,439655.6130517695,487550.02830843016,520589.35705694
2024-05-24,438870.21763758746,486401.38225557585,519716.69166306965
2024-05-28,438603.79851025314,486082.02397272445,519448.0341713099
2024-05-29,438910.86173829314,486820.77083143126,519952.8536634733
2024-05-30,439021.61042411026,487160.325936579,520173.98855352186
2024-05-31,438636.5270252834,486484.3440619111,519674.7507947461
2024-06-03,438457.7954705193,486295.28793481865,519522.49220542517
2024-06-04,438308.5710907187,486139.94539625535,519401.95499281696
2024-06-05,437978.0851718782,484813.8789459632,518784.48981961294
2024-06-06,437850.8892317384,484711.16760732804,518671.36549947486
2024-06-07,437875.3680601723,484710.44316420855,518637.7652155561
2024-06-10,437195.699756894,483758.72117579036,517975.6296682997
2024-06-11,436861.99682973063,483103.41802307917,517693.8854138886
2024-06-12,436236.6326830915,480587.7626536035,516847.18179046415
2024-06-13,435867.2961617954,479545.47825532727,516432.66758926935
2024-06-14,435715.7591594051,479061.0074506545,516190.67959450313
2024-06-17,434372.06090538314,476342.3002051102,514682.6186513814
2024-06-18,433533.38101293467,474999.0393816633,513857.2870562671
2024-06-20,434077.9944083878,475598.28659926984,514281.03591134987
2024-06-21,435001.29271856515,477050.0727346817,515173.6374086698
2024-06-24,435044.92432170233,477714.13448935305,515405.64910216857
2024-06-25,434980.33800863184,476857.98054174014,515092.93017843243
2024-06-26,434907.7833896071,476450.8177939459,514922.057577621
2024-06-27,434905.1168048521,476052.8753198184,514791.10652146215
2024-06-28,434747.2077631819,476063.64349081065,514693.981028247
2024-07-01,434689.99484985357,475614.9855486979,514405.21849342104
2024-07-02,434477.3491485174,474531.5962549509,513685.65238242707
2024-07-03,434223.4003013791,473621.0590021751,513041.7600680968
2024-07-05,433772.88787363603,472180.66662847315,511859.6217960564
2024-07-08,433266.2282450895,471589.319459573,511218.9528299799
2024-07-09,432769.8616631534,471241.5791580125,510863.58930145844
2024-07-10,432965.62705825013,470280.4804905772,510664.19240325456
2024-07-11,433896.53910056077,472260.0666569532,511783.14915141324
2024-07-12,433680.46837207023,470975.01755745366,511251.73914669873
2024-07-15,433111.02786749665,470377.7631091728,510797.88806600583
2024-07-16,432985.134620806,469207.175220449,510636.9045722939
2024-07-17,433305.1911723387,472895.5858903801,511134.92523351015
2024-07-18,433227.6734754847,473610.42261929304,511141.57330897095
2024-07-19,433391.8659256303,473685.8433154978,511251.1789809732
2024-07-22,433341.1306073679,472797.67518314463,511029.92534360447
2024-07-23,433416.57819731947,472884.65192204283,511090.3291017941
2024-07-24,432786.87859200034,475120.3943673836,510949.70186556294
2024-07-25,432714.30025496637,475155.31959565217,510931.14401865157
2024-07-26,432945.26571008516,474957.2230159331,510789.210214771
2024-07-29,433012.81685954257,474627.7334441849,510558.6094039475
2024-07-30,433036.50957221765,474955.8567532502,510651.26004568633
2024-07-31,433188.8167776095,474005.25116435107,510475.54464413814
2024-08-01,433021.40588411933,475540.86500622216,510849.782047754
2024-08-02,432776.33845550544,476307.73618918424,510932.9123628225
2024-08-05,425568.33176260773,472793.7483412212,506070.00663003174
2024-08-06,429830.10515031684,475191.75978984043,509267.55506132834
2024-08-07,430426.34243600874,475617.59819265985,509815.2171092326
2024-08-08,430152.7167954236,475025.0728032341,509785.93888790417
2024-08-09,431282.7268124188,475194.08642819687,509724.16176970646
2024-08-12,431110.2970586196,474889.45936243376,509423.8930541859
2024-08-13,430365.4658051744,472951.45337147824,508340.72637250327
2024-08-14,429820.3852255109,471827.21017303725,507839.4933071947
2024-08-15,428361.8887152019,468915.1639265456,506681.20134337794
2024-08-16,427470.93012850475,467510.55764809204,505754.4806751353
2024-08-19,425719.204051486,466056.94380880916,504209.9539584805
2024-08-20,426427.7099133231,466811.24957555346,504656.90833903773
2024-08-21,425504.772751688,465893.7151325548,503766.5592396737
2024-08-22,426426.23030427046,466880.6828247396,505461.9070237303
2024-08-23,424955.7369438893,465213.82442202925,504046.07122860185
2024-08-26,425207.48811940383,465443.1984460668,504316.8359985829
2024-08-27,424742.7811516016,465037.2923609264,504069.5647787817
2024-08-28,425849.9902068288,465995.40108718886,504306.8536164973
2024-08-29,425783.4523478942,465944.95842229965,504260.00600318616
2024-08-30,424038.64728495094,464791.0850781689,503968.26986106124
2024-09-03,429646.74525541783,468797.06542847794,504913.2899548891
2024-09-04,429521.43369837775,468711.59115763026,504728.80984342686
2024-09-05,429576.09036960837,468636.1454613054,504955.5943389178
2024-09-06,431690.6661640856,470075.4483270594,505795.8534871014
2024-09-09,430785.07266073936,469465.5423980041,505408.52997765783
2024-09-10,430389.74621560687,469298.6862301866,505214.2335635408
2024-09-11,429418.64088892785,468863.955172704,504672.78312698053
2024-09-12,428335.37967757654,468401.97022663965,504092.9532132025
2024-09-13,427409.3766209136,468042.0871471582,503807.4427651854
2024-09-16,426652.0429984303,467603.9818957998,503424.71245470986
2024-09-17,426581.41226193117,467558.46346355905,503399.66264673433
2024-09-18,427270.79436514876,468040.8568846479,503501.58674747555
2024-09-19,422878.0251470732,464956.7863571745,503370.49970522453
2024-09-20,424503.567803302,466484.9116399977,503772.6507128572
2024-09-23,423232.4687931882,465454.0389380293,503727.7352016925
2024-09-24,422044.9239846455,464461.89135555236,503654.8228455724
2024-09-25,422584.00871859066,464967.6385795804,503684.2324699907
2024-09-26,421111.5823704819,463722.13034519984,503684.09937463014
2024-09-27,421349.9793853117,463966.88554295123,503822.4599685978
2024-09-30,419271.08478966524,462184.2700680514,503813.58873131993
2024-10-01,419591.62150120037,462477.7695529997,503725.3206021514
2024-10-02,419647.2084029287,462617.7178954255,503863.11586564285
2024-10-03,419632.57187167427,462620.0231320082,503912.3581732945
2024-10-04,419799.83758328157,462875.52297434263,504179.2655330067
2024-10-07,420030.70497446065,462957.27264302544,504272.99262849323
2024-10-08,420090.1462614918,463082.95236144366,504402.36790220725
2024-10-09,420102.66763347527,463164.7231940281,504485.4145581538
2024-10-10,420312.8060629295,463355.84398220264,504684.75650611427
2024-10-11,420446.70116551133,463541.5727626557,504930.4045447781
2024-10-14,420320.9388195924,463547.3825916378,505009.1091284353
2024-10-15,420589.0479268484,463569.00455419376,505028.5075764538
2024-10-16,420612.5105572633,463642.6299840083,505105.22184562025
2024-10-17,420695.24800398864,463746.4103310311,505213.1062645431
2024-10-18,420773.799002777,463730.151112303,505354.0886752147
2024-10-21,420877.4733936517,463919.467584925,505447.8949639861
2024-10-22,420919.7193187458,463930.5498589381,505465.1115415092
2024-10-23,420762.25928496703,464391.9833236109,505440.45814193453
2024-10-24,420873.2093606882,464359.12845067406,505508.6510109251
2024-10-25,420859.62093771657,464422.8577479689,505657.3157350084
2024-10-28,420987.286964802,464380.4871573049,505785.6186508646
2024-10-29,421039.9591102579,464448.5636655476,505877.0270263467
2024-10-30,420952.67528228665,464504.36467300483,505768.6063966443
2024-10-31,419883.51521286607,463304.4069795629,504787.63276464865
2024-11-01,420381.26347355056,463251.857857954,505244.98240282387
2024-11-04,420648.75253085064,462849.98935202183,505604.7432321047
2024-11-05,421324.49306625396,462014.0311271265,506116.65819834155
2024-11-06,421864.82800220355,460186.9987640036,506639.141567033
2024-11-07,421986.89284317626,459857.6465064883,506831.4077168985
2024-11-08,422481.21306386235,459143.62048731546,507233.7631580189
2024-11-11,422471.58331474685,458414.42905613175,507261.28603936714
2024-11-12,422516.1625083155,458460.3111971485,507299.6222100122
2024-11-13,422521.7141867363,457675.93735483894,507329.66823514766
2024-11-14,422724.0364592337,456019.4019928976,507391.61456818826
2024-11-15,423082.00997740135,458610.9090706765,507469.8765690711
2024-11-18,422963.6685106702,457258.16727016994,507430.7326742311
2024-11-19,422917.4489392998,457501.8787691035,507440.4177198238
2024-11-20,423097.7244159585,457440.6979168591,507629.04259902233
2024-11-21,423199.38271886774,456471.95728016825,507846.1192804823
2024-11-22,423177.4783337606,454698.7419911147,508039.2243113545
2024-11-25,422515.86217157973,453936.26102885464,508130.5886410888
2024-11-26,421662.4357759537,453638.5856437016,508171.3549731247
2024-11-27,422182.0286039855,452478.2917236959,508270.45015803515
2024-11-29,420822.4759196751,452062.3680159817,508314.27746736654
2024-12-02,420069.49753853166,451917.49075287604,508193.31815551093
2024-12-03,419796.4235476878,451551.4865822011,508188.7879812956
2024-12-04,418507.7061936646,450326.88942115253,508075.43840698013
2024-12-05,418775.9735539061,450433.65558793966,508143.3384064939
2024-12-06,418298.0544095986,449956.56845676963,508172.6471824328
2024-12-09,419321.1877467272,450824.4921681696,508419.4549465382
2024-12-10,419405.94150243036,451223.759320628,508507.65799381235
2024-12-11,419221.8449316187,449461.0403221559,508481.70087613864
2024-12-12,419378.4502976526,451082.94781885546,508596.82940783224
2024-12-13,419392.1673042172,450491.1109891668,508699.8077500989
2024-12-16,419248.21841070685,449108.0955090814,508632.0691674954
2024-12-17,419276.07373045344,450449.90826464584,508739.5767509166
2024-12-18,417365.83480965934,460100.7236008986,505164.123544072
2024-12-19,420281.2258124985,458409.3346582985,508936.6293380846
2024-12-20,420895.2391106036,457828.6035128248,509839.99952055805
2024-12-23,421231.9964679951,457117.0145912733,510387.2598511383
2024-12-24,421162.39985230716,455914.25705183076,510255.2330889299
2024-12-26,421114.46753101464,455680.8584681696,510276.26435238234
2024-12-27,421563.0405467109,457169.51335623884,510734.7134798369
2024-12-30,422592.4799482506,458757.2381842864,510903.2185444301
2024-12-31,422839.80219558155,458545.37353636516,511071.4141837762
2025-01-02,422928.61510482244,458755.72870066774,511271.4545106169
2025-01-03,422571.0453417303,457640.1032541512,510606.1217816579
2025-01-06,422006.49825208914,456592.7723911287,509689.95541198086
2025-01-07,422624.3657053605,458169.4657012118,510906.649372395
2025-01-08,422652.13821557804,457974.67742638977,510836.03056393616
2025-01-10,422945.53650344006,459527.7318215356,511252.9495920705
2025-01-13,423121.7476600711,459473.7897451666,511448.5949008245
2025-01-14,423196.791521804,459425.5975927423,511546.50156742963
2025-01-15,423177.5178317158,459180.3771811224,511438.53864006716
2025-01-16,423249.12233188027,459277.7191738496,511538.11306389415
2025-01-17,423030.77825149935,458824.20456322987,511405.49087428546
2025-01-21,420908.6109640383,456637.6841108621,509696.2993640471
2025-01-22,419473.18891203706,455306.13509507576,508623.9426418062
2025-01-23,417647.9130989714,453585.9165674492,507220.4397192799
2025-01-24,418335.62821776746,454316.32901045406,507878.02496273885
2025-01-27,422929.9638142165,459378.6376468572,512256.447989465
2025-01-28,422670.25231355906,458998.5201833606,511987.4654389968
2025-01-29,422619.9973781989,459105.69816004654,511997.2551482093
2025-01-30,422432.41111188603,458946.96766261145,512012.1662960085
2025-01-31,422830.13959397946,459198.64901921287,512332.0534901185
2025-02-03,423807.9170953868,460062.3929539303,512317.1641335477
2025-02-04,423232.7424805659,459609.9735033911,512293.56508603017
2025-02-05,422831.7489331936,459226.6625945434,512253.8753139621
2025-02-06,422477.19067853445,458876.0723170039,512337.8350163507
2025-02-07,423329.18545731995,459811.65156744845,513011.11256454454
2025-02-10,422860.89285640046,459351.50016142154,512233.2236145572
2025-02-11,422757.377582888,459272.22179510776,512164.3358911124
2025-02-12,422849.0765610332,459389.1851007386,512442.5842125324
2025-02-13,422403.97838554543,459048.7390572128,511578.1981528553
2025-02-14,422322.36019236495,459032.7550299437,511479.67323956586
2025-02-18,421399.827085635,458287.86544929305,510705.1663095469
2025-02-19,420798.74679121765,457831.29887482617,510235.15628649085
2025-02-20,421723.32499832974,458645.00806829205,510898.3832749943
2025-02-21,424632.0718634287,460838.65067577356,512701.65671023994
2025-02-24,424664.06222685304,460949.4882970885,512795.20935066836
2025-02-25,424656.9031667664,460953.81273940805,512825.3000212966
2025-02-26,424666.482855353,461018.7785397817,512877.79312211677
2025-02-27,424735.40327278944,461109.3551886524,512975.7865330621
2025-02-28,424866.2724675529,461180.7743463456,512846.2260522941
2025-03-03,424559.11945345765,460924.9724823043,516018.8874890094
2025-03-04,424353.7580364943,460799.2905667002,516433.1737828506
2025-03-05,424864.3146407839,461205.97083743307,516288.63627889
2025-03-06,424484.69407648995,460966.66247881594,516646.516419503
2025-03-07,425360.06156493386,461658.09439870855,516560.24629238364
2025-03-10,422395.40275514696,459554.4107863669,518291.2102382844
2025-03-11,423530.7120677588,460752.9701416008,518339.83093430276
2025-03-12,425599.2490043691,462370.2316257594,518320.70850105374
2025-03-13,426623.3152704983,463868.7699904952,518745.9951009561
2025-03-14,425112.48271858855,461697.8194939288,517390.6520437882
2025-03-17,425055.5157553398,460102.5033131669,515570.1245493958
2025-03-18,425332.51396172814,460727.8751631554,516995.03301239025
2025-03-19,425316.65475556994,460412.099588512,516299.96180723445
2025-03-20,425500.7665430987,460500.4842216771,516574.21088883566
2025-03-21,425772.54773359577,460861.55793908495,516884.12352211477
2025-03-24,424204.75099466473,458855.16453058284,515367.54814737925
2025-03-25,423046.25629294344,457874.59124334075,514650.6124542228
2025-03-26,425725.10826310207,460360.35374589614,515915.01989768475
2025-03-27,425786.3837298922,460539.21222418715,515945.04919172433
2025-03-28,426939.52177684376,461705.07358716463,516204.67880367895
2025-03-31,426710.89156570623,461523.6868781894,516223.9868870563
2025-04-01,426627.43925080576,461460.94557323394,516328.8858950346
2025-04-02,426748.297752304,461563.58326334733,516543.4752616165
2025-04-03,421254.48392675054,455981.06690445653,509779.58631178795
2025-04-04,417549.6506759455,451624.15437654825,506486.1369597509
2025-04-07,422384.41340109636,456361.4916440153,512089.941429852
2025-04-08,424250.2854793762,458405.9124554558,512890.10397172766
2025-04-09,409768.5760174251,454010.67675454484,507077.6811978448
2025-04-10,404460.4215590359,453519.59766078513,506343.7651180238
2025-04-11,404946.3224203224,454032.94750640553,508036.31857913506
2025-04-14,400204.8262380024,449146.13479900785,510658.80709914246
2025-04-15,400046.74519131944,448996.116870893,512765.9873113434
2025-04-16,405088.9979946646,454648.3852561091,512876.84963524475
2025-04-17,404499.0350837058,454097.77553015924,513554.48362372955
2025-04-21,407683.8644522361,458627.67709265876,516701.72202358727
2025-04-22,405628.3169954549,455874.96882755763,516533.83307297254
2025-04-23,403347.1735749002,453161.2686805911,516545.8029752299
2025-04-24,401337.43573023356,451132.23041059624,516774.09652153496
2025-04-25,398653.15139796486,447667.94067871704,517125.1917140874
2025-04-28,396738.14118927583,445585.2784350115,516730.3885501517
2025-04-29,395379.8454057006,444161.0102136595,516566.79221916525
2025-04-30,395644.5891300746,443941.0954427266,516607.34860726364
2025-05-01,393308.89684122853,442615.9621646038,516789.5020793705
2025-05-02,390381.0375138313,440035.4122502512,517156.4063145434
2025-05-05,390992.30662339996,441142.49633644626,517567.4541215065
2025-05-06,392753.1866306585,441885.0523754208,517628.4494714555
2025-05-07,391817.1383334928,441586.8115382608,517891.678350021
2025-05-08,390191.4463750873,441281.144722985,518113.28083907795
2025-05-09,390154.8799919435,441317.44318111043,518392.12737110927
2025-05-12,383764.664263055,440018.3437503756,518317.32051709585
2025-05-13,381827.31436612085,439050.8910206837,518479.92013359437
2025-05-14,380905.76356575964,438511.5799807552,518586.3196398909
2025-05-15,379403.2956740905,437172.68593453383,518752.6228878703
2025-05-16,378007.3994497023,435837.4849692077,519021.9638270739
2025-05-19,377273.48469412985,434723.783052512,519068.70070304326
2025-05-20,378293.61685588985,434120.6197960392,519109.35206015536
2025-05-21,383243.6047196231,437176.4676088499,518678.53997085185
2025-05-22,383018.60931545205,437145.0527864559,518967.8832771587
2025-05-23,384356.17367721425,437417.1147815436,519195.4857727213
2025-05-27,380921.58213819546,436395.1429828603,518884.9749201061
2025-05-28,381668.19656822813,436585.61789783835,518987.2510852566
2025-05-29,381290.2134474695,436463.4811306718,519237.17112285824
2025-05-30,381278.8988731306,436461.42474630714,519877.4210023842
2025-06-02,380191.00928623765,435488.6569405791,519953.8749617666
2025-06-03,379370.87593591516,434787.3480724152,520022.89824723976
2025-06-04,379305.8471265384,434750.71006301884,520108.65509270964
2025-06-05,380055.4552012875,435223.7580713152,520134.08510270086
2025-06-06,378892.3387769504,434561.445906649,520449.58476402523
2025-06-09,378521.1916255049,434268.13906581537,520482.64786115143
2025-06-10,378146.35249694803,433946.05431348574,520511.75850106217
2025-06-11,378218.3985749559,434014.0625356788,520560.5223504133
2025-06-12,378049.4298782952,433904.88893367804,520674.03007079306
2025-06-13,378579.7894256885,434253.6097838378,520757.85290536634
2025-06-16,378455.6835089742,434235.0961709851,520888.62007767195
2025-06-17,378568.4033472042,434255.07332604483,520885.66613793944
2025-06-18,378955.0747367977,434755.0561944804,521449.1891267995
2025-06-20,379293.31748773693,435015.8193933142,521716.60078188044
2025-06-23,379270.2779428818,435270.3499366766,522125.6556100855
2025-06-24,379007.63233871246,435336.114107579,522185.10259419825
2025-06-25,378962.1512576735,435429.031295656,522297.4797113515
2025-06-26,378287.6625817603,435408.87872672884,522321.86171513825
2025-06-27,377536.3882736991,435453.93004731624,522569.3195681392
2025-06-30,375965.2146577556,434388.9409051178,522562.97333311505
2025-07-01,375474.6307912009,434281.42939949257,522629.2698882773
2025-07-02,374271.7502726434,433339.2356771525,522678.8070121913
2025-07-03,372305.7164099774,431528.34991854784,522856.0176282115
2025-07-07,374739.6728680927,434090.42250488175,522930.98276478256
2025-07-08,374601.23366313765,434037.3891423685,522985.6088120622
2025-07-09,374265.28401558724,433542.2832093858,523059.30138522916
2025-07-10,373963.01117285655,433279.73718615243,523143.63052205817
2025-07-11,374412.60763345286,433577.8903007971,523271.04436546366
2025-07-14,374044.9965051586,433290.17377487116,523253.2391195636
2025-07-15,374023.6962193865,433331.934788232,523397.8681242991
2025-07-16,373921.10187342536,433284.06772442773,523325.76793357293
2025-07-17,373701.8952580167,433230.86132614105,523008.94511701877
2025-07-18,373789.20371173637,433230.3374666264,523071.6606534313
2025-07-21,373443.1730178412,432827.1695129403,522513.9087389609
2025-07-22,373385.8215748382,432782.0515077455,522413.22603284987
2025-07-23,373116.24938810105,432085.2099940728,521553.2839505139
2025-07-24,373030.9654134964,431960.92344801896,521439.9724262246
2025-07-25,372602.0808882081,431329.6495408311,520674.1870779535
2025-07-28,372298.7516954091,431133.2370517374,520360.2073176957
2025-07-29,372156.6683461097,431154.26599837333,520215.0652960788
2025-07-30,372204.10172681254,431210.71387231344,520246.55435415363
2025-07-31,372471.47504374734,431391.1760007049,520383.0312748651
2025-08-01,372776.66375816806,431776.6339062593,520596.2810659878
2025-08-04,373023.09240085544,431921.47478554683,520822.3068580207
2025-08-05,373120.83528785355,431979.0783488686,521011.7954382224
2025-08-06,373136.632350993,431981.46659384266,521022.52854361257
2025-08-07,373235.6146702336,432009.6979114864,521135.1543447502
2025-08-08,373295.91683769657,431485.7623137502,521358.3487219708
2025-08-11,373152.6219500076,431803.5837172179,521298.76883140864
2025-08-12,373041.91424735513,429328.1603147777,521400.3866501537
2025-08-13,372841.6980222615,428044.9115132872,521476.80621428497
2025-08-14,372774.3679310989,427877.9288498598,521576.91918012046
2025-08-15,373108.19488168415,428665.2627054809,521785.39342987107
2025-08-18,372967.85868487123,428463.9204107532,521885.85660755495
2025-08-19,373065.03885198897,428829.0287433135,521931.9976360401
2025-08-20,373053.834274334,428813.53917720687,521978.85398460284
2025-08-21,373004.8116695052,428758.1572696242,522074.43395900645
2025-08-22,372804.3421102829,428773.6502524215,521713.67560332466
2025-08-25,373247.20353180316,429360.17701925326,522149.6095404461
2025-08-26,372933.4666904393,428994.3149322163,521907.52598496655
2025-08-27,372681.05434814043,428727.05382212397,521739.49444176606
2025-08-28,372126.5176839094,428264.77935135714,521443.410234498
2025-08-29,373424.8976928149,429280.77126703586,522359.2584773213
2025-09-02,374191.5614660366,429894.08966827666,522764.1546037873
2025-09-03,374048.77622955095,429782.15239084244,522674.5841699189
2025-09-04,373933.93569805624,429665.1249256127,522656.6331634587
2025-09-05,374165.54054603475,429841.1418066815,522873.1642711935
2025-09-08,373975.9669963523,429737.6969905907,522873.6294596767
2025-09-09,373844.9447414087,429675.5495559821,522888.86990761344
2025-09-10,373658.5406489735,429636.6885443558,522940.8035328123
2025-09-11,372854.52489288617,429434.3906674533,523029.8809764765
2025-09-12,372759.3892935819,429526.3213584159,523219.02230120887
2025-09-15,371151.3928779609,429029.2073976004,523262.5488527787
2025-09-16,371305.7824884528,429262.2915361432,523414.0360717561
2025-09-17,371306.16692454997,429403.75601287733,523570.8236335775
2025-09-18,370485.17101071385,428851.05032109283,523803.94303230394
2025-09-19,369990.8237115564,428512.92945060926,524053.02153245336
2025-09-22,368598.88293240266,427499.6942751432,524071.34446382406
2025-09-23,369081.6142818661,428406.0803420219,524200.71381495113
2025-09-24,369141.31425604364,428658.18035521207,524293.398496879
2025-09-25,369289.3697460593,428873.46183659864,524353.5002796077
2025-09-26,369304.49130017584,428785.32216477144,524484.9709599147
2025-09-29,369112.89909056836,428573.8048971484,524490.3784534732
2025-09-30,368901.6307959149,428397.20416224335,524572.3316552932
2025-10-01,368582.277908105,428322.4628934558,524649.3303656494
2025-10-02,368384.68294630724,428305.97266472795,524800.4300250793
2025-10-03,368330.9393384373,428338.92693529674,524992.7033745775
2025-10-06,366965.25775576103,427578.17138127226,525052.152549553
2025-10-07,367198.81371230603,428304.42653904576,525136.411701879
2025-10-08,366931.03743398894,427351.81848064193,525201.8589493744
2025-10-09,367136.1215892221,427908.0423428688,525398.9354605406
2025-10-10,367582.77527045837,431056.19859595015,525277.7971033844
2025-10-13,367710.8488847892,430941.5607165807,525483.2443188751
2025-10-14,367819.3052241708,430898.9136064578,525821.840004208
2025-10-15,367794.55231677316,430932.8648882032,526090.594877637
2025-10-16,368219.51209878176,431028.3341822975,526151.1043845364
2025-10-17,368318.75986890064,431310.7023619914,526593.7479839703
2025-10-20,367970.93678744615,430849.759154262,526688.7305759378
2025-10-21,367972.04283608694,430876.5141125468,526786.8577055206
2025-10-22,368263.69813281787,431400.40808040416,526929.6577783951
2025-10-23,368122.8809697664,431112.638602206,527141.5596273547
2025-10-24,367434.94642031164,430346.24956311396,527322.9267150096
2025-10-27,366664.609731578,428590.9975684868,527364.211000265
2025-10-28,365997.6235342707,427924.82794793654,527504.460257255
2025-10-29,365258.5784842984,427421.2408980902,527617.4593863995
2025-10-30,366901.46155711106,429483.87868771655,527822.3564972503
2025-10-31,366763.46641063335,429216.18556,527990.1961772507
2025-11-03,366402.22250190657,428894.2316536582,528014.5284375047
2025-11-04,366209.9825583258,429110.8577465564,528125.639113941
2025-11-05,366140.4277369028,429034.15304217796,528162.1118244241
2025-11-06,366425.6283116625,429128.00590413983,528573.4283545875
2025-11-07,366591.2010701445,429252.33614930295,528788.9724145192
2025-11-10,366442.5327550061,429065.9466149548,528703.6268990451
2025-11-11,366297.29849637003,429015.2139508981,528763.0390188101
2025-11-12,366231.1617305658,429003.9169831455,528801.4013061781
2025-11-13,367924.96045992244,430111.64297282184,528633.3346819701
2025-11-14,368109.78499675577,430310.0798111111,528953.9012709882
2025-11-17,368040.7222673561,430268.42570582055,528863.497062924
2025-11-18,368084.0113974911,430373.8171587909,528868.5454468966
2025-11-19,368317.0847503012,430748.99101387965,529625.1870879281
2025-11-20,369154.84943725844,431382.1114407148,529962.1855624194
2025-11-21,369324.7822477551,431743.2368503882,530555.917901775
2025-11-24,368976.60357985453,431491.6372204911,530313.872406338
2025-11-25,368602.97408302064,431348.1774730195,530350.7722281903
