date,event,position_key,entry_price,exit_price,quantity,pnl
2020-02-24,early_exit,SPY_325P_20200320,1.73,8.8,4,2828.0
2020-02-25,early_exit,SPY_322P_20200320,1.4049999999999998,12.815000000000001,4,4564.000000000001
2020-02-25,early_exit,SPY_323P_20200320,1.505,13.440000000000001,4,4774.000000000001
2020-02-25,early_exit,SPY_324P_20200320,1.61,14.09,4,4992.0
2020-03-03,early_exit,SPY_308P_20200325,4.0600000000000005,14.32,4,4104.0
2020-03-03,early_exit,SPY_309P_20200325,4.26,14.844999999999999,4,4234.0
2020-03-03,early_exit,SPY_310P_20200325,4.475,15.395,4,4368.0
2020-03-03,early_exit,SPY_311P_20200325,4.6899999999999995,15.79,4,4440.0
2020-03-03,early_exit,SPY_312P_20200325,4.93,16.560000000000002,4,4652.000000000001
2020-03-09,early_exit,SPY_296P_20200327,4.32,25.4,4,8432.0
2020-03-09,early_exit,SPY_297P_20200327,4.545,26.085,4,8616.0
2020-03-09,early_exit,SPY_298P_20200327,4.725,26.445,8,17376.0
2020-03-09,early_exit,SPY_298P_20200403,6.1,27.72,4,8647.999999999998
2020-03-12,early_exit,SPY_270P_20200408,13.92,31.665,4,7097.999999999999
2020-03-12,early_exit,SPY_271P_20200408,14.315000000000001,32.25,4,7173.999999999999
2020-03-12,early_exit,SPY_272P_20200408,14.7,32.85,4,7260.000000000001
2020-03-12,early_exit,SPY_273P_20200408,15.100000000000001,33.459999999999994,4,7343.999999999997
2020-03-12,early_exit,SPY_274P_20200409,10.2,34.32,4,9648.0
2020-03-12,early_exit,SPY_275P_20200409,10.5,34.94,4,9776.0
2020-03-12,early_exit,SPY_276P_20200409,10.82,35.575,4,9902.000000000002
2020-03-18,early_exit,SPY_265P_20200408,12.094999999999999,30.619999999999997,4,7409.999999999999
2020-03-20,early_exit,SPY_230P_20200415,16.875,15.030000000000001,4,-737.9999999999995
2020-03-20,early_exit,SPY_251C_20200415,15.875,4.71,4,-4466.0
2020-03-20,early_exit,SPY_250C_20200415,16.380000000000003,5.035,4,-4538.000000000001
2020-03-20,early_exit,SPY_249C_20200415,16.89,5.375,4,-4606.0
2020-03-20,early_exit,SPY_235P_20200415,18.845,17.295,4,-619.9999999999989
2020-03-20,early_exit,SPY_230P_20200417,16.29,15.55,4,-295.9999999999994
2020-03-23,early_exit,SPY_228P_20200417,15.58,16.130000000000003,4,220.000000000001
2020-03-23,early_exit,SPY_229P_20200417,15.934999999999999,16.630000000000003,4,278.00000000000153
2020-04-02,early_exit,SPY_249P_20200429,10.5,11.44,4,375.9999999999998
2020-04-02,early_exit,SPY_250P_20200429,10.79,11.805,4,406.0000000000002
2020-04-02,early_exit,SPY_251P_20200429,11.085,12.18,4,437.99999999999955
2020-04-02,early_exit,SPY_252P_20200429,11.385000000000002,12.555,4,467.99999999999926
2020-04-02,early_exit,SPY_236P_20200501,11.504999999999999,8.05,4,-1381.9999999999993
2020-04-02,early_exit,SPY_237P_20200501,11.835,8.309999999999999,4,-1410.000000000001
2020-04-02,early_exit,SPY_238P_20200501,12.175,8.58,4,-1438.0000000000002
2020-04-02,early_exit,SPY_239P_20200501,12.524999999999999,8.86,4,-1465.9999999999995
2020-04-02,early_exit,SPY_240P_20200501,12.885000000000002,9.145,4,-1496.000000000001
2020-04-03,early_exit,SPY_234P_20200501,10.855,7.199999999999999,4,-1462.0000000000005
2020-04-03,early_exit,SPY_235P_20200501,11.175,7.46,4,-1486.0000000000002
2020-05-21,early_exit,SPY_307C_20200610,1.53,1.42,-4,44.00000000000004
2020-06-12,early_exit,SPY_304P_20200710,4.5600000000000005,10.815000000000001,4,2502.0000000000005
2020-06-12,early_exit,SPY_305P_20200710,4.765000000000001,11.235,1,646.9999999999999
2020-09-18,early_exit,SPY_326P_20200923,2.95,1.275,1,-167.50000000000003
2020-09-18,early_exit,SPY_332P_20200930,3.685,5.26,4,629.9999999999999
2020-09-18,early_exit,SPY_333P_20200930,3.84,5.725,3,565.4999999999999
2020-09-18,early_exit,SPY_329P_20201009,5.905,5.9,4,-1.9999999999999574
2020-09-18,early_exit,SPY_328P_20201014,5.390000000000001,6.195,4,321.9999999999999
2020-09-23,early_exit,SPY_325P_20201009,4.975,7.51,4,1014.0
2020-09-23,early_exit,SPY_325P_20201014,4.66,8.295,4,1454.0
2020-09-23,early_exit,SPY_324P_20201016,4.390000000000001,8.370000000000001,4,1592.0000000000002
2020-09-24,early_exit,SPY_322P_20201016,4.01,7.08,4,1228.0
2020-09-24,early_exit,SPY_323P_20201016,4.195,7.465,4,1307.9999999999998
2020-10-30,early_exit,SPY_335P_20201125,9.49,15.28,4,2315.9999999999995
2020-11-04,early_exit,SPY_342C_20201127,5.47,9.305,4,1534.0
2021-03-02,early_exit,SPY_412C_20210319,0.6,0.125,-4,190.0
2021-03-04,early_exit,SPY_379P_20210310,4.205,6.01,3,541.4999999999999
2021-03-24,early_exit,SPY_380P_20210414,3.17,3.69,2,104.0
2021-03-29,early_exit,SPY_406C_20210423,0.815,2.02,-2,-241.0
2021-03-29,early_exit,SPY_405C_20210423,0.9450000000000001,2.31,-2,-273.0
2021-04-05,early_exit,SPY_410C_20210421,0.79,2.73,-4,-776.0
2021-07-12,early_exit,SPY_435C_20210721,0.73,4.135,-4,-1362.0
2021-07-26,early_exit,SPY_442C_20210818,0.8200000000000001,4.710000000000001,-2,-778.0000000000001
2021-10-04,early_exit,SPY_456C_20211029,0.59,0.26,-4,131.99999999999997
2021-10-25,early_exit,SPY_456C_20211110,0.46499999999999997,3.8600000000000003,-4,-1358.0000000000002
2021-10-25,early_exit,SPY_455C_20211110,0.56,4.455,-4,-1558.0
2021-10-25,early_exit,SPY_454C_20211110,0.6799999999999999,5.1,-4,-1768.0
2021-10-25,early_exit,SPY_456C_20211112,0.46499999999999997,4.24,-4,-1510.0000000000002
2021-10-25,early_exit,SPY_455C_20211112,0.545,4.85,-2,-861.0
2021-11-08,early_exit,SPY_468C_20211117,0.33999999999999997,3.685,-4,-1338.0
2021-12-07,early_exit,SPY_480C_20220105,1.0550000000000002,2.3899999999999997,-4,-533.9999999999998
2021-12-07,early_exit,SPY_479C_20220105,1.2,2.71,-4,-604.0
2021-12-20,early_exit,SPY_481C_20220105,0.925,0.21000000000000002,-4,286.00000000000006
2021-12-20,early_exit,SPY_494C_20220114,0.45499999999999996,0.135,-2,63.99999999999999
2022-01-19,early_exit,SPY_455P_20220128,2.4050000000000002,7.699999999999999,4,2117.9999999999995
2022-01-20,early_exit,SPY_454P_20220128,2.3049999999999997,10.675,4,3348.0000000000005
2022-01-20,early_exit,SPY_448P_20220211,2.7099999999999995,10.760000000000002,3,2415.0000000000005
2022-01-21,early_exit,SPY_444P_20220209,3.3200000000000003,13.075,4,3901.9999999999995
2022-02-03,early_exit,SPY_480C_20220304,0.69,0.45999999999999996,-4,92.0
2022-02-22,early_exit,SPY_428P_20220302,4.96,5.505000000000001,1,54.500000000000085
2022-03-11,early_exit,SPY_418P_20220330,7.22,9.965,4,1098.0
2022-03-11,early_exit,SPY_420P_20220330,7.695,10.815,4,1247.9999999999998
2022-04-27,early_exit,SPY_418P_20220511,4.45,9.115,2,933.0
2022-04-27,early_exit,SPY_423P_20220520,3.295,13.34,2,2009.0
2022-05-05,early_exit,SPY_435C_20220601,3.56,3.2350000000000003,-4,129.9999999999999
2022-05-05,early_exit,SPY_434C_20220601,3.86,3.5250000000000004,-4,133.9999999999998
2022-05-05,early_exit,SPY_445C_20220603,3.33,1.415,-4,766.0
2022-05-05,early_exit,SPY_444C_20220603,3.6399999999999997,1.57,-2,413.9999999999999
2022-05-19,early_exit,SPY_374P_20220617,7.13,6.734999999999999,4,-158.00000000000017
2022-05-19,early_exit,SPY_375P_20220617,7.41,7.015000000000001,4,-157.99999999999983
2022-05-19,early_exit,SPY_376P_20220617,7.695,7.305,4,-156.00000000000023
2022-05-19,early_exit,SPY_377P_20220617,7.995,7.605,4,-155.9999999999999
2022-06-10,early_exit,SPY_393P_20220630,5.35,11.34,4,2396.0
2022-06-10,early_exit,SPY_394P_20220630,5.585,11.86,4,2510.0
2022-06-10,early_exit,SPY_395P_20220630,5.824999999999999,12.39,4,2626.0000000000005
2022-06-10,early_exit,SPY_396P_20220630,6.074999999999999,12.945,4,2748.0000000000005
2022-06-10,early_exit,SPY_397P_20220630,6.335,13.515,4,2872.0000000000005
2022-06-10,early_exit,SPY_398P_20220630,6.605,14.095,4,2996.0
2022-06-10,early_exit,SPY_399P_20220630,6.885,14.71,4,3130.0000000000005
2022-06-10,early_exit,SPY_400P_20220630,7.175000000000001,15.325,2,1629.9999999999998
2022-06-10,early_exit,SPY_390P_20220701,5.205,10.17,4,1986.0
2022-06-10,early_exit,SPY_391P_20220701,5.4399999999999995,10.64,4,2080.0000000000005
2022-06-10,early_exit,SPY_392P_20220701,5.685,11.120000000000001,3,1630.5000000000002
2022-06-10,early_exit,SPY_391P_20220708,4.425000000000001,11.84,1,741.4999999999999
2022-08-26,early_exit,SPY_408P_20220914,2.75,9.219999999999999,1,646.9999999999999
2022-08-29,early_exit,SPY_394P_20220921,4.25,6.630000000000001,2,476.00000000000017
2022-08-29,early_exit,SPY_395P_20220921,4.449999999999999,6.955,1,250.50000000000009
2022-08-29,early_exit,SPY_394P_20220923,4.005,7.109999999999999,2,620.9999999999999
2022-08-29,early_exit,SPY_395P_20220923,4.205,7.4399999999999995,2,646.9999999999999
2022-08-29,early_exit,SPY_396P_20220923,4.41,7.789999999999999,2,675.9999999999998
2022-08-29,early_exit,SPY_397P_20220923,4.625,8.15,2,705.0000000000001
2022-08-29,early_exit,SPY_398P_20220923,4.855,8.52,2,732.9999999999998
2022-08-29,early_exit,SPY_399P_20220923,5.095000000000001,8.91,2,762.9999999999999
2022-08-29,early_exit,SPY_400P_20220923,5.34,9.309999999999999,2,793.9999999999998
2022-08-29,early_exit,SPY_401P_20220923,5.6,9.73,2,826.0000000000001
2022-08-29,early_exit,SPY_402P_20220923,5.945,10.17,4,1689.9999999999998
2022-08-29,early_exit,SPY_403P_20220923,6.154999999999999,10.620000000000001,2,893.0000000000003
2022-08-29,early_exit,SPY_404P_20220923,6.455,11.09,2,927.0
2022-08-29,early_exit,SPY_405P_20220923,6.76,11.559999999999999,1,479.9999999999999
2022-08-30,early_exit,SPY_393P_20220923,3.815,7.970000000000001,2,831.0000000000002
2022-09-14,early_exit,SPY_378P_20221007,4.395,4.32,2,-14.999999999999858
2022-09-14,early_exit,SPY_380P_20221007,4.83,4.800000000000001,2,-5.999999999999872
2022-09-14,early_exit,SPY_381P_20221007,5.0600000000000005,5.0600000000000005,2,0.0
2022-09-14,early_exit,SPY_382P_20221007,5.3100000000000005,5.33,2,3.9999999999999147
2022-09-14,early_exit,SPY_383P_20221007,5.5600000000000005,5.605,2,8.999999999999986
2022-09-14,early_exit,SPY_384P_20221007,5.82,5.895,2,14.999999999999858
2022-09-14,early_exit,SPY_385P_20221007,6.095000000000001,6.199999999999999,2,20.99999999999973
2022-09-14,early_exit,SPY_386P_20221007,6.380000000000001,6.51,2,25.9999999999998
2022-09-14,early_exit,SPY_387P_20221007,6.67,6.84,2,33.999999999999986
2022-09-14,early_exit,SPY_388P_20221007,6.98,7.18,2,39.99999999999986
2022-09-14,early_exit,SPY_389P_20221007,7.300000000000001,7.535,2,46.999999999999886
2022-09-14,early_exit,SPY_390P_20221007,7.630000000000001,7.904999999999999,2,54.999999999999716
2022-09-14,early_exit,SPY_391P_20221007,7.970000000000001,8.29,2,63.9999999999997
2022-09-14,early_exit,SPY_392P_20221007,8.325,8.675,2,70.00000000000028
2022-09-14,early_exit,SPY_393P_20221007,8.695,9.095,2,80.00000000000007
2022-09-14,early_exit,SPY_392P_20221012,4.175000000000001,9.385,2,1041.9999999999998
2022-09-14,early_exit,SPY_394P_20221012,4.605,10.23,2,1125.0
2022-09-14,early_exit,SPY_395P_20221012,4.84,10.684999999999999,2,1168.9999999999998
2022-09-14,early_exit,SPY_396P_20221012,5.08,11.14,2,1212.0
2022-09-15,early_exit,SPY_376P_20220930,4.8149999999999995,3.425,2,-277.99999999999994
2022-09-30,early_exit,SPY_348P_20221026,6.345,6.475,2,25.99999999999998
2022-09-30,early_exit,SPY_350P_20221026,6.89,7.1,2,41.99999999999999
2022-10-11,early_exit,SPY_359P_20221104,4.859999999999999,11.399999999999999,2,1307.9999999999998
2022-11-03,early_exit,SPY_360P_20221123,5.210000000000001,4.095000000000001,2,-223.00000000000006
2022-12-16,early_exit,SPY_382P_20221223,2.9450000000000003,3.87,2,184.99999999999997
2022-12-16,early_exit,SPY_383P_20221223,3.035,4.1,2,212.9999999999999
2022-12-16,early_exit,SPY_384P_20221223,3.225,4.595000000000001,2,274.0000000000001
2022-12-16,early_exit,SPY_385P_20221223,3.415,5.135,2,343.99999999999994
2022-12-16,early_exit,SPY_386P_20221223,3.625,5.765,2,427.99999999999994
2022-12-16,early_exit,SPY_388P_20221230,3.025,8.165,2,1027.9999999999998
2022-12-16,early_exit,SPY_389P_20221230,3.215,8.795,2,1116.0
2022-12-16,early_exit,SPY_390P_20221230,3.41,9.455,2,1209.0
2022-12-16,early_exit,SPY_391P_20221230,3.62,10.045,2,1285.0
2022-12-16,early_exit,SPY_376P_20230106,4.045,4.23,2,37.0000000000001
2022-12-16,early_exit,SPY_377P_20230106,4.28,4.55,2,53.999999999999915
2022-12-19,early_exit,SPY_374P_20230106,3.6,4.085,2,96.99999999999997
2022-12-19,early_exit,SPY_375P_20230106,3.815,4.42,2,121.0
2022-12-19,early_exit,SPY_380P_20230113,2.87,8.16,2,1058.0
2023-01-06,early_exit,SPY_389C_20230127,4.475,6.965,2,498.00000000000006
2023-01-06,early_exit,SPY_388C_20230127,4.935,7.51,4,1030.0
2023-01-06,early_exit,SPY_387C_20230127,5.225,8.07,2,569.0000000000001
2023-01-09,early_exit,SPY_391C_20230127,3.8,5.8100000000000005,2,402.0000000000001
2023-01-09,early_exit,SPY_390C_20230127,4.125,6.305,2,435.99999999999994
2023-01-10,early_exit,SPY_395C_20230127,2.665,4.6899999999999995,2,404.9999999999999
2023-01-10,early_exit,SPY_394C_20230127,2.92,5.15,2,446.0000000000001
2023-01-10,early_exit,SPY_393C_20230127,3.2,5.635,2,486.99999999999994
2023-01-10,early_exit,SPY_392C_20230127,3.415,5.88,4,986.0
2023-02-24,early_exit,SPY_392P_20230303,2.1550000000000002,1.98,4,-70.00000000000011
2023-02-24,early_exit,SPY_393P_20230303,2.255,2.29,2,7.000000000000028
2023-02-24,early_exit,SPY_394P_20230303,2.4050000000000002,2.63,2,44.99999999999993
2023-02-24,early_exit,SPY_395P_20230310,3.3049999999999997,4.99,2,337.0000000000001
2023-03-10,early_exit,SPY_395P_20230317,2.665,11.675,2,1802.0000000000002
2023-03-10,early_exit,SPY_396P_20230317,2.825,12.61,2,1957.0
2023-03-10,early_exit,SPY_397P_20230317,2.9850000000000003,13.405000000000001,2,2084.0000000000005
2023-03-10,early_exit,SPY_398P_20230317,3.16,14.0,1,1084.0
2023-03-13,early_exit,SPY_394P_20230317,2.5149999999999997,11.0,2,1697.0
2023-07-18,early_exit,SPY_456C_20230728,0.485,2.8200000000000003,-2,-467.00000000000006
2023-07-18,early_exit,SPY_455C_20230728,0.575,3.295,-2,-544.0
2023-07-18,early_exit,SPY_454C_20230728,0.6799999999999999,3.8200000000000003,-2,-628.0000000000001
2023-07-19,early_exit,SPY_458C_20230728,0.345,2.3049999999999997,-2,-391.99999999999994
2023-07-25,early_exit,SPY_462C_20230804,0.65,1.4649999999999999,-2,-162.99999999999997
2023-08-18,early_exit,SPY_428P_20230901,1.66,2.1900000000000004,2,106.0000000000001
2023-09-22,early_exit,SPY_425P_20231006,1.6150000000000002,2.895,2,255.99999999999997
2023-09-27,early_exit,SPY_424P_20231006,1.525,3.3,2,355.0
2023-10-25,early_exit,SPY_416P_20231110,1.66,5.195,2,707.0
2023-10-26,early_exit,SPY_415P_20231110,1.56,6.585,2,1005.0000000000001
2023-10-26,early_exit,SPY_411P_20231117,2.67,6.115,2,689.0
2023-10-26,early_exit,SPY_412P_20231117,2.8,6.484999999999999,2,736.9999999999999
2023-10-26,early_exit,SPY_413P_20231117,2.95,6.875,2,785.0
2023-10-26,early_exit,SPY_414P_20231117,3.0999999999999996,7.29,2,838.0000000000001
2023-12-11,early_exit,SPY_472C_20231215,0.425,0.165,-2,52.0
2023-12-11,early_exit,SPY_471C_20231215,0.495,0.235,-2,52.0
2023-12-11,early_exit,SPY_470C_20231215,0.575,0.335,-2,47.999999999999986
2023-12-15,early_exit,SPY_470C_20231222,0.795,2.565,-2,-354.0
2023-12-15,early_exit,SPY_468C_20231222,1.1,3.8,-2,-540.0
2023-12-15,early_exit,SPY_467C_20231222,1.2850000000000001,4.51,-2,-644.9999999999999
2023-12-18,early_exit,SPY_472C_20231222,0.5700000000000001,2.12,-2,-310.0
2023-12-19,early_exit,SPY_474C_20231229,0.45,3.8499999999999996,-2,-679.9999999999999
2023-12-19,early_exit,SPY_473C_20231229,0.53,4.470000000000001,-2,-788.0000000000001
2023-12-21,early_exit,SPY_475C_20231229,0.375,2.365,-2,-398.00000000000006
2024-01-22,early_exit,SPY_490C_20240202,0.64,1.625,-2,-197.0
2024-01-29,early_exit,SPY_495C_20240209,0.8,2.675,-2,-374.99999999999994
2024-03-07,early_exit,SPY_519C_20240315,0.87,2.05,-2,-235.99999999999994
2024-03-07,early_exit,SPY_518C_20240315,0.995,2.42,-2,-284.99999999999994
2024-03-07,early_exit,SPY_516C_20240322,1.145,4.45,-2,-661.0
2024-03-11,early_exit,SPY_523C_20240315,0.485,0.255,-2,46.0
2024-03-11,early_exit,SPY_522C_20240315,0.56,0.345,-2,43.000000000000014
2024-03-11,early_exit,SPY_521C_20240315,0.65,0.455,-2,39.0
2024-03-11,early_exit,SPY_520C_20240315,0.75,0.595,-2,31.000000000000007
2024-03-15,early_exit,SPY_518C_20240322,0.885,1.04,-2,-31.000000000000007
2024-03-18,early_exit,SPY_522C_20240322,0.53,0.56,-2,-6.000000000000005
2024-03-18,early_exit,SPY_520C_20240322,0.69,0.95,-2,-52.0
2024-05-14,early_exit,SPY_530C_20240524,0.76,1.8050000000000002,-2,-209.00000000000003
2024-06-17,early_exit,SPY_544C_20240621,1.47,3.875,-2,-481.00000000000006
2024-06-17,early_exit,SPY_543C_20240621,1.6949999999999998,4.67,-2,-595.0
2024-07-10,early_exit,SPY_561C_20240726,1.55,5.57,-2,-804.0000000000001
2024-07-10,early_exit,SPY_562C_20240731,1.14,5.99,-2,-970.0000000000001
2024-07-10,early_exit,SPY_561C_20240731,1.32,6.58,-2,-1052.0
2024-07-10,early_exit,SPY_560C_20240731,1.525,7.199999999999999,-2,-1134.9999999999998
2024-07-10,early_exit,SPY_559C_20240731,1.755,7.855,-2,-1220.0
2024-07-10,early_exit,SPY_558C_20240731,2.01,8.525,-2,-1303.0
2024-07-15,early_exit,SPY_562C_20240726,1.355,4.4350000000000005,-2,-616.0000000000001
2024-07-15,early_exit,SPY_564C_20240731,0.84,4.515000000000001,-2,-735.0000000000001
2024-07-15,early_exit,SPY_563C_20240731,0.98,5.025,-2,-809.0
2024-07-16,early_exit,SPY_566C_20240731,0.605,4.8100000000000005,-2,-841.0
2024-07-16,early_exit,SPY_565C_20240731,0.715,5.35,-2,-927.0
2024-07-24,early_exit,SPY_570C_20240731,0.315,0.10500000000000001,-2,42.0
2024-07-24,early_exit,SPY_567C_20240731,0.515,0.155,-2,72.0
2024-07-24,early_exit,SPY_575C_20240802,0.45999999999999996,0.125,-2,67.0
2024-07-24,early_exit,SPY_570C_20240802,0.97,0.215,-2,151.0
2024-07-24,early_exit,SPY_580C_20240809,1.1749999999999998,0.125,-2,209.99999999999997
2024-09-26,early_exit,SPY_575C_20241011,1.48,4.890000000000001,-2,-682.0000000000001
2024-09-27,early_exit,SPY_576C_20241011,1.3,4.07,-2,-554.0000000000001
2024-09-30,early_exit,SPY_579C_20241011,0.87,3.145,-2,-455.0
2024-09-30,early_exit,SPY_578C_20241011,1.0,3.5949999999999998,-2,-519.0
2024-09-30,early_exit,SPY_577C_20241011,1.14,4.0600000000000005,-2,-584.0000000000001
2024-10-01,early_exit,SPY_580C_20241011,0.76,1.57,-2,-162.0
2024-10-28,early_exit,SPY_590C_20241101,1.665,0.825,-2,168.00000000000003
2025-01-27,early_exit,SPY_615C_20250214,1.455,2.145,-2,-138.0
2025-03-04,early_exit,SPY_583P_20250321,2.12,12.485,2,2072.9999999999995
2025-03-10,early_exit,SPY_570P_20250328,4.039999999999999,17.185000000000002,2,2629.0000000000005
2025-03-11,early_exit,SPY_565P_20250328,3.35,16.115000000000002,2,2553.0000000000005
2025-03-11,early_exit,SPY_560P_20250404,5.68,15.120000000000001,2,1888.0000000000002
2025-04-03,early_exit,SPY_544P_20250411,8.629999999999999,12.695,2,813.0000000000002
2025-04-04,early_exit,SPY_531P_20250411,5.574999999999999,29.28,2,4741.0
2025-04-04,early_exit,SPY_532P_20250411,5.765000000000001,30.045,2,4856.0
2025-04-04,early_exit,SPY_533P_20250411,5.965,30.785,2,4964.0
2025-04-04,early_exit,SPY_534P_20250411,6.165,31.575,2,5082.0
2025-04-04,early_exit,SPY_535P_20250411,6.385,32.335,2,5190.000000000001
2025-04-04,early_exit,SPY_536P_20250411,6.6,33.144999999999996,2,5308.999999999999
2025-04-04,early_exit,SPY_537P_20250411,6.83,33.95,2,5424.000000000001
2025-04-04,early_exit,SPY_538P_20250411,7.0649999999999995,34.77,2,5541.000000000001
2025-04-04,early_exit,SPY_539P_20250411,7.305,35.615,2,5662.0
2025-04-04,early_exit,SPY_540P_20250411,7.55,36.455,2,5780.999999999999
2025-04-04,early_exit,SPY_541P_20250411,7.8100000000000005,37.265,2,5891.0
2025-04-04,early_exit,SPY_542P_20250411,8.07,38.14,2,6014.0
2025-04-04,early_exit,SPY_543P_20250411,8.34,39.01,2,6134.0
2025-04-30,early_exit,SPY_565C_20250509,6.445,4.04,-2,481.00000000000006
2025-05-13,early_exit,SPY_582C_20250530,3.125,11.355,-2,-1646.0
2025-05-13,early_exit,SPY_589C_20250606,2.355,8.74,-2,-1277.0
2025-05-13,early_exit,SPY_588C_20250606,2.565,9.315,-2,-1350.0
2025-05-13,early_exit,SPY_587C_20250606,2.795,9.91,-2,-1423.0
2025-05-13,early_exit,SPY_586C_20250606,3.04,10.52,-2,-1496.0
2025-05-13,early_exit,SPY_585C_20250606,3.3,11.149999999999999,-2,-1569.9999999999998
2025-05-13,early_exit,SPY_584C_20250606,3.58,11.8,-2,-1644.0000000000002
2025-05-13,early_exit,SPY_583C_20250606,3.87,12.465,-2,-1718.9999999999998
2025-05-13,early_exit,SPY_582C_20250606,4.18,13.145,-2,-1793.0
2025-07-01,early_exit,SPY_623C_20250718,1.43,4.8149999999999995,-2,-677.0
2025-07-02,early_exit,SPY_624C_20250718,1.28,5.295,-2,-802.9999999999999
2025-07-03,early_exit,SPY_625C_20250711,1.355,4.775,-2,-684.0000000000001
2025-07-03,early_exit,SPY_625C_20250718,1.14,7.105,-2,-1193.0000000000002
2025-07-03,early_exit,SPY_630C_20250725,1.605,6.18,-2,-914.9999999999999
2025-09-15,early_exit,SPY_660C_20250919,1.42,3.635,-2,-443.0
